customer_id,customer_name,email,phone,city,gender,age,registration_date
1,Anika Chopra,anika.chopra192@hotmail.com,+91-9538858853,Kanpur,Female,42,2024-01-15
2,Saanvi Nair,saanvi.nair271@rediffmail.com,8845704358,Ludhiana,Female,69,2019-08-18
3,Pari Bansal,pari.bansal488@rediffmail.com,7905954393,Ludhiana,Female,44,2022-04-20
4,Sneha Bansal,sneha.bansal26@gmail.com,8659601689,Bhopal,Male,42,2021-04-30
5,Divya Singh,divya.singh27@gmail.com,9016850733,Vadodara,Male,64,2020-04-29
6,Rahul Pillai,rahul.pillai748@hotmail.com,9940080032,Kanpur,Other,57,2019-11-24
7,Deepak Desai,deepak.desai982@yahoo.com,7372373756,Pune,Other,20,2021-07-16
8,Riya Gupta,riya.gupta648@gmail.com,7432221441,Bengaluru,Other,19,2020-04-25
9,Karan Chopra,karan.chopra403@yahoo.com,7791330253,Ludhiana,Male,31,2020-01-12
10,Anjali Singh,anjali.singh739@hotmail.com,8654749995,Lucknow,Female,60,2022-12-28
11,,shreya.verma270@hotmail.com,8951366770, Pune ,Female,160,2022-07-16
12,Sai Rao,sai.rao200@outlook.com,9719942234,Patna,Male,19,2021-04-21
13,Kritika Iyer,kritika.iyer244@outlook.com,8107261662,Kolkata,Other,48,2024-06-21
14,Vivaan Singh,vivaan.singh686@yahoo.com,9725015754,Agra,Female,56,2022-08-12
15,Kritika Kumar,kritika.kumar187@yahoo.com,9765276476,Nagpur,Male,33,2024-07-28
16,Sneha Agarwal,sneha.agarwal801@gmail.com,7922373776,Delhi,Female,55,2020-02-04
17,Sanjay Singh,sanjay.singh896@rediffmail.com,7981156,Bengaluru,Male,24,2019-02-25
18,Rohan Sharma,rohan.sharma203@outlook.com,9376169798,Nagpur,Other,24,2023-12-22
19,Ayaan Reddy,ayaan.reddy841@yahoo.com,7665254422,Hyderabad,Other,31,2023-08-02
20,Pooja Reddy,pooja.reddy9@gmail.com,7257547788,Pune,Other,52,2019-05-26
21,Aadhya Joshi,aadhya.joshi23@gmail.com,8076621465,Bhopal,Female,22,2024-10-23
22,Sanjay Malhotra,sanjay.malhotra412@rediffmail.com,7658098528,Kanpur,Other,33,2023-12-01
22,Sanjay Malhotra,sanjay.malhotra412@rediffmail.com,7658098528,Kanpur,Other,33,2023-12-01
23,,suresh.iyer749@rediffmail.com,8803288487,PUNE,Male,162,2019-02-22
24,Aarav Gupta,aarav.gupta724@hotmail.com,8079786153,Vadodara,Female,58,2024-10-08
25,Priya Mehta,priya.mehta965@outlook.com,9834340372,Mumbai,Male,38,2021-12-18
26,Saanvi Desai,saanvi.desai125@gmail.com,7627530107,Pune,Male,57,2022-01-15
26,Saanvi Desai,saanvi.desai125@gmail.com,7627530107,Pune,Male,57,2022-01-15
27,,sanjay.pillai82@gmail.com,8188650852, Agra ,Other,158,2019-09-02
28,Arjun Verma,arjun.verma292@outlook.com,8898764507,Jaipur,Male,44,2024-09-21
29,Ayaan Iyer,ayaan.iyer821@outlook.com,7744940514,Jaipur,Female,40,2023-05-06
30,Amit Malhotra,amit.malhotra166@gmail.com,8014414087,Patna,Male,65,2023-12-04
31,Pooja Reddy,pooja.reddy870@outlook.com,7546624266,Pune,Female,23,2019-04-05
32,Aditya Bhatt,aditya.bhatt704@outlook.com,8320499130,Bhopal,Female,22,2023-05-20
33,Vivaan Joshi,vivaan.joshi381@yahoo.com,9832048945,Kolkata,Female,39,2020-07-30
34,Krishna Verma,krishna.verma237@gmail.com,9274700123,Kanpur,Male,63,2019-01-16
35,Sai Chopra,sai.chopra598@gmail.com,7306406443,Ahmedabad,Male,57,2021-12-24
36,Sanjay Kumar,sanjay.kumar873@gmail.com,9436119740,Bhopal,Male,51,2020-12-21
37,Ayaan Kapoor,ayaan.kapoor599@gmail.com,7720586,Indore,Other,57,2022-03-29
38,Aadhya Agarwal,aadhya.agarwal933@rediffmail.com,7618666993,Nagpur,Female,43,2019-05-16
39,Myra Patel,myra.patel923@hotmail.com,7077995132,Hyderabad,Other,31,2021-11-23
40,Divya Desai,divya.desai85@rediffmail.com,+91-8141016995,Ludhiana,Other,57,2024-03-09
41,Vivaan Joshi,vivaan.joshi616@rediffmail.com,8570271477,Ahmedabad,Female,29,2024-05-20
42,Isha Pillai,isha.pillai618@rediffmail.com,8850393143,Jaipur,Female,24,2021-07-30
43,Ishaan Rao,ishaan.rao639@rediffmail.com,9250724333,Hyderabad,Male,17,2023-01-30
44,Sai Bansal,sai.bansal603@outlook.com,9164060735,Vadodara,Female,69,2021-12-08
45,Priya Gupta,priya.gupta516@outlook.com,8964429550,Ludhiana,Female,18,2023-07-03
46,Sanjay Singh,sanjay.singh901@hotmail.com,7106689945,Hyderabad,Male,65,2023-08-22
47,Amit Kapoor,amit.kapoor997@rediffmail.com,7087103615,Nagpur,Male,18,2022-12-01
48,Anjali Verma,anjali.verma336@hotmail.com,8603800904,Hyderabad,Other,51,2021-01-17
48,Anjali Verma,anjali.verma336@hotmail.com,8603800904,Hyderabad,Other,51,2021-01-17
49,,deepak.kapoor867@yahoo.com,7635084703,kanpur,Male,197,2020-03-14
50,Aadhya Bansal,aadhya.bansal347@rediffmail.com,7683196531,Lucknow,Female,33,2020-09-21
51,Arjun Nair,arjun.nair373@gmail.com,8680271427,Kolkata,Male,69,2020-07-10
52,Rahul Chopra,rahul.chopra212@hotmail.com,9219366660,Bengaluru,Other,44,2022-08-18
53,Amit Bhatt,amit.bhatt771yahoo.com,9329399945,Nashik,Female,35,2024-06-17
53,Amit Bhatt,amit.bhatt771yahoo.com,9329399945,Nashik,Female,35,2024-06-17
54,,meera.joshi737outlook.com,9205254917,Hyderabad  ,Other,165,2022-05-28
55,Rahul Kumar,rahul.kumar52@outlook.com,9576703640,Pune,Female,30,2019-04-01
56,Riya Sharma,riya.sharma941@hotmail.com,8117597876,Agra,Other,60,2019-09-19
57,Meera Iyer,meera.iyer451@hotmail.com,9553587582,Nagpur,Male,44,2022-02-07
58,Anika Malhotra,anika.malhotra942@outlook.com,9318498200,Bengaluru,Male,28,2023-10-22
59,Deepak Verma,deepak.verma4@gmail.com,8814818088,Ahmedabad,Female,34,2022-10-11
60,Riya Patel,riya.patel320@hotmail.com,7806112222,Agra,Female,60,2023-05-22
61,Priya Bansal,priya.bansal898@gmail,+91-9814295084,Chennai,Female,30,2020-07-30
62,Pari Iyer,pari.iyer36yahoo.com,8669511971,Lucknow,Other,29,2021-06-18
63,Pooja Chopra,pooja.chopra693@outlook.com,9126471505,Delhi,Other,24,2019-06-03
64,Priya Gupta,priya.gupta682@hotmail.com,9612565468,Kanpur,Other,36,2022-02-17
65,Priya Chopra,priya.chopra935@rediffmail,7552022844,Agra,Male,23,2024-11-07
65,Priya Chopra,priya.chopra935@rediffmail,7552022844,Agra,Male,23,2024-11-07
66,,saanvi.agarwal636@gmail.com,8907347110,Pune  ,Male,126,2021-10-23
67,Suresh Kumar,suresh.kumar484@rediffmail.com,+91-8091641049,Ahmedabad,Female,62,2024-08-22
68,Manish Agarwal,manish.agarwal309@gmail.com,9786283085,Surat,Male,70,2020-08-19
69,Amit Singh,amit.singh381@gmail.com,8378357225,Pune,Female,51,2023-04-01
70,Arjun Pillai,arjun.pillai907@outlook.com,9710330624,Kanpur,Other,48,2024-07-25
71,Diya Rao,diya.rao699@rediffmail.com,7968834909,Hyderabad,Male,23,2023-02-12
72,Diya Agarwal,diya.agarwal400@hotmail.com,9318629541,Lucknow,Female,37,2019-05-07
73,Saanvi Sharma,saanvi.sharma803@yahoo.com,7198090626,Kanpur,Female,66,2024-01-13
74,Pooja Chopra,pooja.chopra617@gmail.com,9271173715,Jaipur,Female,66,2023-12-31
75,Shreya Malhotra,shreya.malhotra172@outlook.com,8582539303,Ludhiana,Other,27,2023-06-10
76,Vivaan Kumar,vivaan.kumar831hotmail.com,7611140501,Delhi,Other,40,2021-01-20
77,Manish Kumar,manish.kumar525@gmail.com,8029015693,Nashik,Female,62,2019-12-20
78,Riya Chopra,riya.chopra284@hotmail.com,9754047136,Mumbai,Other,70,2022-12-17
79,Anjali Malhotra,anjali.malhotra170@rediffmail.com,7791506551,Vadodara,Other,37,2022-01-21
80,Karan Gupta,karan.gupta969@gmail.com,9361705498,Indore,Other,17,2021-10-02
81,Suresh Pillai,suresh.pillai334@outlook.com,+91-8400161714,Mumbai,Female,41,2022-10-09
82,Reyansh Malhotra,reyansh.malhotra982@outlook.com,849083090,Bengaluru,Male,53,2024-11-05
83,Isha Iyer,isha.iyer818@hotmail.com,9093662122,Ahmedabad,Other,59,2021-07-11
84,Meera Verma,meera.verma867@gmail.com,9395712362,Kolkata,Other,50,2019-09-29
85,Neha Malhotra,neha.malhotra657@hotmail.com,9348381137,Patna,Male,61,2024-03-26
86,Nikhil Chopra,nikhil.chopra170@rediffmail.com,9118526747,Ahmedabad,Male,20,2023-04-13
87,Vihaan Kapoor,vihaan.kapoor994@outlook.com,8086370251,Kanpur,Other,60,2024-10-17
88,Sneha Patel,sneha.patel384@outlook.com,8912534445,Mumbai,Male,26,2023-09-25
88,Sneha Patel,sneha.patel384@outlook.com,8912534445,Mumbai,Male,26,2023-09-25
89,,amit.rao401@rediffmail.com,7967507920, Kanpur ,Male,165,2024-02-13
90,Krishna Patel,krishna.patel73@hotmail.com,7833257873,Nagpur,Female,54,2022-11-01
91,Karan Bhatt,karan.bhatt192@rediffmail.com,7161194177,Jaipur,Female,34,2019-11-28
92,Ayaan Joshi,ayaan.joshi873@rediffmail.com,8733579967,Surat,Female,18,2020-07-21
93,Kritika Verma,kritika.verma733@outlook.com,8426334221,Mumbai,Male,33,2022-09-11
94,Anika Mehta,anika.mehta99@gmail.com,7782127990,Lucknow,Male,65,2024-04-17
95,Sneha Sharma,sneha.sharma95@rediffmail.com,8418882858,Ahmedabad,Other,53,2024-11-23
96,Pari Bhatt,pari.bhatt826@gmail.com,8524560165,Lucknow,Male,25,2022-12-04
97,Ishaan Rao,ishaan.rao520@gmail.com,9454222787,Agra,Other,17,2021-06-30
98,Meera Mehta,meera.mehta294@hotmail.com,9002529656,Lucknow,Other,68,2020-11-27
99,Meera Desai,meera.desai214@yahoo.com,8609319653,Indore,Female,68,2022-10-26
100,Ayaan Joshi,ayaan.joshi739@hotmail.com,9010736998,Nagpur,Male,28,2023-01-17
101,Vihaan Patel,vihaan.patel443gmail.com,7407200838,Ludhiana,Other,50,2024-05-15
101,Vihaan Patel,vihaan.patel443gmail.com,7407200838,Ludhiana,Other,50,2024-05-15
102,,aadhya.verma672@rediffmail.com,8170964715,Jaipur  ,Other,147,2022-02-13
103,Sunita Chopra,sunita.chopra856@outlook.com,9742959631,Mumbai,Female,54,2022-04-19
104,Riya Bansal,riya.bansal627yahoo.com,8317299529,Hyderabad,Female,22,2019-02-21
105,Amit Desai,amit.desai664@rediffmail.com,7416384091,Delhi,Other,52,2020-09-07
106,Divya Sharma,divya.sharma451@outlook.com,7172862806,Pune,Female,39,2023-07-16
107,Riya Rao,riya.rao281@outlook.com,9665091604,Mumbai,Male,56,2020-08-01
108,Sunita Bhatt,sunita.bhatt150@yahoo.com,7470641057,Delhi,Female,62,2021-02-20
109,Ishaan Kumar,ishaan.kumar901@outlook.com,9797058264,Bhopal,Male,49,2022-02-14
110,Ishaan Bhatt,ishaan.bhatt654@hotmail.com,+91-7842153791,Kolkata,Male,50,2020-06-28
111,Karan Bansal,karan.bansal5@outlook.com,8594222290,Vadodara,Female,60,2024-05-14
112,Amit Kapoor,amit.kapoor321@outlook.com,9692828223,Kolkata,Female,38,2023-10-25
113,Aarav Malhotra,aarav.malhotra955@rediffmail.com,9023990719,Nagpur,Male,70,2024-04-20
114,Pari Chopra,pari.chopra145hotmail.com,8518946616,Bengaluru,Female,65,2020-11-10
115,Ayaan Iyer,ayaan.iyer724@outlook.com,7744609942,Bhopal,Other,53,2023-12-04
116,Aditya Chopra,aditya.chopra168@gmail.com,9067839432,Delhi,Male,32,2024-04-29
117,Rohan Desai,rohan.desai311@hotmail.com,9057939478,Kanpur,Male,65,2019-12-31
118,Aadhya Mehta,aadhya.mehta813@rediffmail.com,741580024,Ahmedabad,Female,36,2023-06-12
119,Diya Pillai,diya.pillai474@gmail.com,9419821366,Delhi,Male,43,2023-08-15
120,Kritika Pillai,kritika.pillai428@yahoo.com,8904755953,Pune,Other,60,2023-07-29
121,Kavya Chopra,kavya.chopra188@outlook.com,+91-7604971027,Surat,Other,35,2021-03-19
122,Karan Pillai,karan.pillai624@gmail.com,8246552231,Surat,Female,69,2020-11-21
123,Kavya Agarwal,kavya.agarwal921@hotmail.com,9017037633,Ludhiana,Male,67,2019-03-11
124,Rahul Bansal,rahul.bansal210@gmail.com,9834899247,Indore,Female,26,2022-02-10
125,Myra Bhatt,myra.bhatt239yahoo.com,9901121850,Agra,Other,66,2019-08-12
126,Sneha Bansal,sneha.bansal166@yahoo,8059594247,Nagpur,Other,35,2019-01-12
127,Aadhya Gupta,aadhya.gupta871@hotmail.com,7681103882,Patna,Male,70,2024-10-17
128,Anika Kumar,anika.kumar681@outlook.com,8475483020,Surat,Female,25,2023-08-09
129,Aarav Chopra,aarav.chopra70@hotmail.com,7616512507,Nagpur,Male,37,2024-05-29
130,Rohan Bansal,rohan.bansal123@gmail.com,8841977145,Patna,Female,39,2021-04-10
131,Shreya Patel,shreya.patel737@hotmail.com,8496616624,Nagpur,Other,27,2019-10-27
132,Manish Agarwal,manish.agarwal641@rediffmail.com,9291848891,Hyderabad,Other,19,2021-05-09
133,Anjali Rao,anjali.rao743@hotmail.com,8359405225,Ludhiana,Female,48,2020-07-24
134,Deepak Patel,deepak.patel595@gmail.com,7393927300,Mumbai,Other,45,2023-01-09
135,Rahul Verma,rahul.verma432@gmail.com,7036965247,Indore,Other,35,2020-07-23
136,Anjali Sharma,anjali.sharma961@gmail.com,9375280192,Mumbai,Other,64,2024-06-23
137,Pooja Kumar,pooja.kumar54@rediffmail.com,9121880249,Kanpur,Other,49,2020-07-24
138,Pooja Bansal,pooja.bansal707@yahoo.com,8550664154,Kanpur,Female,16,2019-03-31
139,Suresh Kumar,suresh.kumar201@hotmail.com,7414993924,Patna,Female,46,2019-09-01
140,Sanjay Malhotra,sanjay.malhotra498@gmail.com,8203656528,Nagpur,Male,26,2022-10-22
141,Suresh Joshi,suresh.joshi412@yahoo.com,7553771679,Ahmedabad,Other,29,2024-12-01
142,Nikhil Desai,nikhil.desai386@rediffmail.com,7627986584,Bhopal,Female,49,2019-06-09
143,Amit Iyer,amit.iyer743@outlook.com,8296266758,Nashik,Female,56,2021-05-23
144,Ananya Mehta,ananya.mehta877@rediffmail.com,9065131983,Hyderabad,Other,52,2022-06-03
145,Karan Malhotra,karan.malhotra996@yahoo.com,7973319210,Nagpur,Other,28,2021-09-04
146,Rohan Verma,rohan.verma960@hotmail.com,822551050,Jaipur,Male,63,2022-07-29
147,Saanvi Sharma,saanvi.sharma297@yahoo.com,7473777744,Kolkata,Female,32,2022-01-29
148,Riya Mehta,riya.mehta38@yahoo.com,9576099554,Kolkata,Female,26,2021-10-26
149,,riya.kapoor547outlook.com,+91-8127944456,CHENNAI,Male,152,2019-01-14
150,Riya Pillai,riya.pillai694@yahoo.com,7907720790,Kanpur,Male,17,2019-03-13
151,Aarav Singh,aarav.singh425@hotmail.com,+91-7581549660,Hyderabad,Other,25,2021-07-18
152,Sunita Desai,sunita.desai43@rediffmail.com,7554132936,Surat,Other,17,2022-08-03
153,Rahul Joshi,rahul.joshi658@gmail.com,8626757515,Hyderabad,Other,54,2022-10-12
154,Aarav Verma,aarav.verma249@outlook.com,8317590073,Lucknow,Female,27,2023-01-04
155,Anjali Desai,anjali.desai856@hotmail.com,9315211431,Ludhiana,Female,67,2024-10-20
156,Myra Agarwal,myra.agarwal411@hotmail.com,+91-9858917542,Ludhiana,Other,63,2022-11-23
157,Amit Sharma,amit.sharma45@yahoo.com,7134319407,Ludhiana,Female,30,2021-10-11
158,Saanvi Bhatt,saanvi.bhatt118@outlook.com,8151664509,Delhi,Other,60,2024-05-09
159,Aadhya Mehta,aadhya.mehta998rediffmail.com,9998801840,Delhi,Other,30,2022-09-12
160,Sanjay Sharma,sanjay.sharma631@rediffmail,7499667544,Vadodara,Female,16,2022-08-21
161,Amit Sharma,amit.sharma175@gmail.com,8516117591,Vadodara,Female,26,2024-02-13
162,Diya Patel,diya.patel953gmail.com,9772305774,Ahmedabad,Female,67,2024-11-11
163,Myra Kumar,myra.kumar478@yahoo.com,8449754356,Kolkata,Male,26,2019-12-13
164,Ananya Gupta,ananya.gupta466hotmail.com,9261764944,Indore,Female,40,2020-10-31
165,Neha Chopra,neha.chopra490@outlook.com,9605589752,Pune,Other,33,2019-07-19
166,Vihaan Bhatt,vihaan.bhatt724@outlook.com,+91-9580733910,Ahmedabad,Male,34,2020-06-07
167,Saanvi Joshi,saanvi.joshi327@gmail.com,9522177519,Indore,Male,34,2023-02-25
168,Vivaan Kapoor,vivaan.kapoor246@outlook.com,8321041259,Kolkata,Other,24,2023-11-17
169,Amit Pillai,amit.pillai653@outlook.com,8377840840,Ahmedabad,Other,31,2022-12-25
170,Deepak Mehta,deepak.mehta316gmail.com,9955621687,Surat,Male,41,2019-12-08
171,Sunita Agarwal,sunita.agarwal969outlook.com,7771199149,Mumbai,Male,69,2019-02-01
172,Pooja Joshi,pooja.joshi174@yahoo.com,9917160349,Mumbai,Other,37,2019-05-14
173,Meera Singh,meera.singh394@outlook.com,9755715778,Indore,Other,56,2022-03-20
174,Saanvi Verma,saanvi.verma763rediffmail.com,9273247772,Ludhiana,Male,69,2020-11-13
175,Anika Singh,anika.singh363@outlook.com,8461272410,Indore,Other,52,2023-02-09
176,Amit Pillai,amit.pillai183@yahoo.com,9538693175,Bhopal,Male,18,2022-12-13
177,Neha Agarwal,neha.agarwal163@yahoo.com,8834502667,Kolkata,Male,51,2023-05-18
178,Sneha Nair,sneha.nair281@outlook,7533935454,Kolkata,Other,68,2023-10-08
179,Kavya Kumar,kavya.kumar653@outlook.com,8442543442,Bhopal,Female,64,2024-11-18
180,Ayaan Reddy,ayaan.reddy387@rediffmail.com,8999353605,Agra,Other,62,2023-11-16
181,Sanjay Rao,sanjay.rao708@yahoo.com,8389265788,Lucknow,Male,62,2022-08-16
182,Vihaan Joshi,vihaan.joshi564@gmail.com,9926269927,Kanpur,Other,49,2020-04-22
183,Priya Desai,priya.desai459@yahoo.com,7343797751,Vadodara,Female,34,2021-08-05
184,Manish Verma,manish.verma481@hotmail.com,7622717633,Kanpur,Other,29,2021-04-04
185,Ayaan Singh,ayaan.singh138@yahoo.com,7927431130,Mumbai,Other,37,2023-05-22
186,Ananya Malhotra,ananya.malhotra245@outlook.com,9558612130,Patna,Male,65,2020-05-04
187,Pari Sharma,pari.sharma460@yahoo.com,7925422138,Jaipur,Other,69,2024-10-24
188,Nikhil Patel,nikhil.patel813@yahoo.com,9168031749,Nagpur,Other,63,2019-08-18
189,Krishna Iyer,krishna.iyer329@outlook.com,7866013659,Bengaluru,Female,17,2020-02-14
190,Rohan Agarwal,rohan.agarwal889@yahoo.com,9257134321,Indore,Male,42,2024-02-25
191,Reyansh Joshi,reyansh.joshi270@hotmail.com,9509077434,Pune,Female,54,2019-10-02
192,Pooja Malhotra,pooja.malhotra397@rediffmail.com,7273554436,Mumbai,Male,28,2020-11-12
193,Kritika Mehta,kritika.mehta202@rediffmail.com,9835220931,Chennai,Male,16,2023-08-18
194,Divya Nair,divya.nair47@hotmail.com,+91-7964468340,Pune,Male,52,2019-08-21
195,Sanjay Bansal,sanjay.bansal268@gmail.com,7326690226,Ludhiana,Male,18,2019-12-15
196,Karan Nair,karan.nair496@hotmail.com,7947638078,Kanpur,Other,65,2021-03-02
197,Riya Joshi,riya.joshi666@outlook.com,9996840226,Jaipur,Male,62,2020-03-03
198,Ayaan Verma,ayaan.verma948@yahoo.com,8664226338,Ahmedabad,Female,20,2022-09-22
199,Ananya Bansal,ananya.bansal476@rediffmail.com,9629417087,Indore,Male,38,2024-09-30
200,Suresh Chopra,suresh.chopra953@outlook.com,7740207002,Hyderabad,Female,68,2023-09-20
201,Anika Sharma,anika.sharma332@rediffmail.com,7319667161,Nashik,Female,39,2022-08-04
202,Vivaan Joshi,vivaan.joshi720@gmail.com,7269277955,Lucknow,Other,47,2023-01-29
203,Manish Iyer,manish.iyer701@rediffmail.com,9547696034,Chennai,Female,35,2021-10-01
204,Pari Agarwal,pari.agarwal749@outlook.com,9382886756,Hyderabad,Other,52,2020-09-26
205,Nikhil Gupta,nikhil.gupta197rediffmail.com,7275581446,Surat,Female,16,2022-12-07
206,Rahul Singh,rahul.singh324@outlook.com,7316868205,Nashik,Other,53,2022-03-22
207,Ananya Reddy,ananya.reddy34@gmail.com,7320279794,Indore,Female,58,2021-04-11
208,Suresh Pillai,suresh.pillai617@rediffmail.com,9021582840,Mumbai,Female,59,2022-08-14
209,Divya Bhatt,divya.bhatt179@yahoo.com,9908490543,Jaipur,Male,47,2024-07-25
210,Aarav Mehta,aarav.mehta175@gmail.com,7480120053,Pune,Female,34,2019-09-03
211,Deepak Verma,deepak.verma618@hotmail.com,9351326945,Nagpur,Other,24,2023-01-19
212,Manish Desai,manish.desai267@gmail.com,9177165500,Surat,Male,62,2022-02-06
212,Manish Desai,manish.desai267@gmail.com,9177165500,Surat,Male,62,2022-02-06
213,,shreya.verma799@outlook.com,9048329814,Bhop@l,Other,136,2021-08-13
214,Anika Kapoor,anika.kapoor248@yahoo,9749236485,Hyderabad,Male,65,2022-02-24
215,Kavya Kumar,kavya.kumar70@hotmail.com,8803835613,Nashik,Male,64,2024-04-30
216,Priya Desai,priya.desai933@gmail.com,+91-7667235914,Hyderabad,Male,55,2022-03-20
217,Manish Bansal,manish.bansal199@yahoo.com,9954000418,Nagpur,Male,60,2019-01-10
218,Shreya Bansal,shreya.bansal91@rediffmail.com,7566293,Surat,Male,63,2023-04-30
219,Saanvi Sharma,saanvi.sharma343@rediffmail.com,9375383060,Nashik,Female,53,2024-03-12
220,Pari Reddy,pari.reddy890@hotmail.com,8273519920,Agra,Other,44,2021-08-04
221,Meera Joshi,meera.joshi202@gmail.com,7000613958,Hyderabad,Male,51,2023-11-06
222,Sunita Patel,sunita.patel443@hotmail.com,9778157759,Lucknow,Other,18,2023-03-06
223,Vivaan Bansal,vivaan.bansal803@outlook.com,8093739663,Kolkata,Other,65,2021-06-16
224,Amit Agarwal,amit.agarwal651@hotmail.com,7216023776,Bengaluru,Female,52,2023-11-21
225,Riya Mehta,riya.mehta601gmail.com,7454870384,Hyderabad,Male,39,2019-03-29
226,Anjali Verma,anjali.verma868@hotmail.com,9741023275,Surat,Other,66,2022-12-30
227,Sneha Gupta,sneha.gupta470@rediffmail.com,9414377638,Chennai,Male,38,2024-06-15
228,Rahul Singh,rahul.singh399@yahoo.com,8260258188,Kanpur,Female,17,2020-03-22
229,Myra Iyer,myra.iyer252@gmail.com,9664574,Bhopal,Male,40,2022-08-26
230,Saanvi Agarwal,saanvi.agarwal950@yahoo.com,8434882764,Hyderabad,Female,25,2022-09-17
231,Aarav Desai,aarav.desai34@yahoo.com,7666173924,Delhi,Female,51,2023-04-02
232,Pooja Bhatt,pooja.bhatt685@rediffmail.com,9059390929,Lucknow,Other,18,2020-04-02
233,Reyansh Pillai,reyansh.pillai654@gmail.com,9648202462,Agra,Other,31,2020-03-08
234,Suresh Pillai,suresh.pillai993@hotmail.com,8408145168,Agra,Male,22,2022-06-17
235,Krishna Sharma,krishna.sharma728@outlook.com,8873265990,Bengaluru,Other,33,2024-02-11
236,Sanjay Sharma,sanjay.sharma705@outlook.com,9988964806,Ahmedabad,Other,20,2021-12-11
237,Karan Iyer,karan.iyer474@yahoo.com,8176913147,Kanpur,Female,35,2020-12-11
238,Diya Mehta,diya.mehta548gmail.com,891955026,Pune,Other,26,2023-05-24
239,Neha Bansal,neha.bansal41@hotmail.com,7876724526,Nagpur,Male,49,2021-08-11
240,Pari Iyer,pari.iyer299@rediffmail.com,9576152064,Hyderabad,Female,65,2024-11-28
241,Priya Iyer,priya.iyer902@yahoo.com,8835783485,Jaipur,Female,52,2021-05-05
242,Deepak Kapoor,deepak.kapoor466@rediffmail.com,+91-9475852293,Patna,Other,59,2021-01-27
243,Shreya Kumar,shreya.kumar883@hotmail.com,9591770934,Lucknow,Female,47,2021-06-11
244,Sanjay Kumar,sanjay.kumar394@yahoo.com,+91-7520584811,Delhi,Other,68,2023-11-02
245,Meera Verma,meera.verma909@rediffmail.com,7260245333,Vadodara,Female,40,2021-10-18
245,Meera Verma,meera.verma909@rediffmail.com,7260245333,Vadodara,Female,40,2021-10-18
246,,sneha.reddy755@yahoo.com,8991292950,Agr@,Female,156,2021-11-09
247,Aditya Pillai,aditya.pillai596@gmail.com,8481221455,Vadodara,Other,68,2024-07-10
248,Saanvi Kapoor,saanvi.kapoor626@outlook.com,7302267512,Pune,Female,45,2019-11-26
249,Arjun Bansal,arjun.bansal446@outlook.com,9290942489,Nashik,Female,24,2021-02-09
250,Meera Kapoor,meera.kapoor583@rediffmail.com,8906054515,Pune,Other,31,2023-07-15
251,Myra Verma,myra.verma327@gmail.com,7778928564,Nashik,Female,38,2022-09-08
252,Deepak Nair,deepak.nair574@yahoo.com,8646745836,Bhopal,Female,65,2020-12-27
253,Pari Verma,pari.verma859@outlook.com,7140189084,Kanpur,Other,19,2020-05-02
254,Aarav Chopra,aarav.chopra219@hotmail.com,9879535344,Patna,Female,29,2024-12-18
254,Aarav Chopra,aarav.chopra219@hotmail.com,9879535344,Patna,Female,29,2024-12-18
255,,anika.reddy590@yahoo.com,7041683983,Delhi  ,Female,160,2022-07-12
256,Anjali Verma,anjali.verma403@gmail.com,9793708883,Pune,Other,40,2020-01-07
257,Vivaan Kapoor,vivaan.kapoor480@outlook.com,9450035515,Patna,Other,50,2021-02-16
258,Ishaan Mehta,ishaan.mehta856@hotmail.com,7498444980,Ludhiana,Other,53,2023-08-19
259,Diya Malhotra,diya.malhotra878@outlook.com,8553289333,Bhopal,Other,40,2021-09-03
259,Diya Malhotra,diya.malhotra878@outlook.com,8553289333,Bhopal,Other,40,2021-09-03
260,,arjun.kapoor669@gmail.com,7064100184,ludhiana,Female,165,2020-10-20
261,Rohan Rao,rohan.rao730@rediffmail.com,7005100883,Agra,Female,44,2019-03-28
262,Anika Rao,anika.rao250@rediffmail.com,7508767229,Agra,Male,46,2023-09-22
263,Diya Kumar,diya.kumar673@rediffmail.com,8443333488,Ludhiana,Male,36,2021-12-20
264,Diya Sharma,diya.sharma184@yahoo.com,7644751215,Bengaluru,Other,30,2024-04-20
265,Vivaan Nair,vivaan.nair208@rediffmail.com,9768578802,Bhopal,Male,63,2020-05-18
266,Suresh Sharma,suresh.sharma862@rediffmail.com,7471154959,Kolkata,Other,18,2022-08-26
267,Rahul Rao,rahul.rao549@yahoo.com,9379804410,Patna,Other,70,2019-03-23
268,Isha Bhatt,isha.bhatt458@hotmail.com,8955682678,Agra,Male,63,2021-10-09
269,Anika Kapoor,anika.kapoor842gmail.com,86962574,Mumbai,Male,22,2023-07-31
270,Rahul Patel,rahul.patel834@rediffmail.com,8885291183,Mumbai,Female,70,2021-05-07
271,Karan Malhotra,karan.malhotra750@outlook.com,7843803846,Lucknow,Female,25,2023-12-03
272,Riya Singh,riya.singh43@hotmail.com,8903626876,Vadodara,Other,50,2019-03-26
273,Deepak Joshi,deepak.joshi711@yahoo,7151838331,Lucknow,Other,47,2022-05-04
274,Kavya Sharma,kavya.sharma20rediffmail.com,7040499292,Jaipur,Female,34,2020-12-25
275,Anjali Singh,anjali.singh897@hotmail.com,8309011037,Nagpur,Other,23,2022-12-29
275,Anjali Singh,anjali.singh897@hotmail.com,8309011037,Nagpur,Other,23,2022-12-29
276,,vivaan.verma284@rediffmail.com,9583391864, Patna ,Other,144,2023-02-03
277,Rahul Malhotra,rahul.malhotra55@outlook.com,8791000668,Bengaluru,Other,32,2020-06-17
278,Isha Patel,isha.patel275@gmail.com,8592773102,Kolkata,Male,61,2019-11-09
279,Aarav Joshi,aarav.joshi923@outlook.com,7083840194,Vadodara,Male,33,2022-10-27
280,Saanvi Kapoor,saanvi.kapoor877@gmail.com,8856428014,Agra,Male,22,2023-08-26
281,Aarav Kumar,aarav.kumar795@outlook.com,8473046202,Delhi,Female,46,2023-10-25
282,Reyansh Verma,reyansh.verma782@yahoo.com,8226440105,Kolkata,Female,39,2019-06-17
283,Anjali Agarwal,anjali.agarwal837@gmail.com,7408206863,Jaipur,Female,62,2024-09-03
284,Suresh Gupta,suresh.gupta759@rediffmail.com,7607408720,Lucknow,Male,49,2023-02-06
285,Anjali Kumar,anjali.kumar816@rediffmail.com,9167326117,Bhopal,Female,67,2021-07-17
286,Aarav Sharma,aarav.sharma830@outlook.com,8442011812,Agra,Other,60,2023-07-31
287,Divya Rao,divya.rao556@rediffmail.com,8746206816,Kanpur,Male,54,2019-06-02
288,Anjali Chopra,anjali.chopra127@hotmail.com,7948890604,Ahmedabad,Female,21,2023-11-08
289,Pari Bhatt,pari.bhatt260@outlook.com,8553278437,Delhi,Female,59,2022-08-19
290,Diya Malhotra,diya.malhotra876@hotmail.com,73739159,Bhopal,Other,16,2019-09-18
291,Neha Sharma,neha.sharma67@yahoo.com,7124515979,Indore,Other,34,2021-07-03
292,Ishaan Chopra,ishaan.chopra905@gmail.com,7496453086,Pune,Male,67,2019-02-04
293,Riya Agarwal,riya.agarwal139@yahoo.com,8469294835,Hyderabad,Other,35,2019-12-28
294,Sneha Sharma,sneha.sharma796@gmail,9913313928,Agra,Male,64,2019-01-16
295,Saanvi Kapoor,saanvi.kapoor679@yahoo.com,8248587414,Ahmedabad,Male,27,2024-04-23
296,Ayaan Bansal,ayaan.bansal211@gmail,7728884400,Agra,Other,45,2024-02-08
297,Meera Rao,meera.rao480@yahoo.com,9735777496,Ahmedabad,Female,51,2023-01-29
298,Pooja Reddy,pooja.reddy739@outlook.com,+91-8883825813,Vadodara,Male,58,2023-02-24
299,Manish Chopra,manish.chopra164@outlook.com,8975214,Lucknow,Female,19,2021-03-20
300,Divya Gupta,divya.gupta540@outlook.com,8624292400,Agra,Other,61,2022-04-21
301,Karan Bhatt,karan.bhatt924@outlook.com,7517428807,Surat,Male,46,2019-01-22
302,Isha Singh,isha.singh593@outlook.com,9154477830,Kolkata,Female,59,2022-05-04
303,Sneha Sharma,sneha.sharma772@outlook.com,7243460759,Nashik,Other,70,2019-06-21
304,Aditya Agarwal,aditya.agarwal6@outlook.com,+91-9356861617,Agra,Male,43,2020-01-23
305,Ramesh Iyer,ramesh.iyer659@yahoo.com,8135074227,Pune,Male,49,2022-07-18
306,Shreya Patel,shreya.patel854@hotmail.com,9263708347,Patna,Female,66,2021-08-26
307,Meera Chopra,meera.chopra219@rediffmail.com,8553849501,Surat,Female,51,2019-03-18
308,Ananya Bansal,ananya.bansal164@outlook,9900867862,Hyderabad,Female,37,2019-09-08
309,Sanjay Agarwal,sanjay.agarwal27@hotmail.com,7375928032,Chennai,Other,31,2021-06-07
310,Karan Malhotra,karan.malhotra978@outlook.com,9623107534,Vadodara,Male,44,2019-09-08
311,Ishaan Gupta,ishaan.gupta430@outlook.com,7654035690,Delhi,Female,17,2023-11-03
312,Myra Malhotra,myra.malhotra567@gmail.com,9983533642,Mumbai,Other,34,2020-07-24
313,Ishaan Kapoor,ishaan.kapoor542@yahoo.com,9757132964,Patna,Male,61,2022-01-19
314,Ananya Verma,ananya.verma974@outlook.com,7382522992,Vadodara,Male,42,2023-03-02
314,Ananya Verma,ananya.verma974@outlook.com,7382522992,Vadodara,Male,42,2023-03-02
315,,rohan.gupta563@yahoo.com,71294322,NAGPUR,Female,186,2023-06-23
316,Ayaan Pillai,ayaan.pillai115@outlook.com,7056459310,Kanpur,Female,59,2024-03-27
317,Ananya Desai,ananya.desai478@gmail.com,8031350744,Ludhiana,Male,33,2024-02-05
318,Amit Kumar,amit.kumar941@gmail.com,8427180114,Jaipur,Male,48,2020-06-04
319,Rohan Kapoor,rohan.kapoor176@yahoo.com,7543240974,Bhopal,Female,53,2022-04-09
320,Reyansh Nair,reyansh.nair440@yahoo.com,8508811671,Chennai,Female,67,2023-03-25
321,Rohan Reddy,rohan.reddy654@gmail.com,8410321315,Kanpur,Male,27,2024-07-27
322,Pari Mehta,pari.mehta171@hotmail.com,7141422151,Ludhiana,Male,67,2022-11-02
323,Divya Singh,divya.singh588@gmail.com,7626268251,Ahmedabad,Female,40,2022-05-05
324,Meera Patel,meera.patel155@hotmail.com,7969028151,Vadodara,Female,21,2019-10-16
325,Meera Verma,meera.verma379@outlook.com,8994739907,Hyderabad,Female,55,2024-10-24
326,Myra Kapoor,myra.kapoor450@yahoo.com,8236111731,Agra,Male,67,2019-04-08
327,Vivaan Singh,vivaan.singh680@rediffmail.com,9497723031,Surat,Other,17,2024-09-12
328,Reyansh Singh,reyansh.singh510@rediffmail.com,9505596877,Kolkata,Other,30,2023-01-20
329,Riya Pillai,riya.pillai869@outlook.com,9017724164,Kolkata,Female,29,2022-04-05
330,Krishna Verma,krishna.verma312@outlook.com,8341589020,Agra,Other,67,2023-03-30
331,Ananya Reddy,ananya.reddy555hotmail.com,8852731665,Indore,Male,70,2023-02-10
332,Vivaan Rao,vivaan.rao933@outlook.com,9798581122,Ahmedabad,Other,42,2022-03-25
333,Sai Patel,sai.patel970@yahoo.com,8472764445,Vadodara,Other,30,2022-06-11
334,Deepak Agarwal,deepak.agarwal927@gmail.com,7097724796,Patna,Male,23,2024-01-11
335,Neha Kapoor,neha.kapoor301@hotmail.com,9168600275,Vadodara,Other,63,2021-09-19
336,Neha Sharma,neha.sharma174@rediffmail.com,8900346633,Ludhiana,Female,35,2022-11-03
337,Isha Pillai,isha.pillai462@outlook,7702277980,Lucknow,Female,42,2024-09-04
338,Meera Gupta,meera.gupta310@gmail.com,9773270406,Surat,Female,48,2021-12-10
339,Kavya Bansal,kavya.bansal226@outlook.com,8771631271,Kanpur,Other,33,2020-06-13
340,Aadhya Gupta,aadhya.gupta159@rediffmail.com,7275965630,Bhopal,Male,62,2020-03-18
341,Rahul Gupta,rahul.gupta788@gmail.com,7496014825,Ludhiana,Female,56,2020-05-18
342,Ramesh Chopra,ramesh.chopra808@hotmail,9078816280,Lucknow,Female,32,2020-09-15
343,Sunita Gupta,sunita.gupta454@yahoo.com,8621801088,Lucknow,Other,55,2020-01-16
344,Manish Bhatt,manish.bhatt228gmail.com,7632445767,Jaipur,Female,50,2023-08-29
345,Ananya Kumar,ananya.kumar668@hotmail.com,967659153,Kanpur,Male,29,2021-07-31
346,Ishaan Reddy,ishaan.reddy331@hotmail.com,9235694992,Bengaluru,Female,21,2024-08-29
347,Manish Bhatt,manish.bhatt146@outlook.com,75218489,Jaipur,Other,16,2021-10-26
348,Kavya Verma,kavya.verma311@yahoo.com,9894624958,Ahmedabad,Other,51,2019-12-04
349,Rohan Desai,rohan.desai967@yahoo.com,9897939895,Bhopal,Female,42,2021-01-22
350,Saanvi Verma,saanvi.verma381@hotmail.com,8980896105,Kanpur,Female,52,2021-10-07
351,Manish Bansal,manish.bansal344@yahoo.com,7450310421,Delhi,Other,70,2020-12-08
352,Suresh Singh,suresh.singh233@yahoo.com,8818509715,Ahmedabad,Female,48,2024-11-14
353,Deepak Kapoor,deepak.kapoor760@hotmail.com,9344592812,Patna,Female,25,2022-01-19
354,Divya Bhatt,divya.bhatt935@outlook,9663555052,Indore,Male,45,2023-11-03
355,Manish Verma,manish.verma176@outlook.com,7701145067,Ahmedabad,Male,69,2020-05-01
356,Amit Agarwal,amit.agarwal524@outlook.com,7275219714,Agra,Other,49,2020-07-03
357,Divya Agarwal,divya.agarwal962@rediffmail.com,7886610209,Pune,Female,18,2019-04-19
358,Anjali Singh,anjali.singh639@yahoo.com,9221795695,Lucknow,Female,62,2020-07-21
359,Manish Bansal,manish.bansal323@yahoo.com,9552115959,Vadodara,Female,68,2020-08-15
360,Nikhil Reddy,nikhil.reddy213@outlook.com,8040699409,Jaipur,Other,57,2020-01-13
361,Aarav Singh,aarav.singh789@yahoo.com,+91-7155699570,Ludhiana,Male,49,2023-09-19
362,Riya Iyer,riya.iyer206@outlook.com,8056869323,Vadodara,Female,38,2020-01-22
363,Aditya Pillai,aditya.pillai997@gmail.com,+91-8078057151,Hyderabad,Female,21,2021-05-11
364,Manish Gupta,manish.gupta545@rediffmail.com,8576086530,Nashik,Male,17,2019-12-17
365,Suresh Nair,suresh.nair79@rediffmail.com,8994232198,Bengaluru,Other,28,2019-02-17
366,Saanvi Bhatt,saanvi.bhatt354@hotmail.com,9837949702,Bhopal,Male,53,2021-03-12
367,Ananya Joshi,ananya.joshi5@yahoo,8173851115,Mumbai,Female,37,2024-01-11
368,Arjun Nair,arjun.nair630@rediffmail.com,9937666981,Agra,Other,49,2020-09-26
369,Isha Agarwal,isha.agarwal834@rediffmail.com,8974672768,Bengaluru,Other,31,2023-08-07
370,Ramesh Patel,ramesh.patel903@hotmail.com,8403101505,Bhopal,Female,46,2023-02-03
371,Pari Patel,pari.patel875@yahoo.com,7391007295,Kolkata,Male,53,2019-02-08
372,Suresh Kapoor,suresh.kapoor467@rediffmail.com,+91-7292182642,Nagpur,Female,36,2022-06-03
373,Divya Mehta,divya.mehta748@hotmail.com,8300756278,Ludhiana,Male,26,2021-07-20
374,Diya Bansal,diya.bansal87@yahoo.com,7723789098,Nashik,Other,47,2024-08-19
375,Aarav Kapoor,aarav.kapoor746@outlook.com,8852748493,Delhi,Male,47,2023-06-14
376,Rohan Iyer,rohan.iyer751@yahoo.com,9961897301,Vadodara,Female,68,2023-03-18
377,Krishna Singh,krishna.singh110@outlook.com,7698028975,Chennai,Other,38,2023-01-15
378,Aditya Mehta,aditya.mehta442hotmail.com,+91-7952766993,Hyderabad,Female,26,2024-05-08
379,Vihaan Mehta,vihaan.mehta368@gmail.com,9466008667,Kolkata,Other,28,2021-10-13
380,Vihaan Rao,vihaan.rao224@hotmail.com,9042935524,Ahmedabad,Female,27,2021-04-09
381,Anika Nair,anika.nair917@rediffmail.com,8097771984,Bhopal,Female,28,2021-01-06
382,Priya Iyer,priya.iyer983@rediffmail.com,9286703421,Mumbai,Other,51,2020-11-09
383,Ananya Kumar,ananya.kumar573@outlook.com,9893917462,Ludhiana,Female,39,2020-11-07
384,Suresh Kumar,suresh.kumar82@yahoo.com,8802136787,Bengaluru,Female,59,2024-03-09
385,Divya Kapoor,divya.kapoor681@hotmail.com,+91-8390914535,Ludhiana,Female,29,2023-04-13
386,Pooja Sharma,pooja.sharma554@yahoo.com,9213466007,Pune,Other,22,2021-03-23
387,Vivaan Verma,vivaan.verma504@outlook.com,7790439066,Indore,Other,18,2023-09-22
388,Suresh Joshi,suresh.joshi791@outlook.com,8137769029,Nashik,Other,38,2023-05-06
389,Krishna Pillai,krishna.pillai699@gmail.com,7169370102,Chennai,Other,54,2024-07-28
390,Sunita Malhotra,sunita.malhotra806@gmail.com,9330785899,Ahmedabad,Male,56,2020-01-19
391,Isha Malhotra,isha.malhotra602@outlook.com,8491228100,Nagpur,Male,59,2022-11-04
392,Karan Kapoor,karan.kapoor663@outlook,7904647851,Vadodara,Other,44,2023-02-23
393,Ramesh Kumar,ramesh.kumar41@yahoo.com,9601076702,Delhi,Other,36,2024-12-18
394,Sunita Bansal,sunita.bansal609@outlook.com,8607752247,Nagpur,Male,35,2024-05-17
395,Priya Singh,priya.singh389@yahoo.com,8147769132,Nagpur,Female,60,2020-08-20
396,Sunita Patel,sunita.patel785@outlook.com,7520528230,Indore,Other,49,2023-03-17
397,Nikhil Joshi,nikhil.joshi606@yahoo.com,7316378600,Patna,Male,58,2023-01-30
398,Myra Mehta,myra.mehta551@gmail.com,8569816814,Patna,Male,28,2019-07-18
399,Meera Iyer,meera.iyer650@yahoo.com,8288980411,Indore,Male,30,2020-01-25
400,Sanjay Kumar,sanjay.kumar44@outlook.com,7136425141,Pune,Other,39,2019-03-07
401,Riya Chopra,riya.chopra571@hotmail.com,7845908150,Nashik,Other,70,2019-12-05
402,Aadhya Desai,aadhya.desai194@outlook.com,8737437744,Patna,Male,30,2019-12-21
403,Ananya Sharma,ananya.sharma143@outlook.com,9570986611,Kolkata,Other,59,2020-07-01
404,Manish Kumar,manish.kumar254@outlook.com,7524381780,Indore,Female,44,2021-06-21
405,Diya Bhatt,diya.bhatt625@gmail.com,8112967132,Jaipur,Female,52,2022-12-04
406,Riya Patel,riya.patel639@gmail.com,9290228069,Ludhiana,Female,22,2021-08-13
407,Pooja Singh,pooja.singh310@yahoo.com,8438897900,Delhi,Female,59,2020-01-14
408,Ananya Bhatt,ananya.bhatt831@outlook.com,8554098796,Kanpur,Female,38,2020-07-09
409,Kritika Sharma,kritika.sharma357@rediffmail.com,9318399206,Agra,Female,62,2024-01-29
410,Sanjay Agarwal,sanjay.agarwal276@outlook.com,9576097905,Pune,Male,67,2024-04-29
411,Riya Verma,riya.verma99@outlook.com,8879497863,Hyderabad,Female,26,2024-03-28
412,Deepak Singh,deepak.singh900@outlook.com,9552668622,Kanpur,Female,54,2021-06-10
413,Riya Gupta,riya.gupta482@gmail.com,7200172721,Lucknow,Other,16,2024-12-08
414,Shreya Patel,shreya.patel936@hotmail.com,8883594241,Nashik,Other,54,2024-09-22
415,Divya Agarwal,divya.agarwal521@hotmail.com,9865688784,Kolkata,Male,20,2023-11-05
416,Divya Iyer,divya.iyer599@outlook.com,9539281907,Kanpur,Female,70,2024-10-09
417,Manish Desai,manish.desai690@rediffmail,9482285756,Chennai,Male,67,2019-01-09
418,Deepak Rao,deepak.rao573@gmail.com,8010771764,Patna,Female,70,2019-10-08
419,Deepak Agarwal,deepak.agarwal670@gmail.com,8534321,Bhopal,Other,25,2023-02-20
420,Pooja Reddy,pooja.reddy175@gmail.com,7118708038,Chennai,Other,24,2024-04-08
421,Shreya Kumar,shreya.kumar357@yahoo.com,8135727942,Nashik,Other,66,2021-12-13
422,Meera Kapoor,meera.kapoor321@rediffmail.com,9709635060,Mumbai,Male,23,2024-05-04
423,Priya Patel,priya.patel814@outlook.com,9428744915,Ahmedabad,Female,67,2023-03-23
424,Sunita Sharma,sunita.sharma933@gmail.com,7000310153,Agra,Other,63,2021-09-24
425,Arjun Agarwal,arjun.agarwal885@gmail.com,8828143098,Vadodara,Other,24,2022-05-13
426,Sunita Mehta,sunita.mehta10@hotmail.com,9946836462,Mumbai,Male,50,2021-05-04
427,Neha Patel,neha.patel689@yahoo.com,8681712634,Nashik,Other,50,2022-08-20
428,Kritika Agarwal,kritika.agarwal501@outlook.com,9781701441,Kolkata,Female,57,2023-12-20
429,Riya Sharma,riya.sharma524@hotmail.com,7166411245,Kanpur,Male,32,2021-07-28
430,Ishaan Bansal,ishaan.bansal525@gmail.com,9862735471,Chennai,Male,67,2021-01-06
431,Amit Sharma,amit.sharma2@rediffmail.com,8148316168,Bengaluru,Male,50,2023-09-07
432,Nikhil Patel,nikhil.patel81@rediffmail.com,8869009713,Nashik,Other,17,2022-11-05
433,Manish Joshi,manish.joshi991@hotmail.com,9200350966,Bengaluru,Male,16,2023-03-25
434,Ramesh Singh,ramesh.singh24@gmail.com,+91-7990793355,Chennai,Other,46,2019-10-28
435,Ramesh Verma,ramesh.verma263@outlook.com,7491858671,Kanpur,Other,33,2023-03-03
436,Anjali Verma,anjali.verma849@hotmail.com,+91-9267833885,Lucknow,Male,60,2019-02-11
437,Rahul Bhatt,rahul.bhatt49@gmail.com,+91-8786753207,Nashik,Female,61,2021-08-06
438,Aarav Kumar,aarav.kumar943@yahoo.com,7791286144,Mumbai,Male,52,2019-06-15
439,Diya Nair,diya.nair568@yahoo.com,7280815221,Ahmedabad,Female,55,2021-11-09
440,Pooja Chopra,pooja.chopra965@gmail.com,9295088953,Kolkata,Other,33,2022-05-17
441,Diya Malhotra,diya.malhotra706@rediffmail.com,7879624872,Delhi,Other,42,2019-02-08
442,Reyansh Kumar,reyansh.kumar171@gmail.com,7959992775,Chennai,Female,51,2022-12-31
443,Karan Bhatt,karan.bhatt500@outlook.com,7827437449,Bengaluru,Male,24,2020-03-11
444,Ayaan Kumar,ayaan.kumar4@rediffmail.com,8569680251,Surat,Female,31,2020-07-29
445,Vivaan Singh,vivaan.singh869@hotmail.com,9385439185,Hyderabad,Female,41,2020-06-11
446,Manish Verma,manish.verma83@gmail.com,9865423450,Lucknow,Male,36,2020-07-15
447,Suresh Nair,suresh.nair83@rediffmail.com,8374006882,Patna,Other,53,2021-06-13
448,Vivaan Bhatt,vivaan.bhatt687@hotmail.com,7574958022,Ahmedabad,Male,56,2024-10-20
449,Amit Rao,amit.rao784@outlook.com,9404341273,Bengaluru,Male,35,2023-10-01
450,Vivaan Chopra,vivaan.chopra456outlook.com,96150732,Ludhiana,Male,21,2023-12-11
451,Manish Nair,manish.nair919@gmail.com,7866303971,Lucknow,Other,25,2019-04-10
452,Aarav Iyer,aarav.iyer693@outlook.com,8009949846,Pune,Male,53,2024-08-29
453,Krishna Patel,krishna.patel238@hotmail.com,7595468931,Vadodara,Female,34,2022-05-03
454,Sanjay Kapoor,sanjay.kapoor312@outlook.com,8719379594,Bhopal,Male,69,2021-02-22
455,Isha Verma,isha.verma76@rediffmail.com,8119388704,Nashik,Female,50,2024-11-24
456,Aarav Kapoor,aarav.kapoor168@rediffmail.com,8331356893,Nashik,Other,37,2021-07-16
457,Pari Sharma,pari.sharma305@rediffmail.com,7140225416,Mumbai,Other,39,2024-01-30
458,Shreya Rao,shreya.rao501@rediffmail.com,7832126087,Lucknow,Female,59,2021-04-09
459,Aarav Bhatt,aarav.bhatt112@hotmail.com,7191532453,Vadodara,Other,39,2020-06-13
460,Krishna Mehta,krishna.mehta672@rediffmail.com,7628153613,Chennai,Male,40,2020-06-11
461,Krishna Desai,krishna.desai469@rediffmail.com,8569682550,Jaipur,Male,21,2024-12-04
462,Ishaan Sharma,ishaan.sharma993@hotmail.com,9570313136,Pune,Female,35,2019-01-15
463,Diya Desai,diya.desai802@outlook.com,9424663396,Pune,Female,34,2024-04-27
464,Karan Bansal,karan.bansal165@yahoo.com,8873917311,Hyderabad,Other,32,2019-05-15
465,Ramesh Pillai,ramesh.pillai419@rediffmail.com,9178497037,Ahmedabad,Other,70,2024-11-21
466,Amit Kapoor,amit.kapoor878@gmail.com,9242659840,Delhi,Male,22,2019-04-06
467,Vivaan Patel,vivaan.patel567@yahoo.com,8824453041,Kolkata,Female,62,2022-11-10
467,Vivaan Patel,vivaan.patel567@yahoo.com,8824453041,Kolkata,Female,62,2022-11-10
468,,neha.bansal642@rediffmail.com,9082208041,Ahmed@b@d,Female,124,2021-11-07
469,Anjali Iyer,anjali.iyer677@hotmail.com,8737765711,Kanpur,Female,53,2024-06-22
470,Rohan Kumar,rohan.kumar247@hotmail.com,8682523912,Patna,Male,63,2020-01-23
471,Anjali Kumar,anjali.kumar459@outlook.com,7301158523,Bengaluru,Female,56,2020-10-07
472,Sanjay Singh,sanjay.singh975@outlook.com,8970367107,Indore,Male,63,2023-06-11
473,Saanvi Joshi,saanvi.joshi940@rediffmail.com,7755477234,Ludhiana,Male,38,2022-08-31
474,Priya Mehta,priya.mehta320@outlook,8025137674,Hyderabad,Other,57,2023-08-06
475,Suresh Pillai,suresh.pillai602@outlook,7333180471,Nashik,Other,65,2023-06-10
476,Kritika Nair,kritika.nair811@yahoo.com,7221938993,Indore,Female,20,2023-02-04
477,Ishaan Mehta,ishaan.mehta168@gmail.com,7866932917,Jaipur,Female,18,2020-08-30
478,Priya Bansal,priya.bansal855@rediffmail.com,8339880586,Kolkata,Female,46,2023-07-19
479,Priya Bansal,priya.bansal866@rediffmail.com,8555345404,Delhi,Other,37,2021-12-25
480,Karan Singh,karan.singh902@outlook.com,7040835358,Chennai,Female,54,2022-11-20
481,Ananya Malhotra,ananya.malhotra326@rediffmail.com,8830429872,Vadodara,Other,30,2019-01-18
482,Rahul Patel,rahul.patel356@yahoo.com,8988017546,Hyderabad,Other,23,2024-12-19
483,Sunita Pillai,sunita.pillai593@gmail,7965583087,Nagpur,Female,31,2024-06-27
484,Riya Desai,riya.desai395@outlook.com,8414643666,Bengaluru,Other,23,2021-08-27
485,Vihaan Mehta,vihaan.mehta39@outlook.com,7295445716,Agra,Female,61,2020-11-21
486,Sai Kapoor,sai.kapoor789@yahoo.com,7856544272,Patna,Male,50,2022-10-12
487,Arjun Gupta,arjun.gupta510@rediffmail.com,7176857568,Kanpur,Other,37,2023-03-07
488,Ramesh Malhotra,ramesh.malhotra825@gmail.com,9373345565,Nagpur,Other,52,2019-09-01
489,Sanjay Singh,sanjay.singh895@yahoo.com,7909491071,Kanpur,Male,43,2023-02-01
490,Ishaan Bansal,ishaan.bansal500@rediffmail.com,9556623866,Vadodara,Other,48,2024-02-28
491,Priya Mehta,priya.mehta635@yahoo.com,7451663560,Lucknow,Male,53,2019-07-20
492,Sai Singh,sai.singh188@hotmail.com,7456001526,Nagpur,Male,24,2021-06-27
493,Kritika Pillai,kritika.pillai421@rediffmail.com,8701578611,Bhopal,Other,44,2020-01-20
494,Arjun Singh,arjun.singh767@yahoo.com,8799900384,Pune,Male,39,2021-09-29
495,Meera Patel,meera.patel660@rediffmail.com,7333693104,Lucknow,Other,17,2020-11-09
496,Vihaan Kumar,vihaan.kumar993@gmail.com,9425385018,Chennai,Female,45,2021-08-11
497,Kavya Mehta,kavya.mehta675@rediffmail.com,9850660982,Jaipur,Male,69,2021-05-01
498,Amit Agarwal,amit.agarwal961@yahoo.com,8668908620,Bengaluru,Other,38,2021-10-03
499,Ishaan Reddy,ishaan.reddy227@gmail.com,7461880943,Patna,Female,51,2023-10-16
500,Sneha Agarwal,sneha.agarwal434outlook.com,8440856540,Delhi,Other,53,2023-04-24
501,Neha Bansal,neha.bansal679@gmail.com,7015133798,Jaipur,Male,38,2023-11-19
502,Sunita Patel,sunita.patel576@gmail.com,9538450950,Bhopal,Male,42,2023-07-01
503,Shreya Kapoor,shreya.kapoor925@hotmail.com,7074050703,Chennai,Other,67,2019-03-08
504,Pari Agarwal,pari.agarwal107@hotmail.com,8912403877,Delhi,Female,50,2020-09-29
505,Ramesh Kumar,ramesh.kumar631@gmail.com,8440583766,Mumbai,Other,48,2024-11-03
506,Anjali Gupta,anjali.gupta469@gmail.com,7700865403,Delhi,Male,40,2022-08-24
507,Shreya Kumar,shreya.kumar576@hotmail.com,8005970874,Nashik,Female,35,2022-11-23
508,Vihaan Desai,vihaan.desai834@gmail.com,7447897278,Kanpur,Male,44,2019-02-26
509,Myra Patel,myra.patel560@yahoo.com,8449910765,Vadodara,Male,31,2024-09-25
510,Vivaan Gupta,vivaan.gupta682@yahoo.com,8633503579,Patna,Female,49,2022-06-29
511,Saanvi Joshi,saanvi.joshi796@yahoo.com,7767033183,Vadodara,Other,64,2019-08-29
512,Kavya Kapoor,kavya.kapoor283@outlook.com,+91-7877237461,Surat,Other,27,2023-08-02
513,Sanjay Kumar,sanjay.kumar307@gmail.com,8444104218,Mumbai,Male,41,2024-03-08
514,Neha Agarwal,neha.agarwal844@gmail.com,8639144751,Nagpur,Other,47,2022-07-25
515,Divya Bansal,divya.bansal951@outlook.com,7453645865,Vadodara,Other,28,2019-08-20
516,Shreya Pillai,shreya.pillai626@outlook.com,7796763692,Hyderabad,Other,47,2021-09-08
517,Diya Iyer,diya.iyer500@hotmail.com,7367721937,Agra,Other,24,2021-06-08
518,Isha Patel,isha.patel458@hotmail.com,+91-9641567830,Patna,Male,58,2021-05-21
519,Divya Joshi,divya.joshi354@rediffmail.com,+91-8236525365,Patna,Female,29,2020-10-09
520,Myra Chopra,myra.chopra175@yahoo,7272969746,Chennai,Other,53,2020-02-18
521,Rohan Kapoor,rohan.kapoor966@hotmail.com,7892524407,Ahmedabad,Female,53,2022-03-04
521,Rohan Kapoor,rohan.kapoor966@hotmail.com,7892524407,Ahmedabad,Female,53,2022-03-04
522,,reyansh.desai31@hotmail.com,9388572685,N@gpur,Other,141,2021-03-02
523,Karan Joshi,karan.joshi768@outlook.com,9289429945,Pune,Female,40,2021-05-08
524,Aarav Pillai,aarav.pillai668@outlook.com,7228096325,Surat,Other,46,2020-10-30
525,Rahul Reddy,rahul.reddy641@yahoo.com,8504140706,Indore,Female,26,2023-05-26
526,Nikhil Chopra,nikhil.chopra286@yahoo.com,+91-9408255443,Mumbai,Other,41,2024-06-19
527,Priya Nair,priya.nair790@yahoo.com,8774450254,Jaipur,Female,62,2020-01-26
528,Reyansh Pillai,reyansh.pillai708@hotmail.com,7271110061,Lucknow,Male,44,2019-11-10
529,Deepak Rao,deepak.rao53@rediffmail.com,7875312650,Surat,Female,17,2023-09-23
530,Aadhya Sharma,aadhya.sharma627@gmail.com,8755891466,Nashik,Female,35,2020-04-22
531,Kritika Agarwal,kritika.agarwal758@outlook.com,9096460421,Lucknow,Female,22,2019-01-04
532,Kritika Rao,kritika.rao567@yahoo.com,8724528591,Ahmedabad,Male,29,2022-01-27
533,Myra Sharma,myra.sharma874@yahoo.com,9231303734,Nagpur,Female,26,2019-07-10
534,Anjali Iyer,anjali.iyer148@rediffmail.com,9825619358,Jaipur,Female,39,2024-05-09
535,Pooja Nair,pooja.nair397@hotmail.com,+91-9283379150,Delhi,Other,24,2019-06-05
536,Rahul Rao,rahul.rao286@gmail.com,9812338093,Chennai,Other,41,2023-10-26
537,Ayaan Iyer,ayaan.iyer437@outlook.com,8002358388,Vadodara,Female,60,2023-05-20
538,Ramesh Rao,ramesh.rao832@hotmail.com,7799584078,Jaipur,Male,17,2022-02-11
539,Arjun Joshi,arjun.joshi524@gmail.com,8405667486,Jaipur,Male,66,2020-11-15
540,Rohan Mehta,rohan.mehta650@hotmail.com,753278604,Surat,Male,61,2023-09-05
541,Vivaan Verma,vivaan.verma6@hotmail.com,9497872516,Jaipur,Female,58,2020-08-10
542,Pari Reddy,pari.reddy481@hotmail.com,8817395873,Surat,Other,50,2023-11-23
543,Riya Patel,riya.patel27@rediffmail.com,8573299454,Kanpur,Male,25,2022-08-08
544,Vivaan Bansal,vivaan.bansal897@outlook.com,8506907333,Ahmedabad,Male,68,2020-10-07
545,Sunita Verma,sunita.verma544@outlook.com,8090572526,Nagpur,Male,67,2022-08-26
546,Suresh Verma,suresh.verma132@yahoo.com,9779833974,Indore,Male,43,2022-02-28
547,Meera Gupta,meera.gupta700@rediffmail.com,9715717265,Vadodara,Other,47,2019-02-07
548,Amit Patel,amit.patel576@yahoo.com,8426350720,Ludhiana,Female,58,2022-06-29
549,Pooja Patel,pooja.patel997@gmail.com,9832404826,Surat,Male,57,2019-04-10
550,Aadhya Reddy,aadhya.reddy446@rediffmail.com,9401562078,Jaipur,Male,70,2022-11-22
551,Deepak Pillai,deepak.pillai843@gmail.com,8469422240,Bhopal,Other,42,2023-09-11
552,Anika Pillai,anika.pillai818@hotmail.com,9808324312,Bhopal,Other,49,2020-03-09
553,Nikhil Kapoor,nikhil.kapoor930@hotmail.com,9497631857,Lucknow,Female,66,2020-03-25
554,Neha Kumar,neha.kumar36@rediffmail.com,7499528964,Pune,Female,30,2022-07-17
555,Shreya Kapoor,shreya.kapoor631@yahoo.com,8155430590,Hyderabad,Male,40,2020-12-19
556,Vivaan Patel,vivaan.patel746@rediffmail.com,9615308357,Ahmedabad,Male,64,2019-04-17
557,Manish Desai,manish.desai183@hotmail.com,8605448634,Delhi,Female,42,2023-08-24
558,Ramesh Verma,ramesh.verma626@gmail.com,9346480774,Agra,Male,69,2020-10-25
559,Krishna Kapoor,krishna.kapoor302@gmail,9045689672,Delhi,Female,70,2019-08-22
560,Shreya Reddy,shreya.reddy281@yahoo.com,9639572941,Chennai,Other,19,2020-05-25
561,Reyansh Kapoor,reyansh.kapoor593@hotmail.com,7878070855,Delhi,Female,17,2020-04-22
562,Kavya Malhotra,kavya.malhotra82@yahoo.com,8371364611,Patna,Female,50,2021-09-08
563,Priya Gupta,priya.gupta568@gmail.com,8870107588,Delhi,Female,67,2024-07-12
564,Pooja Patel,pooja.patel441@yahoo.com,8848800459,Ahmedabad,Male,19,2024-12-13
565,Kritika Joshi,kritika.joshi755@hotmail.com,7153894869,Patna,Female,26,2023-11-02
566,Anjali Singh,anjali.singh956@rediffmail.com,7653824835,Kolkata,Male,30,2024-10-13
567,Karan Desai,karan.desai497@hotmail.com,8021616318,Ahmedabad,Male,20,2021-03-17
568,Manish Chopra,manish.chopra714@gmail.com,8396172966,Pune,Male,56,2022-08-04
569,Deepak Singh,deepak.singh851rediffmail.com,8191153850,Patna,Male,19,2023-10-14
570,Anjali Patel,anjali.patel497@gmail.com,8363768714,Nashik,Male,49,2019-11-30
571,Riya Sharma,riya.sharma736@outlook.com,9777883299,Vadodara,Male,35,2019-09-30
572,Divya Joshi,divya.joshi325@rediffmail.com,9820968703,Indore,Male,68,2024-05-13
573,Aadhya Patel,aadhya.patel670@yahoo.com,8767965904,Patna,Other,65,2023-11-14
574,Diya Pillai,diya.pillai959@rediffmail.com,7024624220,Vadodara,Male,64,2022-01-04
575,Vihaan Reddy,vihaan.reddy539gmail.com,8644089368,Kanpur,Female,28,2019-04-18
576,Aarav Bhatt,aarav.bhatt878@rediffmail.com,8665412536,Nashik,Female,39,2023-03-07
577,Reyansh Sharma,reyansh.sharma179@gmail.com,8373766705,Surat,Female,41,2020-07-02
578,Ramesh Reddy,ramesh.reddy653@outlook,9447937453,Jaipur,Female,33,2022-12-30
579,Arjun Kumar,arjun.kumar673@outlook.com,9262096974,Hyderabad,Male,36,2022-08-21
580,Amit Gupta,amit.gupta131@yahoo.com,9486861736,Delhi,Female,45,2023-10-24
581,Ishaan Chopra,ishaan.chopra258@yahoo.com,7323481695,Delhi,Male,55,2019-07-27
582,Aarav Bhatt,aarav.bhatt319@outlook.com,9792132670,Jaipur,Female,18,2021-03-26
582,Aarav Bhatt,aarav.bhatt319@outlook.com,9792132670,Jaipur,Female,18,2021-03-26
583,,aditya.bhatt379@outlook.com,8806754657,hyderabad,Female,179,2024-06-22
584,Reyansh Verma,reyansh.verma143@hotmail.com,7840345897,Agra,Male,49,2023-12-15
585,Ramesh Rao,ramesh.rao105@yahoo.com,7121057673,Pune,Other,25,2020-03-08
585,Ramesh Rao,ramesh.rao105@yahoo.com,7121057673,Pune,Other,25,2020-03-08
586,,ananya.joshi428@yahoo.com,7544846704,Mumbai  ,Male,120,2021-12-26
587,Vihaan Chopra,vihaan.chopra990@yahoo.com,9879239525,Bhopal,Male,35,2020-09-19
588,Ananya Chopra,ananya.chopra812@yahoo.com,7123440092,Ludhiana,Other,65,2019-02-28
589,Shreya Nair,shreya.nair566hotmail.com,7228949164,Bhopal,Other,45,2022-07-06
590,Arjun Verma,arjun.verma319@hotmail,9962975102,Kolkata,Female,47,2024-03-28
591,Meera Bansal,meera.bansal527@hotmail.com,9092042698,Bhopal,Male,31,2020-12-06
592,Diya Pillai,diya.pillai998@hotmail.com,7250211570,Nagpur,Male,57,2021-10-24
593,Sai Iyer,sai.iyer281@outlook.com,7701002857,Bengaluru,Male,22,2021-07-15
594,Pari Joshi,pari.joshi19@yahoo.com,7208405368,Pune,Female,39,2021-01-05
595,Vihaan Rao,vihaan.rao810@rediffmail.com,+91-8984352746,Jaipur,Female,16,2024-08-24
596,Vivaan Nair,vivaan.nair346@gmail.com,7078582310,Kanpur,Female,38,2023-05-28
597,Amit Sharma,amit.sharma222@outlook.com,9088718575,Indore,Other,46,2023-04-03
598,Deepak Agarwal,deepak.agarwal718@rediffmail.com,8370402843,Kanpur,Male,60,2024-02-01
599,Isha Desai,isha.desai808@outlook.com,7445302793,Nashik,Other,54,2023-09-16
600,Myra Patel,myra.patel785@outlook.com,9117877952,Patna,Female,23,2019-06-13
601,Divya Malhotra,divya.malhotra641@hotmail.com,7731431108,Bengaluru,Other,53,2023-04-21
602,Aditya Sharma,aditya.sharma423@gmail.com,9786890504,Kanpur,Female,36,2019-05-06
603,Amit Joshi,amit.joshi41@yahoo.com,7232611317,Ahmedabad,Other,39,2024-12-23
604,Ishaan Desai,ishaan.desai223@gmail.com,8553595549,Mumbai,Female,57,2021-07-03
605,Neha Desai,neha.desai595@yahoo.com,7451462001,Indore,Other,18,2023-11-06
606,Kritika Gupta,kritika.gupta222@rediffmail.com,8833280173,Nashik,Female,61,2024-06-15
607,Vivaan Nair,vivaan.nair127@outlook.com,7933396734,Hyderabad,Male,69,2022-04-06
608,Sneha Chopra,sneha.chopra733@hotmail.com,9864759056,Lucknow,Female,27,2023-12-22
609,Arjun Malhotra,arjun.malhotra836@hotmail.com,7463105590,Nashik,Other,67,2021-09-11
610,Vivaan Agarwal,vivaan.agarwal796@yahoo.com,9464140399,Indore,Female,38,2020-12-11
611,Aarav Agarwal,aarav.agarwal889@outlook.com,9034147088,Chennai,Male,67,2023-03-11
612,Pooja Reddy,pooja.reddy91@outlook.com,9145544745,Ludhiana,Other,18,2024-03-16
613,Aadhya Agarwal,aadhya.agarwal383@gmail.com,7246086904,Chennai,Male,50,2019-05-21
614,Amit Nair,amit.nair679@outlook.com,9191115979,Agra,Male,40,2019-08-31
615,Ayaan Gupta,ayaan.gupta274@gmail.com,8920529355,Jaipur,Male,62,2019-09-15
616,Amit Sharma,amit.sharma997@gmail.com,9043589809,Vadodara,Male,70,2020-06-06
617,Deepak Rao,deepak.rao19@yahoo.com,9185179199,Surat,Other,39,2019-08-22
618,Vivaan Patel,vivaan.patel48@hotmail.com,7771139508,Delhi,Female,34,2021-11-23
619,Ananya Bansal,ananya.bansal136@rediffmail.com,8361374205,Hyderabad,Male,23,2021-06-07
620,Sunita Bhatt,sunita.bhatt756@yahoo.com,9678443996,Nagpur,Female,32,2020-07-01
621,Rohan Nair,rohan.nair970@outlook.com,8485932613,Chennai,Male,31,2021-07-26
622,Anjali Rao,anjali.rao715@outlook.com,7459659088,Patna,Male,61,2022-06-01
623,,arjun.singh397@rediffmail.com,8777112910,Mumbai  ,Female,161,2024-01-15
624,Diya Patel,diya.patel599@outlook,9098509206,Indore,Male,24,2020-06-17
625,Rohan Rao,rohan.rao51@gmail.com,7844798151,Patna,Male,21,2019-04-20
626,Vivaan Chopra,vivaan.chopra391@outlook.com,9622322092,Hyderabad,Other,54,2021-08-13
627,Pooja Singh,pooja.singh465@outlook.com,7678725187,Indore,Other,41,2021-08-24
628,Aadhya Nair,aadhya.nair900@gmail.com,8649327152,Nagpur,Other,64,2019-05-03
629,Vivaan Iyer,vivaan.iyer15@rediffmail.com,7216282298,Lucknow,Male,62,2020-02-29
630,Vivaan Joshi,vivaan.joshi17@rediffmail.com,9704341197,Chennai,Female,38,2024-06-05
631,Anjali Verma,anjali.verma116@rediffmail.com,8179915256,Bengaluru,Male,22,2024-02-05
632,Aarav Desai,aarav.desai99@gmail.com,7527516470,Hyderabad,Male,16,2024-04-22
633,Vivaan Nair,vivaan.nair701@rediffmail.com,7198445379,Nagpur,Female,36,2022-01-08
634,Vivaan Kapoor,vivaan.kapoor997@yahoo.com,8135437036,Mumbai,Female,48,2019-05-25
635,Neha Gupta,neha.gupta155@rediffmail.com,9413849399,Surat,Other,34,2024-05-06
636,Meera Chopra,meera.chopra372@rediffmail.com,8432843394,Nagpur,Female,28,2022-02-20
637,Isha Rao,isha.rao414@gmail.com,7573481394,Kanpur,Female,54,2021-12-10
638,Manish Nair,manish.nair591@yahoo.com,8721988435,Ludhiana,Other,38,2023-02-27
639,Shreya Singh,shreya.singh77@gmail.com,8283821741,Nashik,Male,53,2021-11-23
640,Manish Iyer,manish.iyer121@gmail.com,9565806529,Bengaluru,Female,61,2022-07-30
641,Shreya Chopra,shreya.chopra561@yahoo.com,9592540502,Ludhiana,Male,32,2023-02-16
642,Rahul Gupta,rahul.gupta961@gmail.com,7580519276,Nashik,Male,54,2024-02-17
643,Rohan Sharma,rohan.sharma511@hotmail.com,7403310,Hyderabad,Male,18,2019-04-25
644,Rahul Kapoor,rahul.kapoor975@rediffmail.com,9478626165,Ahmedabad,Male,60,2021-06-13
645,Pooja Joshi,pooja.joshi891@outlook.com,8328686308,Agra,Female,44,2024-10-22
646,Pari Agarwal,pari.agarwal169@hotmail.com,8312735436,Agra,Male,22,2023-11-29
647,Nikhil Reddy,nikhil.reddy852@outlook,9944535854,Mumbai,Male,41,2022-12-30
648,Nikhil Pillai,nikhil.pillai24@gmail.com,8832046618,Chennai,Male,68,2020-12-19
649,Diya Bhatt,diya.bhatt231@rediffmail.com,9326543540,Surat,Other,20,2020-08-13
650,Sanjay Verma,sanjay.verma674@outlook.com,7915787610,Hyderabad,Other,31,2021-03-20
651,Ananya Chopra,ananya.chopra356@hotmail.com,8393157425,Mumbai,Female,16,2021-01-01
652,Kavya Sharma,kavya.sharma508@rediffmail.com,8406469402,Mumbai,Male,39,2020-10-06
653,Rahul Mehta,rahul.mehta907@yahoo.com,9264646243,Vadodara,Male,61,2019-03-28
654,Ishaan Pillai,ishaan.pillai344@gmail.com,8538293511,Jaipur,Female,39,2021-05-07
655,Sanjay Bhatt,sanjay.bhatt659@hotmail.com,8122779896,Hyderabad,Male,30,2020-11-08
656,Shreya Chopra,shreya.chopra546@rediffmail.com,8019136542,Kanpur,Male,43,2024-10-27
657,Pari Patel,pari.patel549@gmail.com,7348484861,Kolkata,Other,24,2022-04-28
658,Ishaan Chopra,ishaan.chopra487@rediffmail.com,8303593906,Surat,Other,37,2020-10-13
659,Shreya Kumar,shreya.kumar821@rediffmail.com,7812867274,Delhi,Female,56,2022-04-23
660,Rahul Agarwal,rahul.agarwal954@rediffmail.com,8063110740,Nagpur,Male,30,2024-01-24
661,Aditya Iyer,aditya.iyer364@yahoo.com,995028894,Nashik,Male,43,2020-02-27
662,Divya Kapoor,divya.kapoor562@outlook.com,9929764807,Bhopal,Other,30,2021-05-05
662,Divya Kapoor,divya.kapoor562@outlook.com,9929764807,Bhopal,Other,30,2021-05-05
663,,aditya.pillai223@rediffmail.com,7207582558,Chennai  ,Female,142,2019-01-22
664,Aadhya Iyer,aadhya.iyer939@gmail.com,9405734718,Surat,Male,68,2020-05-23
665,Anjali Nair,anjali.nair119@outlook.com,9905658973,Ahmedabad,Other,48,2024-03-05
666,Isha Joshi,isha.joshi786@gmail.com,9211351477,Patna,Male,64,2024-01-02
667,Ananya Chopra,ananya.chopra174@rediffmail.com,8303812327,Chennai,Other,52,2023-09-25
668,Sunita Nair,sunita.nair82@gmail.com,7842807681,Bhopal,Other,32,2022-10-02
669,Anika Patel,anika.patel823outlook.com,7075110315,Pune,Female,18,2019-06-05
670,Kritika Kumar,kritika.kumar298@gmail.com,9084546792,Surat,Male,32,2022-03-30
671,Anika Joshi,anika.joshi182@rediffmail.com,8207134351,Kolkata,Male,56,2023-07-10
672,Deepak Verma,deepak.verma499@outlook.com,7956892783,Ludhiana,Male,33,2020-12-17
673,Shreya Mehta,shreya.mehta918rediffmail.com,8447890,Nashik,Other,33,2020-05-14
674,Vivaan Nair,vivaan.nair930@outlook.com,9164659713,Agra,Male,23,2024-11-22
675,Arjun Iyer,arjun.iyer921@yahoo.com,9425336076,Ludhiana,Other,62,2019-07-06
675,Arjun Iyer,arjun.iyer921@yahoo.com,9425336076,Ludhiana,Other,62,2019-07-06
676,,pari.reddy583@rediffmail.com,+91-9088744204,agra,Female,131,2023-05-04
677,Meera Reddy,meera.reddy901@rediffmail.com,9803059187,Pune,Male,30,2023-01-11
678,Anika Agarwal,anika.agarwal729@outlook.com,8860183337,Agra,Male,21,2022-04-24
679,Anjali Iyer,anjali.iyer268@rediffmail.com,9299284689,Lucknow,Female,70,2024-08-24
680,Krishna Reddy,krishna.reddy805gmail.com,7253771945,Bengaluru,Male,55,2023-07-10
681,Krishna Nair,krishna.nair695@yahoo.com,8470034089,Surat,Male,41,2019-06-19
682,Deepak Gupta,deepak.gupta733@rediffmail.com,9825956931,Mumbai,Male,47,2022-09-30
683,Ananya Kumar,ananya.kumar356@outlook.com,9358211509,Kanpur,Male,43,2024-01-17
684,Riya Chopra,riya.chopra203@gmail.com,8784696288,Delhi,Female,17,2022-01-15
685,Aadhya Bhatt,aadhya.bhatt247@rediffmail,8776768373,Indore,Female,25,2024-10-25
686,Riya Chopra,riya.chopra634@rediffmail.com,8767675328,Ludhiana,Other,50,2019-12-15
687,Ishaan Reddy,ishaan.reddy418@outlook.com,8700743836,Jaipur,Male,59,2022-07-23
688,Anjali Agarwal,anjali.agarwal945@gmail.com,82493932,Patna,Male,36,2023-07-08
689,Divya Reddy,divya.reddy868@outlook.com,7280941471,Patna,Other,29,2023-04-26
690,Sai Verma,sai.verma152@gmail.com,8512528892,Indore,Male,19,2020-05-11
691,Ayaan Agarwal,ayaan.agarwal12@gmail.com,8258958152,Pune,Other,44,2021-04-29
692,Ananya Kapoor,ananya.kapoor956@outlook.com,8438679380,Vadodara,Male,23,2023-01-31
693,Sanjay Singh,sanjay.singh627@gmail.com,8585802958,Kolkata,Other,35,2020-02-16
694,Divya Bansal,divya.bansal192@yahoo,7316709354,Vadodara,Other,47,2019-05-28
695,Sai Iyer,sai.iyer364@yahoo.com,9949493398,Bhopal,Female,55,2020-10-25
696,Ishaan Chopra,ishaan.chopra604@rediffmail.com,7935786311,Nagpur,Male,61,2021-06-10
697,Priya Reddy,priya.reddy368@gmail.com,7507913805,Hyderabad,Other,43,2021-02-13
698,Suresh Singh,suresh.singh630@rediffmail.com,9135473115,Ludhiana,Female,27,2023-03-08
699,Suresh Agarwal,suresh.agarwal418hotmail.com,8386106191,Hyderabad,Male,54,2023-02-01
700,Riya Chopra,riya.chopra757@hotmail.com,7151663873,Nagpur,Male,56,2019-09-02
701,Deepak Agarwal,deepak.agarwal621@yahoo.com,9118123678,Bengaluru,Other,51,2019-10-12
702,Manish Reddy,manish.reddy230@rediffmail.com,9091738474,Pune,Female,24,2020-02-27
703,Divya Pillai,divya.pillai412@yahoo.com,7451379644,Vadodara,Male,49,2022-04-04
704,Kritika Agarwal,kritika.agarwal933@outlook.com,7450490865,Chennai,Other,59,2023-05-20
705,Saanvi Gupta,saanvi.gupta803@gmail.com,9663158991,Delhi,Other,17,2020-01-21
706,Isha Agarwal,isha.agarwal598@yahoo.com,7783499307,Hyderabad,Female,31,2023-01-06
706,Isha Agarwal,isha.agarwal598@yahoo.com,7783499307,Hyderabad,Female,31,2023-01-06
707,,kavya.malhotra261@gmail.com,7159521958,ahmedabad,Male,179,2024-11-03
708,Reyansh Reddy,reyansh.reddy897@yahoo.com,7574182266,Kolkata,Male,52,2023-07-19
709,Pari Bhatt,pari.bhatt636@yahoo.com,7341416618,Chennai,Male,30,2019-08-10
710,Karan Malhotra,karan.malhotra278@outlook.com,8683006279,Pune,Female,60,2021-11-10
711,Sanjay Bansal,sanjay.bansal584@rediffmail.com,9570913251,Kolkata,Female,24,2020-02-14
712,Sunita Verma,sunita.verma636@outlook.com,8052952510,Agra,Female,54,2020-06-10
713,Amit Bhatt,amit.bhatt141@gmail.com,83770124,Lucknow,Other,67,2022-06-28
714,Myra Mehta,myra.mehta457@yahoo.com,7634454348,Delhi,Other,64,2019-04-18
715,Sunita Patel,sunita.patel157@gmail.com,8809315310,Kanpur,Other,32,2021-12-03
716,Anika Bansal,anika.bansal843@outlook.com,7031770149,Chennai,Other,39,2021-12-31
717,Priya Gupta,priya.gupta48@outlook.com,9584453893,Delhi,Female,20,2024-01-07
718,Meera Iyer,meera.iyer656@gmail,9049445571,Delhi,Other,38,2020-09-02
719,Nikhil Gupta,nikhil.gupta908@yahoo.com,8746727001,Agra,Male,25,2023-10-31
720,Kritika Bansal,kritika.bansal1@hotmail.com,7036977636,Ahmedabad,Female,45,2019-11-06
721,Ayaan Desai,ayaan.desai281@outlook.com,8273252099,Bengaluru,Male,44,2019-11-19
722,Ananya Nair,ananya.nair636@hotmail.com,7894471774,Nashik,Other,47,2019-01-02
723,Arjun Chopra,arjun.chopra59@yahoo.com,70134036,Indore,Other,33,2023-02-17
724,Sunita Mehta,sunita.mehta289@gmail.com,7808063404,Chennai,Other,17,2024-11-30
725,Isha Bansal,isha.bansal106@hotmail.com,8786851241,Chennai,Male,67,2021-10-25
726,Divya Sharma,divya.sharma822@rediffmail.com,7678795021,Patna,Male,55,2024-12-27
727,Meera Kumar,meera.kumar254@outlook.com,8995250347,Hyderabad,Other,17,2023-01-19
728,Myra Agarwal,myra.agarwal107@yahoo.com,92079992,Ahmedabad,Female,48,2024-04-15
729,Meera Bhatt,meera.bhatt706@rediffmail.com,7230213685,Mumbai,Male,27,2022-01-02
730,Neha Patel,neha.patel483@gmail.com,9767557834,Bengaluru,Female,21,2020-01-31
731,Anjali Iyer,anjali.iyer120@outlook.com,9694427058,Hyderabad,Female,33,2021-03-29
732,Reyansh Singh,reyansh.singh895@yahoo.com,7980271774,Pune,Female,21,2024-08-25
733,Divya Pillai,divya.pillai409@yahoo.com,8064454374,Agra,Other,56,2023-05-11
734,Ishaan Nair,ishaan.nair332@gmail.com,8102447155,Kanpur,Female,46,2022-03-16
735,Ramesh Gupta,ramesh.gupta920@hotmail.com,8804693051,Nashik,Other,70,2021-11-19
736,Manish Pillai,manish.pillai578@yahoo.com,9307054353,Bhopal,Male,50,2022-06-02
737,Karan Sharma,karan.sharma258@hotmail.com,7090760357,Surat,Other,63,2024-07-21
738,Vihaan Nair,vihaan.nair272@hotmail.com,7887353313,Surat,Other,62,2024-12-06
739,Diya Sharma,diya.sharma922@hotmail.com,8211017748,Bengaluru,Female,62,2021-04-28
740,Myra Desai,myra.desai679@rediffmail.com,9236530413,Ahmedabad,Female,65,2024-05-21
741,Shreya Iyer,shreya.iyer516@gmail.com,7439587092,Patna,Male,69,2021-10-17
742,Isha Verma,isha.verma476hotmail.com,7494746905,Kanpur,Other,50,2024-02-16
742,Isha Verma,isha.verma476hotmail.com,7494746905,Kanpur,Other,50,2024-02-16
743,,kritika.malhotra149@gmail.com,7466083951,nashik,Other,186,2020-12-05
744,Nikhil Gupta,nikhil.gupta789@outlook.com,7500717185,Nagpur,Female,59,2024-02-15
745,Vihaan Joshi,vihaan.joshi979hotmail.com,9955616871,Ludhiana,Other,42,2021-08-13
746,Anika Rao,anika.rao402@rediffmail.com,9666381853,Indore,Other,29,2023-10-05
747,Arjun Singh,arjun.singh139@hotmail.com,+91-8427746595,Agra,Other,53,2021-01-14
748,Pari Verma,pari.verma372@outlook.com,9980366573,Agra,Female,51,2024-08-19
749,Krishna Bhatt,krishna.bhatt427rediffmail.com,7509684853,Bengaluru,Female,68,2023-01-06
750,Riya Patel,riya.patel468@hotmail.com,7111390723,Jaipur,Female,60,2023-02-01
751,Sneha Kumar,sneha.kumar829@outlook.com,7701390970,Pune,Female,34,2022-03-27
752,Rohan Singh,rohan.singh205@outlook.com,8717262712,Nashik,Female,20,2023-03-08
753,Amit Singh,amit.singh799@hotmail.com,9117368185,Nagpur,Female,33,2022-04-14
754,Shreya Sharma,shreya.sharma262@rediffmail.com,8806123853,Delhi,Other,57,2023-01-13
755,Karan Nair,karan.nair417@yahoo,8266998504,Bhopal,Female,21,2023-12-14
756,Aarav Sharma,aarav.sharma988hotmail.com,7798001943,Agra,Other,30,2023-01-13
757,Saanvi Kapoor,saanvi.kapoor37@gmail.com,8284281470,Mumbai,Female,23,2020-05-24
758,Suresh Pillai,suresh.pillai690@outlook.com,9993950501,Pune,Male,61,2022-12-09
759,Ayaan Rao,ayaan.rao681@outlook,8621576639,Nagpur,Male,64,2021-07-26
760,Kritika Agarwal,kritika.agarwal104@hotmail.com,9233541061,Indore,Other,46,2019-09-25
761,Divya Kumar,divya.kumar366@rediffmail.com,9648149611,Ludhiana,Other,43,2019-08-17
762,Amit Kapoor,amit.kapoor290@yahoo.com,9059194507,Bhopal,Male,65,2022-04-09
763,Sneha Chopra,sneha.chopra75@rediffmail.com,9833059963,Bengaluru,Female,20,2020-08-07
764,Myra Iyer,myra.iyer875@rediffmail.com,9915305789,Bengaluru,Male,31,2019-11-28
765,Vivaan Mehta,vivaan.mehta382@yahoo.com,8206279396,Kanpur,Other,58,2024-09-18
766,Diya Mehta,diya.mehta822@outlook.com,8948573147,Nagpur,Other,69,2023-07-05
767,Kavya Agarwal,kavya.agarwal248@rediffmail.com,8537846790,Mumbai,Female,37,2023-03-30
768,Aadhya Patel,aadhya.patel25@yahoo.com,9338451502,Indore,Other,39,2024-10-06
769,Krishna Patel,krishna.patel197@yahoo.com,7468903371,Pune,Female,70,2021-12-01
770,Aadhya Gupta,aadhya.gupta336@outlook,9374233731,Indore,Other,36,2024-05-11
771,Ayaan Chopra,ayaan.chopra741@gmail.com,8840765461,Vadodara,Female,69,2021-09-01
772,Suresh Gupta,suresh.gupta887@rediffmail.com,7192548816,Jaipur,Female,67,2019-06-06
773,Sai Mehta,sai.mehta629@yahoo.com,8159210489,Patna,Other,36,2022-02-26
774,Rohan Mehta,rohan.mehta247@gmail.com,8131791648,Jaipur,Other,34,2022-01-07
775,Manish Kapoor,manish.kapoor337@yahoo.com,8725443403,Jaipur,Other,51,2022-11-07
776,Shreya Iyer,shreya.iyer844@gmail.com,9056523295,Patna,Male,27,2020-07-09
777,Nikhil Chopra,nikhil.chopra379@gmail.com,7911652139,Bhopal,Other,53,2022-11-29
778,Manish Kumar,manish.kumar317@outlook.com,9371489054,Vadodara,Male,17,2024-11-30
779,Manish Chopra,manish.chopra787@rediffmail.com,7067812387,Chennai,Female,54,2023-03-23
780,Ayaan Reddy,ayaan.reddy671@yahoo.com,+91-7266668705,Ludhiana,Female,30,2022-12-11
781,Pooja Joshi,pooja.joshi935@rediffmail.com,7454633185,Surat,Male,26,2020-08-04
782,Suresh Bansal,suresh.bansal573@gmail.com,8394578777,Ludhiana,Female,68,2024-10-31
782,Suresh Bansal,suresh.bansal573@gmail.com,8394578777,Ludhiana,Female,68,2024-10-31
783,,saanvi.bhatt406@rediffmail.com,9597245459,NAGPUR,Female,143,2023-06-06
784,Diya Rao,diya.rao698@rediffmail.com,9399271177,Nashik,Male,18,2024-01-20
785,Kritika Malhotra,kritika.malhotra474@yahoo.com,8948551704,Nagpur,Male,61,2020-04-09
786,Rohan Sharma,rohan.sharma32@outlook.com,7402552317,Kolkata,Male,55,2020-03-23
787,Ramesh Rao,ramesh.rao35@hotmail.com,8559211241,Indore,Female,21,2019-02-21
788,Pari Malhotra,pari.malhotra711@hotmail.com,7518290278,Kanpur,Female,69,2024-11-08
789,Vihaan Reddy,vihaan.reddy290@rediffmail.com,8698223890,Nagpur,Female,42,2024-11-05
790,Priya Rao,priya.rao200@yahoo.com,9937348207,Indore,Male,40,2024-07-09
791,Pooja Desai,pooja.desai857@rediffmail.com,8707588149,Nashik,Female,28,2021-07-13
792,Ishaan Bhatt,ishaan.bhatt595@yahoo.com,9689710853,Chennai,Male,20,2022-07-25
793,Riya Kumar,riya.kumar873@outlook.com,9304874309,Ludhiana,Female,36,2021-02-02
794,Aadhya Desai,aadhya.desai361@yahoo,7607172859,Lucknow,Female,50,2021-05-26
795,Ramesh Pillai,ramesh.pillai216@rediffmail.com,7561467655,Hyderabad,Other,45,2020-05-21
796,Reyansh Iyer,reyansh.iyer983@rediffmail.com,8577124019,Ludhiana,Male,61,2021-11-08
797,Amit Kumar,amit.kumar83@hotmail.com,8804932911,Delhi,Male,35,2024-05-02
798,Ramesh Sharma,ramesh.sharma539@gmail.com,8437870140,Nagpur,Male,28,2019-10-25
799,Arjun Iyer,arjun.iyer162@hotmail.com,9533452549,Ahmedabad,Other,43,2019-01-24
800,Karan Desai,karan.desai646@rediffmail.com,+91-9345794533,Surat,Other,70,2020-04-22
801,Pari Rao,pari.rao367@outlook.com,7135818996,Vadodara,Female,38,2022-09-15
802,Amit Singh,amit.singh66@rediffmail.com,7828228618,Vadodara,Male,47,2020-12-21
803,Sneha Iyer,sneha.iyer404@hotmail.com,7223268275,Agra,Female,56,2019-10-01
804,Arjun Malhotra,arjun.malhotra116@gmail.com,9755727907,Nashik,Other,69,2024-01-13
805,Aadhya Chopra,aadhya.chopra970@rediffmail.com,8350434809,Nashik,Female,23,2023-05-01
806,Kritika Agarwal,kritika.agarwal92@rediffmail.com,8770900001,Agra,Other,47,2023-02-21
807,Kavya Kapoor,kavya.kapoor112@hotmail.com,8030326865,Jaipur,Male,23,2021-01-28
808,Aarav Mehta,aarav.mehta545@yahoo.com,9478786692,Nashik,Male,61,2019-02-24
809,Aadhya Patel,aadhya.patel751@outlook.com,7000451831,Lucknow,Female,22,2020-07-12
810,Sai Patel,sai.patel538@hotmail.com,8955868705,Nagpur,Other,69,2022-06-11
810,Sai Patel,sai.patel538@hotmail.com,8955868705,Nagpur,Other,69,2022-06-11
811,,sneha.bansal947@hotmail.com,9081818446,LUDHIANA,Male,184,2021-07-30
812,Sneha Rao,sneha.rao80@outlook.com,7514580821,Jaipur,Male,48,2020-05-27
813,Deepak Reddy,deepak.reddy256@yahoo.com,7716337441,Chennai,Other,50,2022-04-05
814,Nikhil Kapoor,nikhil.kapoor42@outlook.com,8699550729,Patna,Male,55,2024-10-21
815,Krishna Iyer,krishna.iyer85@gmail.com,9797655875,Kolkata,Male,30,2022-12-18
816,Krishna Chopra,krishna.chopra537@hotmail.com,8869095217,Lucknow,Female,54,2021-07-15
817,Ananya Verma,ananya.verma489@gmail.com,7476823998,Lucknow,Male,16,2020-05-22
818,Nikhil Verma,nikhil.verma563gmail.com,8903746272,Chennai,Male,65,2019-04-15
819,Diya Nair,diya.nair612@outlook.com,9863380608,Pune,Female,41,2022-05-18
820,Kavya Patel,kavya.patel538@gmail.com,9376224955,Chennai,Other,45,2019-10-29
821,Manish Mehta,manish.mehta82@hotmail.com,99276943,Kolkata,Other,61,2020-04-16
822,Diya Iyer,diya.iyer915@gmail.com,8240470061,Surat,Male,34,2021-09-27
823,Diya Verma,diya.verma328@gmail.com,7377327160,Nashik,Male,45,2022-03-09
824,Karan Bansal,karan.bansal978@yahoo.com,8691410166,Ludhiana,Female,45,2022-08-04
825,Pari Agarwal,pari.agarwal726@gmail.com,7341298170,Pune,Female,37,2020-09-07
826,Ramesh Mehta,ramesh.mehta106@rediffmail,9368354263,Nashik,Male,39,2022-08-23
827,Riya Iyer,riya.iyer148@gmail.com,9371468222,Hyderabad,Other,29,2022-01-18
828,Myra Nair,myra.nair625@hotmail.com,8028160536,Agra,Other,68,2021-10-02
829,Myra Mehta,myra.mehta8@outlook.com,9654430560,Agra,Female,23,2020-08-16
830,Sunita Pillai,sunita.pillai948@rediffmail,8833862768,Pune,Male,40,2020-02-26
831,Ayaan Gupta,ayaan.gupta264@rediffmail.com,8956270211,Chennai,Other,53,2021-02-24
832,Sunita Malhotra,sunita.malhotra861@gmail.com,7101297983,Bhopal,Female,56,2019-05-04
833,Ananya Desai,ananya.desai399@gmail.com,7294232684,Nashik,Male,60,2024-11-01
834,Neha Joshi,neha.joshi752@outlook.com,8684761765,Jaipur,Female,39,2023-03-20
835,Rohan Gupta,rohan.gupta504@yahoo.com,7034463945,Indore,Other,43,2020-04-10
836,Shreya Mehta,shreya.mehta128@gmail.com,7951642234,Pune,Male,53,2019-03-03
837,Kritika Joshi,kritika.joshi674@gmail.com,8465665037,Ahmedabad,Female,54,2019-02-02
838,Manish Nair,manish.nair648@outlook.com,7124299677,Lucknow,Female,32,2021-06-21
839,Suresh Bhatt,suresh.bhatt394@outlook.com,8994943994,Pune,Other,61,2022-06-04
840,Priya Reddy,priya.reddy26@rediffmail.com,9810018528,Bengaluru,Male,50,2024-06-09
841,Sanjay Patel,sanjay.patel496@yahoo.com,+91-8762114655,Mumbai,Other,35,2019-12-01
842,,suresh.nair212@hotmail.com,+91-9836453503,NASHIK,Other,187,2024-01-11
843,Shreya Nair,shreya.nair48@gmail.com,9448099470,Agra,Male,51,2020-05-01
844,Sai Nair,sai.nair220@outlook.com,9983423806,Patna,Male,39,2022-06-29
845,Aditya Desai,aditya.desai67@gmail.com,7029566702,Bengaluru,Male,25,2021-08-28
846,Aarav Rao,aarav.rao553@rediffmail.com,7432853867,Nashik,Female,31,2020-08-31
847,Deepak Patel,deepak.patel680@rediffmail.com,7164404445,Surat,Female,44,2021-11-03
848,Amit Iyer,amit.iyer904@hotmail.com,7838401497,Patna,Other,66,2019-04-07
849,Sai Singh,sai.singh76@outlook.com,7801614908,Vadodara,Male,22,2020-11-19
850,Ayaan Reddy,ayaan.reddy242@outlook.com,9737314204,Patna,Female,41,2020-08-04
851,Shreya Gupta,shreya.gupta264hotmail.com,9296794527,Bhopal,Male,67,2024-07-15
852,Karan Reddy,karan.reddy542@rediffmail.com,9044088326,Bhopal,Female,63,2020-03-19
853,Kavya Agarwal,kavya.agarwal455@outlook.com,9589638873,Agra,Other,42,2020-02-22
854,Rahul Sharma,rahul.sharma780@gmail.com,9788741,Chennai,Male,46,2020-01-08
855,Suresh Chopra,suresh.chopra877@outlook.com,+91-8493612426,Surat,Male,43,2023-04-13
856,Manish Bansal,manish.bansal351@hotmail.com,8946061597,Jaipur,Other,45,2020-02-27
857,Meera Rao,meera.rao763@gmail.com,7816446885,Mumbai,Other,45,2022-08-30
858,Shreya Malhotra,shreya.malhotra258@gmail.com,8918860320,Chennai,Other,43,2024-07-03
859,Aarav Rao,aarav.rao695@rediffmail.com,8252266774,Surat,Male,18,2019-03-15
860,Ayaan Kumar,ayaan.kumar976@outlook.com,9266445366,Nashik,Female,37,2021-02-22
861,Reyansh Joshi,reyansh.joshi836@hotmail.com,7696323775,Jaipur,Male,48,2021-12-21
862,Deepak Gupta,deepak.gupta797@hotmail.com,9038775420,Delhi,Other,45,2022-03-17
863,Vivaan Agarwal,vivaan.agarwal37@gmail.com,9871158952,Mumbai,Other,54,2022-02-20
864,Saanvi Joshi,saanvi.joshi410@outlook.com,7406529522,Pune,Male,52,2021-09-28
865,Kavya Mehta,kavya.mehta892@yahoo.com,9686100927,Ludhiana,Female,67,2020-12-26
866,Rahul Joshi,rahul.joshi732@yahoo.com,+91-7081970184,Kolkata,Other,33,2023-12-19
867,Suresh Bhatt,suresh.bhatt100@outlook.com,8573933998,Delhi,Female,25,2019-09-02
868,Deepak Kumar,deepak.kumar728rediffmail.com,958626549,Nashik,Female,49,2021-11-21
869,Aadhya Chopra,aadhya.chopra547@outlook.com,8946252404,Chennai,Female,64,2019-01-21
870,Krishna Pillai,krishna.pillai798@rediffmail.com,7224445817,Agra,Female,28,2022-12-27
871,Sneha Malhotra,sneha.malhotra152@yahoo.com,9153957482,Delhi,Female,34,2021-02-25
872,Vivaan Joshi,vivaan.joshi243@rediffmail.com,9633031145,Patna,Male,28,2021-07-13
873,Karan Iyer,karan.iyer70@yahoo,7010028414,Chennai,Female,41,2024-07-28
874,,aadhya.kapoor412@hotmail.com,9324614771,CHENNAI,Female,120,2023-08-07
875,Anjali Kapoor,anjali.kapoor440@rediffmail.com,9846502972,Chennai,Female,70,2022-09-30
876,Deepak Gupta,deepak.gupta340@yahoo.com,7197976371,Chennai,Other,21,2023-10-02
877,Arjun Gupta,arjun.gupta946@outlook.com,8364844297,Kolkata,Female,66,2022-02-16
878,Sai Singh,sai.singh595@gmail.com,8045881322,Agra,Male,29,2021-05-02
879,Shreya Patel,shreya.patel727@rediffmail.com,9597407052,Chennai,Other,34,2024-09-09
880,Aadhya Patel,aadhya.patel970@yahoo.com,8347491734,Patna,Male,51,2023-08-08
881,Sanjay Reddy,sanjay.reddy978@outlook.com,7777441095,Ludhiana,Other,37,2021-12-02
882,Ishaan Nair,ishaan.nair829@yahoo.com,7458979057,Ludhiana,Male,60,2020-08-11
883,Pooja Pillai,pooja.pillai503@gmail.com,8066553466,Delhi,Male,19,2019-10-13
884,Neha Kapoor,neha.kapoor119@hotmail.com,7119972293,Kanpur,Female,41,2020-09-08
885,Vihaan Nair,vihaan.nair588@yahoo.com,7672398264,Bhopal,Male,65,2023-02-06
886,Riya Patel,riya.patel678@rediffmail.com,7881434557,Pune,Other,18,2024-02-16
887,Suresh Gupta,suresh.gupta540@outlook.com,7993026376,Bhopal,Other,23,2021-07-26
888,Aadhya Kapoor,aadhya.kapoor108@outlook.com,9679712281,Pune,Other,25,2023-06-06
889,Anika Agarwal,anika.agarwal353@hotmail.com,9694225725,Vadodara,Other,43,2023-11-27
890,Suresh Iyer,suresh.iyer506@outlook.com,9744119804,Vadodara,Other,61,2020-09-11
891,Priya Kapoor,priya.kapoor39@gmail.com,7342563,Mumbai,Other,37,2021-08-14
892,Sanjay Iyer,sanjay.iyer640@gmail.com,8032036210,Mumbai,Other,51,2022-07-24
893,Suresh Patel,suresh.patel951@hotmail.com,8275109420,Ludhiana,Female,59,2022-09-04
894,Riya Singh,riya.singh204@hotmail.com,7853602163,Delhi,Other,23,2020-12-12
895,Ishaan Singh,ishaan.singh990@gmail.com,7635645074,Nagpur,Female,61,2019-10-06
896,Neha Singh,neha.singh984@gmail.com,+91-9372657365,Vadodara,Male,33,2020-02-22
897,Aditya Kapoor,aditya.kapoor902@hotmail.com,7273431772,Surat,Female,19,2019-06-19
898,Myra Kapoor,myra.kapoor771@rediffmail.com,7243354608,Agra,Male,47,2022-12-14
899,Meera Verma,meera.verma567@yahoo.com,8018103872,Delhi,Male,67,2019-01-06
900,Rohan Kumar,rohan.kumar657@rediffmail.com,8729424088,Bengaluru,Other,26,2020-10-18
901,Shreya Kumar,shreya.kumar639@gmail.com,9386527706,Nagpur,Male,21,2021-01-02
902,Sanjay Malhotra,sanjay.malhotra27@yahoo.com,9851104172,Hyderabad,Female,35,2024-10-26
903,Sanjay Kumar,sanjay.kumar283@rediffmail.com,8504882296,Vadodara,Female,46,2024-09-23
904,Ayaan Singh,ayaan.singh778@hotmail.com,9140947241,Patna,Other,61,2021-08-31
905,Shreya Mehta,shreya.mehta522@gmail.com,7388265132,Chennai,Other,41,2023-03-16
906,Deepak Agarwal,deepak.agarwal469@outlook.com,8808354174,Kolkata,Male,55,2021-12-04
907,Saanvi Iyer,saanvi.iyer460@yahoo.com,9785641939,Hyderabad,Female,56,2023-02-20
908,Myra Agarwal,myra.agarwal793@outlook.com,8033598930,Hyderabad,Other,49,2020-02-08
909,Myra Reddy,myra.reddy514@rediffmail.com,8917814748,Vadodara,Other,57,2023-05-22
910,Arjun Malhotra,arjun.malhotra670@gmail.com,8734714770,Chennai,Female,68,2023-11-06
911,Arjun Patel,arjun.patel748@hotmail.com,8276459653,Delhi,Female,41,2023-12-19
912,Nikhil Bansal,nikhil.bansal877@hotmail.com,9383662857,Ahmedabad,Male,23,2022-07-04
913,Vivaan Agarwal,vivaan.agarwal59@rediffmail.com,9106086994,Mumbai,Male,28,2019-08-17
914,Rahul Singh,rahul.singh23@gmail.com,7858894255,Chennai,Other,19,2021-10-29
915,Aadhya Verma,aadhya.verma755@outlook.com,7703219077,Patna,Other,17,2020-05-23
916,Divya Pillai,divya.pillai524@yahoo.com,8458399588,Mumbai,Male,69,2019-04-20
917,Suresh Iyer,suresh.iyer569@gmail.com,71241595,Vadodara,Female,16,2024-12-28
918,Rohan Nair,rohan.nair746@rediffmail.com,7018185405,Vadodara,Male,34,2020-09-10
919,Deepak Sharma,deepak.sharma859@rediffmail.com,8016828729,Vadodara,Other,20,2020-06-25
920,Sneha Mehta,sneha.mehta755@yahoo.com,8192800903,Ludhiana,Other,61,2023-05-18
921,Sanjay Joshi,sanjay.joshi15@yahoo.com,9654842379,Kolkata,Female,22,2020-10-18
922,Kavya Agarwal,kavya.agarwal80@outlook.com,7034489106,Ahmedabad,Female,44,2024-10-25
923,Aditya Kumar,aditya.kumar173@hotmail.com,8802404191,Bengaluru,Female,33,2024-02-16
924,Ishaan Reddy,ishaan.reddy729@gmail.com,7081270824,Bhopal,Female,33,2022-05-19
925,Meera Pillai,meera.pillai279@hotmail.com,7583339509,Ludhiana,Other,58,2023-11-02
926,Riya Singh,riya.singh464@gmail.com,9426691059,Jaipur,Other,51,2020-06-22
927,Diya Bhatt,diya.bhatt447@outlook.com,7289138049,Lucknow,Male,17,2022-02-05
928,Sunita Kapoor,sunita.kapoor119@yahoo.com,81863601,Ahmedabad,Male,57,2023-08-31
929,Aadhya Singh,aadhya.singh69@yahoo.com,7119388776,Bengaluru,Male,48,2020-11-01
930,Ishaan Kumar,ishaan.kumar687@rediffmail.com,7500394918,Kanpur,Other,55,2024-07-19
931,Diya Kumar,diya.kumar213@gmail.com,7479934411,Ludhiana,Female,51,2024-12-10
932,Vivaan Kumar,vivaan.kumar912@outlook.com,9784397406,Kolkata,Male,27,2021-12-09
933,Pari Bansal,pari.bansal995@gmail.com,9344486437,Ahmedabad,Male,56,2024-10-14
934,Sunita Bhatt,sunita.bhatt699@rediffmail.com,9527723855,Kolkata,Male,32,2021-12-29
935,Ishaan Rao,ishaan.rao402@yahoo,8157927852,Bhopal,Other,40,2019-04-02
936,Arjun Rao,arjun.rao827@rediffmail.com,9137199742,Nagpur,Female,58,2020-01-20
937,Meera Gupta,meera.gupta513@gmail.com,7747935485,Ahmedabad,Male,51,2021-06-16
938,Suresh Nair,suresh.nair733@gmail.com,7898401264,Agra,Female,37,2023-08-14
939,Arjun Gupta,arjun.gupta65@outlook,9053705397,Lucknow,Other,20,2021-09-13
940,Pari Desai,pari.desai344@outlook.com,8079088775,Bengaluru,Female,69,2020-09-07
941,Vihaan Kumar,vihaan.kumar931@outlook.com,7965151760,Hyderabad,Other,19,2022-11-05
941,Vihaan Kumar,vihaan.kumar931@outlook.com,7965151760,Hyderabad,Other,19,2022-11-05
942,,sanjay.gupta177outlook.com,8757057026,Pune  ,Male,148,2024-08-07
943,Suresh Kumar,suresh.kumar743@hotmail.com,7719886012,Ahmedabad,Female,30,2021-07-14
944,Riya Singh,riya.singh959@outlook.com,7554806790,Agra,Male,63,2020-06-08
945,Ayaan Mehta,ayaan.mehta989@gmail.com,9031709503,Nashik,Male,51,2020-01-23
946,Diya Verma,diya.verma32@gmail.com,7842556770,Ludhiana,Other,41,2020-02-07
947,Sunita Joshi,sunita.joshi527@outlook.com,9816005053,Jaipur,Other,30,2024-03-30
948,Ananya Agarwal,ananya.agarwal377@gmail.com,8201667315,Lucknow,Male,32,2024-07-25
949,Pooja Mehta,pooja.mehta121@yahoo.com,9972507083,Nagpur,Other,27,2024-12-01
950,Aarav Agarwal,aarav.agarwal880@gmail,7279849354,Indore,Other,66,2022-08-03
951,Deepak Desai,deepak.desai417@rediffmail.com,+91-7915505613,Ahmedabad,Other,49,2019-03-11
952,Neha Singh,neha.singh902@rediffmail.com,8551573518,Hyderabad,Female,48,2023-06-20
953,,isha.rao721@rediffmail.com,9108753657,hyderabad,Male,155,2024-09-19
954,Anjali Rao,anjali.rao628@gmail.com,7271061512,Nashik,Other,63,2022-01-18
955,Saanvi Verma,saanvi.verma784@outlook.com,9378627182,Hyderabad,Other,47,2023-08-27
956,Ramesh Singh,ramesh.singh495@rediffmail.com,9634485378,Kolkata,Female,22,2021-03-29
957,Ayaan Malhotra,ayaan.malhotra658@hotmail.com,7064073933,Pune,Female,70,2023-05-11
958,Pooja Rao,pooja.rao831@outlook.com,8677389869,Indore,Male,56,2023-06-28
958,Pooja Rao,pooja.rao831@outlook.com,8677389869,Indore,Male,56,2023-06-28
959,,reyansh.reddy959@outlook.com,9613927674,PUNE,Female,166,2023-03-25
960,Sanjay Chopra,sanjay.chopra473@yahoo.com,8244774798,Bhopal,Other,68,2020-12-30
961,Divya Joshi,divya.joshi539@hotmail.com,8532036786,Delhi,Other,59,2019-10-01
962,Saanvi Sharma,saanvi.sharma372@yahoo.com,7474428906,Nashik,Male,31,2021-11-24
963,Karan Nair,karan.nair626@gmail.com,8612238757,Nagpur,Female,70,2019-01-20
964,Krishna Bhatt,krishna.bhatt273@gmail.com,9489740533,Ludhiana,Other,70,2022-03-31
965,Sai Bhatt,sai.bhatt115@hotmail.com,9843237262,Bhopal,Female,29,2022-04-20
966,Kavya Desai,kavya.desai193@yahoo.com,8291125589,Vadodara,Other,19,2020-08-27
967,Pari Agarwal,pari.agarwal351rediffmail.com,7884696014,Kolkata,Male,38,2024-01-17
968,Sunita Mehta,sunita.mehta814@gmail.com,7447857978,Surat,Male,63,2019-01-17
969,Isha Desai,isha.desai488@outlook.com,9196656559,Agra,Other,23,2022-08-30
970,Riya Chopra,riya.chopra437@rediffmail.com,8634955055,Lucknow,Other,67,2023-10-26
971,Isha Chopra,isha.chopra600@outlook.com,7043940624,Jaipur,Male,50,2022-07-29
972,Pari Nair,pari.nair374@hotmail.com,7435264326,Kanpur,Female,63,2019-08-12
973,Reyansh Iyer,reyansh.iyer281@hotmail.com,7083697949,Bhopal,Female,39,2019-05-14
974,Suresh Mehta,suresh.mehta909@outlook,8840640263,Patna,Male,35,2020-04-04
975,Ramesh Kapoor,ramesh.kapoor335@yahoo.com,8126355667,Ahmedabad,Other,47,2024-07-28
976,Vivaan Patel,vivaan.patel11@gmail.com,74492114,Nagpur,Female,68,2019-06-08
977,Vivaan Agarwal,vivaan.agarwal456@hotmail.com,9327059471,Kolkata,Other,24,2020-08-27
978,Aadhya Bansal,aadhya.bansal726@rediffmail.com,7194284579,Surat,Female,35,2019-09-02
979,Karan Kapoor,karan.kapoor407@rediffmail.com,83843479,Patna,Male,29,2023-10-18
980,Anika Kumar,anika.kumar522@gmail.com,7597635732,Nagpur,Male,60,2019-09-21
981,Deepak Rao,deepak.rao417@outlook.com,+91-8610234678,Nagpur,Male,53,2023-11-16
982,Meera Chopra,meera.chopra235@outlook.com,8662085056,Nashik,Female,19,2019-05-07
983,Sai Singh,sai.singh780@yahoo.com,705273893,Ahmedabad,Male,55,2024-03-22
984,Sanjay Gupta,sanjay.gupta698@yahoo.com,9521375744,Patna,Other,49,2024-08-26
985,Manish Rao,manish.rao695@rediffmail.com,9728513926,Indore,Male,19,2020-01-16
986,Anika Rao,anika.rao511@gmail.com,7477353148,Lucknow,Male,47,2020-09-07
987,Aarav Sharma,aarav.sharma455@hotmail.com,+91-9506145590,Agra,Female,44,2021-09-12
988,Sanjay Desai,sanjay.desai835@yahoo.com,7838531872,Pune,Female,28,2022-12-07
989,Aditya Joshi,aditya.joshi202@gmail.com,7846184548,Delhi,Male,64,2021-05-18
990,Pooja Agarwal,pooja.agarwal962gmail.com,8669916082,Ludhiana,Female,63,2023-03-26
991,Aadhya Chopra,aadhya.chopra539@hotmail.com,9584820303,Surat,Male,22,2021-10-11
992,Ramesh Desai,ramesh.desai916yahoo.com,7869701488,Indore,Other,58,2022-09-28
993,Sanjay Agarwal,sanjay.agarwal260@rediffmail.com,7159145932,Bhopal,Male,54,2024-11-09
994,Sneha Kumar,sneha.kumar220@hotmail.com,7018459322,Delhi,Other,61,2022-05-30
995,Deepak Malhotra,deepak.malhotra381@outlook.com,9388491866,Jaipur,Female,41,2022-11-14
996,Anjali Reddy,anjali.reddy91@rediffmail.com,762079394,Bengaluru,Other,36,2023-02-13
997,Myra Joshi,myra.joshi514@hotmail.com,9779313221,Pune,Male,29,2022-08-08
998,Diya Joshi,diya.joshi12@gmail.com,9794994793,Indore,Other,32,2024-07-21
999,Aadhya Verma,aadhya.verma77@rediffmail.com,7360639952,Indore,Other,54,2024-04-25
1000,Aadhya Singh,aadhya.singh144@yahoo.com,8404762874,Vadodara,Other,28,2019-04-13
1001,Ishaan Mehta,ishaan.mehta57@outlook.com,9906200809,Ahmedabad,Other,50,2020-07-02
1002,Deepak Kumar,deepak.kumar804@gmail.com,7266447100,Ahmedabad,Other,36,2022-05-08
1003,Isha Malhotra,isha.malhotra553@outlook.com,8430000712,Surat,Male,46,2019-09-30
1004,Aadhya Reddy,aadhya.reddy602@hotmail.com,9672036458,Surat,Other,60,2024-07-25
1005,Kritika Rao,kritika.rao667@hotmail.com,7950257240,Indore,Female,67,2022-07-11
1006,Karan Bansal,karan.bansal852@gmail.com,8304761923,Chennai,Other,58,2021-12-04
1007,Riya Kapoor,riya.kapoor227@outlook.com,9835124503,Ludhiana,Female,32,2020-06-21
1008,,rohan.nair792@gmail.com,7840929,JAIPUR,Female,158,2022-12-26
1009,Myra Reddy,myra.reddy278@yahoo,7683684802,Vadodara,Other,62,2022-02-24
1010,Ramesh Patel,ramesh.patel587@hotmail.com,9650233688,Pune,Other,33,2024-03-06
1011,Myra Verma,myra.verma798@outlook.com,8907717742,Kanpur,Other,44,2020-12-29
1012,Aarav Pillai,aarav.pillai696@yahoo.com,7551321445,Jaipur,Male,59,2024-08-12
1013,Sai Agarwal,sai.agarwal46@hotmail.com,8020138961,Hyderabad,Female,63,2019-10-12
1014,Suresh Agarwal,suresh.agarwal771@gmail.com,8844808710,Vadodara,Male,47,2020-04-05
1015,Pooja Patel,pooja.patel648@gmail.com,9038634549,Delhi,Female,64,2019-04-05
1016,Kavya Patel,kavya.patel697@hotmail.com,9187284505,Delhi,Female,24,2021-04-29
1017,Neha Rao,neha.rao858@yahoo.com,7415421406,Nagpur,Male,19,2022-08-21
1018,Pooja Malhotra,pooja.malhotra210@rediffmail.com,88472726,Ludhiana,Female,53,2024-12-21
1019,Ramesh Kumar,ramesh.kumar352@gmail.com,73446523,Indore,Male,26,2023-03-11
1020,Aadhya Chopra,aadhya.chopra924@hotmail.com,7176683111,Lucknow,Male,17,2019-08-12
1021,Aditya Agarwal,aditya.agarwal195@rediffmail.com,7586579629,Mumbai,Other,25,2022-01-04
1022,Anika Gupta,anika.gupta10@rediffmail.com,7044828770,Ludhiana,Male,23,2019-05-05
1023,Karan Desai,karan.desai986@hotmail.com,8980114890,Hyderabad,Male,69,2022-11-15
1024,Kritika Rao,kritika.rao829@yahoo.com,8357105504,Pune,Other,26,2021-05-16
1025,,ayaan.patel495@rediffmail.com,7978458823,VADODARA,Other,165,2022-11-22
1026,Suresh Rao,suresh.rao560@yahoo.com,+91-7158853320,Ludhiana,Male,44,2021-06-02
1027,Riya Iyer,riya.iyer856@hotmail,7233690809,Nashik,Female,28,2020-02-13
1028,Rahul Joshi,rahul.joshi152@rediffmail.com,9547898712,Vadodara,Male,64,2023-02-08
1029,Ananya Bhatt,ananya.bhatt253@hotmail,8351666220,Bhopal,Female,38,2021-03-12
1030,Suresh Nair,suresh.nair9@yahoo.com,7422732399,Patna,Female,48,2022-06-19
1031,Anjali Singh,anjali.singh7@hotmail.com,9278128903,Bengaluru,Other,65,2021-07-29
1032,Myra Malhotra,myra.malhotra182@rediffmail.com,8458571570,Chennai,Other,24,2023-09-12
1033,Riya Kumar,riya.kumar912@outlook.com,7881955036,Nagpur,Female,31,2022-12-09
1034,Vihaan Nair,vihaan.nair610@gmail.com,8421449831,Bhopal,Other,39,2022-05-27
1034,Vihaan Nair,vihaan.nair610@gmail.com,8421449831,Bhopal,Other,39,2022-05-27
1035,,nikhil.sharma496@yahoo.com,9365355717,nashik,Other,185,2023-05-15
1036,Ishaan Desai,ishaan.desai160@gmail.com,937213508,Indore,Female,43,2023-04-24
1037,Sai Sharma,sai.sharma434@gmail.com,7025094512,Ahmedabad,Female,68,2019-03-31
1038,,rohan.malhotra512@gmail.com,8424608050,Indore,Other,158,2019-11-12
1039,Anjali Mehta,anjali.mehta700@gmail.com,9653809012,Delhi,Female,35,2023-11-10
1040,Sai Verma,sai.verma631@outlook.com,8717859037,Patna,Female,41,2019-12-08
1041,Sneha Kumar,sneha.kumar936outlook.com,9696406256,Bhopal,Female,23,2021-12-20
1042,Sunita Nair,sunita.nair257@hotmail.com,9488813553,Mumbai,Male,70,2023-02-21
1043,Rohan Reddy,rohan.reddy686@yahoo.com,7108293291,Jaipur,Other,43,2023-03-24
1044,Sneha Chopra,sneha.chopra16@yahoo.com,9293048540,Jaipur,Male,37,2019-03-14
1045,Aditya Rao,aditya.rao101@yahoo.com,9507771706,Delhi,Female,70,2021-08-08
1046,Ananya Kapoor,ananya.kapoor916@hotmail.com,+91-9555371779,Delhi,Female,44,2022-08-13
1047,Pooja Sharma,pooja.sharma942@hotmail.com,8837796351,Delhi,Other,21,2021-08-05
1048,Sanjay Mehta,sanjay.mehta51@hotmail,8763128655,Chennai,Female,55,2019-04-05
1049,Sunita Verma,sunita.verma231hotmail.com,7510531385,Pune,Female,52,2019-08-06
1050,Rahul Bansal,rahul.bansal731rediffmail.com,7084333433,Ludhiana,Male,46,2020-01-07
1051,Sunita Mehta,sunita.mehta101@outlook.com,7168181636,Pune,Female,66,2024-02-24
1052,Shreya Rao,shreya.rao573@yahoo,7155366576,Nagpur,Other,55,2020-08-19
1053,Divya Bhatt,divya.bhatt748@gmail,8363300432,Ahmedabad,Male,64,2024-03-10
1054,Priya Reddy,priya.reddy316@outlook.com,9897948623,Pune,Other,16,2021-02-05
1055,Ramesh Agarwal,ramesh.agarwal69@yahoo,7898077115,Ludhiana,Male,23,2022-11-22
1056,Saanvi Kapoor,saanvi.kapoor979@hotmail.com,7015492506,Pune,Female,53,2024-01-11
1057,Ayaan Nair,ayaan.nair443@yahoo.com,76107900,Jaipur,Other,22,2021-09-27
1057,Ayaan Nair,ayaan.nair443@yahoo.com,76107900,Jaipur,Other,22,2021-09-27
1058,,sai.agarwal85@yahoo.com,7423953429,agra,Other,184,2020-03-05
1059,Aadhya Malhotra,aadhya.malhotra152@yahoo.com,7983401815,Surat,Female,61,2020-04-16
1060,Sneha Singh,sneha.singh857@hotmail.com,9427717515,Bhopal,Other,58,2022-05-06
1061,Anika Kumar,anika.kumar124@gmail.com,7209296957,Bhopal,Other,45,2020-04-27
1062,Ananya Chopra,ananya.chopra808@gmail.com,+91-9116486983,Hyderabad,Male,57,2022-10-06
1063,Sanjay Bhatt,sanjay.bhatt881@outlook.com,9417066737,Nagpur,Male,40,2021-02-06
1064,Shreya Agarwal,shreya.agarwal272@yahoo.com,8532855800,Hyderabad,Female,21,2019-07-13
1065,Vihaan Agarwal,vihaan.agarwal809@hotmail.com,9613336082,Chennai,Female,47,2020-06-25
1065,Vihaan Agarwal,vihaan.agarwal809@hotmail.com,9613336082,Chennai,Female,47,2020-06-25
1066,,arjun.joshi590@outlook.com,9481907727, Kanpur ,Male,171,2020-12-17
1067,Aarav Agarwal,aarav.agarwal277hotmail.com,9503290746,Surat,Male,67,2022-03-29
1068,Ishaan Kapoor,ishaan.kapoor501@yahoo.com,9717433329,Kolkata,Other,60,2023-09-04
1069,Reyansh Mehta,reyansh.mehta190@gmail.com,8761601037,Indore,Female,28,2020-02-27
1070,Ayaan Bansal,ayaan.bansal130@hotmail.com,9263107338,Surat,Female,40,2022-07-05
1071,Sai Verma,sai.verma881@outlook.com,9662215018,Delhi,Male,21,2022-10-05
1072,Manish Sharma,manish.sharma801@hotmail.com,8315723941,Chennai,Female,34,2024-12-16
1073,Riya Verma,riya.verma633@outlook.com,8439160452,Mumbai,Male,34,2020-02-29
1074,Krishna Kumar,krishna.kumar566@outlook.com,7542460730,Surat,Male,51,2019-01-27
1075,Sanjay Gupta,sanjay.gupta368@yahoo.com,9256114386,Chennai,Other,22,2022-11-14
1076,Shreya Singh,shreya.singh934yahoo.com,+91-7959188037,Pune,Other,21,2024-04-15
1077,Deepak Bansal,deepak.bansal247@yahoo,8500684504,Nashik,Female,45,2022-04-12
1078,Ayaan Kapoor,ayaan.kapoor956@hotmail.com,+91-9754830219,Jaipur,Male,53,2022-01-07
1079,Kavya Joshi,kavya.joshi126@hotmail.com,8035778302,Jaipur,Other,43,2022-08-17
1080,Manish Desai,manish.desai42@gmail.com,9966413857,Patna,Male,26,2020-04-20
1081,Sai Iyer,sai.iyer236@yahoo.com,9490301603,Kanpur,Male,17,2019-03-10
1082,Aarav Bhatt,aarav.bhatt867@yahoo.com,8397902779,Kanpur,Other,35,2019-07-18
1083,Priya Bhatt,priya.bhatt422@rediffmail.com,7205204501,Pune,Male,16,2024-01-15
1084,Rohan Gupta,rohan.gupta220@outlook.com,7845802295,Nagpur,Male,39,2021-12-22
1085,Riya Bhatt,riya.bhatt671@yahoo.com,7400351439,Indore,Other,51,2022-07-28
1086,Reyansh Pillai,reyansh.pillai166@rediffmail.com,9292630126,Delhi,Other,35,2023-06-12
1087,Diya Iyer,diya.iyer85@rediffmail.com,7441705760,Hyderabad,Other,41,2024-02-11
1088,Myra Sharma,myra.sharma567@gmail.com,9924829675,Kolkata,Other,32,2020-12-02
1089,Krishna Chopra,krishna.chopra922@gmail.com,9298008026,Nagpur,Male,26,2020-05-14
1090,Pari Verma,pari.verma665@hotmail.com,9047589201,Agra,Male,45,2020-04-13
1091,Deepak Patel,deepak.patel855gmail.com,9785055181,Ahmedabad,Other,47,2022-06-01
1092,Rahul Reddy,rahul.reddy109@hotmail.com,8409135686,Delhi,Male,17,2020-01-11
1093,Ananya Sharma,ananya.sharma334gmail.com,9492770549,Surat,Other,45,2021-09-22
1094,Anjali Mehta,anjali.mehta384@gmail.com,9954331554,Hyderabad,Other,32,2023-11-18
1095,Rohan Patel,rohan.patel686@hotmail.com,9403630205,Lucknow,Female,18,2023-08-19
1096,Deepak Patel,deepak.patel169@gmail,7254418818,Patna,Male,53,2020-06-08
1097,Shreya Rao,shreya.rao310@outlook.com,9492807253,Ahmedabad,Male,24,2023-07-23
1098,Shreya Kumar,shreya.kumar450@outlook.com,8724218955,Jaipur,Other,26,2020-01-04
1099,Aadhya Nair,aadhya.nair549@gmail.com,7378033061,Mumbai,Other,68,2024-04-04
1100,Sunita Bhatt,sunita.bhatt713@hotmail,9558015007,Patna,Male,66,2019-04-26
1101,Anjali Mehta,anjali.mehta971@yahoo,8427231800,Jaipur,Female,25,2024-06-22
1102,Myra Pillai,myra.pillai55@gmail.com,7348596094,Bengaluru,Other,40,2023-08-24
1103,Anjali Chopra,anjali.chopra101@yahoo.com,9025842588,Kolkata,Other,65,2020-09-17
1104,Divya Bansal,divya.bansal201@rediffmail.com,8450984625,Delhi,Other,41,2020-08-07
1105,Saanvi Chopra,saanvi.chopra546@rediffmail.com,7327240874,Indore,Other,23,2021-01-15
1106,Reyansh Sharma,reyansh.sharma460@rediffmail.com,7651323622,Lucknow,Other,62,2024-04-10
1107,Aadhya Nair,aadhya.nair364@hotmail.com,7363600511,Pune,Other,34,2023-09-04
1108,Anika Mehta,anika.mehta92@yahoo.com,9756392308,Agra,Male,24,2023-07-28
1109,Pari Mehta,pari.mehta573@yahoo.com,9951715645,Ahmedabad,Female,26,2020-08-16
1110,Ayaan Kapoor,ayaan.kapoor380@gmail.com,8422331444,Nashik,Female,33,2022-10-07
1111,Manish Kumar,manish.kumar561@rediffmail.com,7984552610,Vadodara,Male,44,2019-10-05
1112,Reyansh Chopra,reyansh.chopra203@rediffmail.com,8061508044,Nashik,Female,53,2021-07-14
1113,Diya Joshi,diya.joshi936@outlook.com,910271097,Agra,Other,38,2020-08-27
1114,Isha Joshi,isha.joshi527rediffmail.com,7444274097,Pune,Female,25,2022-07-19
1115,Ananya Bhatt,ananya.bhatt958@yahoo,8323553104,Chennai,Other,65,2024-07-26
1116,Ramesh Verma,ramesh.verma228@hotmail.com,9950695069,Patna,Other,40,2021-03-18
1117,Manish Agarwal,manish.agarwal85@yahoo.com,7154047202,Jaipur,Female,20,2022-06-20
1118,Meera Reddy,meera.reddy249@hotmail.com,9995501966,Ahmedabad,Other,55,2020-07-21
1119,Riya Mehta,riya.mehta596@gmail.com,9976363729,Surat,Other,18,2020-05-01
1120,Pari Agarwal,pari.agarwal574@gmail.com,7070013875,Nagpur,Male,32,2021-08-27
1121,Ayaan Kumar,ayaan.kumar115@hotmail.com,+91-7013320415,Bhopal,Other,62,2019-01-04
1122,Anika Joshi,anika.joshi394@outlook.com,9629109885,Surat,Female,28,2022-08-26
1123,Meera Sharma,meera.sharma262@rediffmail.com,8700191432,Bengaluru,Other,61,2024-12-18
1124,Divya Iyer,divya.iyer581@hotmail.com,9883195042,Chennai,Female,43,2020-03-19
1125,Isha Chopra,isha.chopra205@hotmail.com,8481180255,Jaipur,Male,32,2024-12-04
1126,Karan Sharma,karan.sharma290@gmail.com,7619926787,Bengaluru,Other,50,2022-09-20
1127,Ishaan Sharma,ishaan.sharma908@gmail.com,8292172490,Surat,Female,70,2024-08-06
1128,Myra Kapoor,myra.kapoor281@gmail.com,8458779087,Delhi,Other,27,2019-11-09
1129,Aadhya Kapoor,aadhya.kapoor338@yahoo.com,7991353063,Mumbai,Female,43,2019-10-11
1130,Aditya Mehta,aditya.mehta954@hotmail.com,8889598,Patna,Female,65,2020-05-03
1131,Vivaan Bhatt,vivaan.bhatt335@rediffmail.com,7987139671,Bengaluru,Female,29,2021-01-08
1132,Sai Reddy,sai.reddy805@gmail.com,7465682633,Bhopal,Other,30,2021-09-24
1133,Krishna Bansal,krishna.bansal230@outlook.com,8458270840,Bengaluru,Male,45,2022-01-15
1134,Reyansh Malhotra,reyansh.malhotra24@hotmail.com,7604665102,Nagpur,Other,30,2020-07-23
1135,Sunita Desai,sunita.desai681@outlook.com,9713922842,Indore,Male,16,2020-03-06
1136,Shreya Joshi,shreya.joshi325@rediffmail.com,8326520517,Indore,Male,17,2020-11-08
1137,Suresh Mehta,suresh.mehta319@yahoo.com,7695640263,Jaipur,Other,44,2020-12-20
1138,Ramesh Pillai,ramesh.pillai623@hotmail.com,7119579282,Nagpur,Male,59,2019-05-03
1139,Kritika Gupta,kritika.gupta775@yahoo.com,8700847946,Hyderabad,Male,61,2024-06-05
1140,Arjun Kapoor,arjun.kapoor877@rediffmail.com,8436096955,Bhopal,Male,27,2024-05-25
1141,Pari Malhotra,pari.malhotra476@hotmail.com,7607153448,Nagpur,Other,27,2022-04-09
1142,Nikhil Desai,nikhil.desai987@hotmail.com,8494511927,Indore,Other,45,2019-06-29
1143,Vivaan Gupta,vivaan.gupta260@hotmail.com,7900874992,Patna,Male,36,2022-04-06
1144,Divya Sharma,divya.sharma615@outlook,9569366229,Kolkata,Other,51,2023-10-07
1145,Saanvi Reddy,saanvi.reddy659@gmail.com,9706848716,Nagpur,Female,25,2024-02-15
1146,Ramesh Rao,ramesh.rao68@outlook.com,9524146452,Ludhiana,Male,63,2022-04-20
1147,Ayaan Verma,ayaan.verma49@gmail.com,8654689927,Nagpur,Female,21,2021-05-04
1148,Ananya Bansal,ananya.bansal599@rediffmail.com,9430905610,Chennai,Other,44,2023-07-01
1149,Saanvi Patel,saanvi.patel420@outlook.com,9196497951,Pune,Female,48,2024-01-08
1150,Aadhya Reddy,aadhya.reddy335@rediffmail.com,9219256197,Hyderabad,Female,48,2023-08-31
1151,Karan Kapoor,karan.kapoor45@hotmail.com,9867677467,Mumbai,Other,22,2020-02-04
1152,Aarav Mehta,aarav.mehta303@rediffmail.com,7291230499,Nagpur,Other,54,2023-02-17
1153,Priya Kapoor,priya.kapoor539@hotmail.com,8652869564,Patna,Other,35,2022-05-27
1154,Kritika Malhotra,kritika.malhotra280@gmail.com,9934260753,Bengaluru,Other,61,2023-05-16
1155,Sai Kumar,sai.kumar59@outlook.com,8063192543,Patna,Other,31,2019-06-11
1156,Deepak Pillai,deepak.pillai143@yahoo.com,7614179350,Nashik,Male,21,2021-05-10
1157,Ramesh Gupta,ramesh.gupta777@yahoo.com,8397352653,Bengaluru,Female,19,2024-01-20
1158,Karan Agarwal,karan.agarwal25@rediffmail.com,8142698,Mumbai,Female,21,2019-12-02
1159,Diya Mehta,diya.mehta888@hotmail.com,9767109134,Hyderabad,Other,17,2023-06-22
1160,Diya Rao,diya.rao403@yahoo.com,7544235915,Nagpur,Female,62,2024-06-10
1161,Sunita Mehta,sunita.mehta952gmail.com,9093899268,Ahmedabad,Female,40,2022-04-08
1162,Pari Iyer,pari.iyer477outlook.com,8003601005,Bhopal,Female,28,2021-12-30
1163,Vivaan Verma,vivaan.verma545@outlook.com,8171226432,Pune,Female,37,2024-10-23
1164,Shreya Reddy,shreya.reddy659@hotmail.com,9294672249,Lucknow,Other,43,2024-12-20
1165,Ananya Verma,ananya.verma140@hotmail.com,8124406820,Indore,Female,60,2023-05-08
1166,Kavya Bansal,kavya.bansal954@yahoo.com,7967958521,Indore,Female,31,2022-12-07
1167,Myra Iyer,myra.iyer481gmail.com,995655141,Kanpur,Other,24,2022-02-06
1168,Rohan Bhatt,rohan.bhatt761@outlook.com,9585205867,Hyderabad,Female,51,2024-05-23
1169,Deepak Bhatt,deepak.bhatt406@rediffmail.com,8574227982,Mumbai,Female,64,2023-11-04
1170,Rahul Nair,rahul.nair98@yahoo.com,8829989577,Indore,Female,39,2024-09-09
1171,Anika Joshi,anika.joshi397@hotmail.com,9619168731,Bhopal,Male,39,2019-02-12
1172,Isha Rao,isha.rao6@hotmail,9410376944,Indore,Male,26,2021-04-20
1173,Nikhil Singh,nikhil.singh164@yahoo.com,7041926415,Patna,Other,69,2019-11-30
1174,Ishaan Nair,ishaan.nair480@rediffmail.com,8944963275,Patna,Male,36,2024-03-17
1175,Manish Chopra,manish.chopra520@outlook.com,8232405800,Vadodara,Female,21,2022-10-09
1176,Anika Chopra,anika.chopra384@gmail.com,7838180461,Mumbai,Male,37,2021-12-27
1177,Manish Desai,manish.desai699@gmail.com,7518177078,Patna,Male,70,2023-04-04
1178,Shreya Chopra,shreya.chopra301@yahoo.com,9850782793,Vadodara,Female,62,2020-04-27
1179,Sai Desai,sai.desai520@hotmail.com,9028064222,Kolkata,Male,28,2022-03-21
1180,Rohan Patel,rohan.patel505@gmail.com,7965245499,Surat,Other,56,2022-05-03
1181,Suresh Patel,suresh.patel544@hotmail.com,8264531,Ahmedabad,Male,46,2021-06-24
1182,Anjali Iyer,anjali.iyer386@hotmail.com,7429320465,Kolkata,Other,48,2024-01-24
1183,Priya Kapoor,priya.kapoor647@outlook.com,8208758703,Hyderabad,Female,17,2019-10-26
1184,Suresh Verma,suresh.verma310@rediffmail.com,9868202,Nashik,Other,46,2021-09-18
1185,Neha Desai,neha.desai615@hotmail.com,9286203002,Bengaluru,Male,51,2024-01-31
1186,Amit Desai,amit.desai71@outlook.com,7557264264,Jaipur,Female,22,2019-06-13
1187,Ramesh Kumar,ramesh.kumar180@yahoo.com,9628107620,Nagpur,Other,40,2019-03-09
1188,Reyansh Joshi,reyansh.joshi914@gmail.com,+91-9439811259,Chennai,Female,35,2024-08-31
1189,Krishna Pillai,krishna.pillai652@rediffmail.com,8708791436,Kolkata,Other,52,2022-10-13
1190,Sanjay Verma,sanjay.verma449@yahoo.com,7953013082,Bengaluru,Other,49,2020-02-26
1191,Priya Desai,priya.desai519@yahoo.com,8476001015,Vadodara,Other,26,2024-06-10
1192,Ramesh Patel,ramesh.patel5@hotmail.com,9588618421,Ahmedabad,Male,57,2022-10-07
1193,Divya Kumar,divya.kumar767@gmail.com,9082735277,Pune,Female,48,2022-04-08
1194,Priya Verma,priya.verma58@outlook.com,8404191770,Lucknow,Other,33,2024-05-08
1195,Rahul Bhatt,rahul.bhatt573hotmail.com,9037186384,Ludhiana,Female,60,2020-12-05
1196,Aditya Gupta,aditya.gupta250@gmail.com,7441487219,Mumbai,Female,17,2024-09-01
1197,Meera Singh,meera.singh509@hotmail.com,9619753200,Bengaluru,Male,37,2019-08-21
1198,Kritika Kumar,kritika.kumar561@rediffmail.com,9703356641,Indore,Female,68,2022-12-10
1199,Shreya Sharma,shreya.sharma605@outlook.com,8471204120,Agra,Male,50,2020-01-16
1200,Pooja Bansal,pooja.bansal89@outlook.com,8507927976,Hyderabad,Other,65,2019-02-26
1201,Arjun Agarwal,arjun.agarwal872@yahoo.com,8179203400,Indore,Female,38,2023-01-01
1202,Aadhya Verma,aadhya.verma674@yahoo.com,8792343028,Kolkata,Other,49,2022-04-01
1203,Arjun Bansal,arjun.bansal930@rediffmail.com,9146255437,Nashik,Other,24,2022-05-31
1204,Ishaan Patel,ishaan.patel813@hotmail.com,8288290422,Lucknow,Male,43,2024-08-29
1205,Kavya Pillai,kavya.pillai332@gmail.com,7231466643,Chennai,Male,45,2023-08-15
1206,Rahul Patel,rahul.patel648@yahoo.com,9913440457,Agra,Other,34,2023-07-11
1207,Amit Sharma,amit.sharma859@rediffmail.com,8765709,Patna,Other,67,2023-09-22
1208,Amit Patel,amit.patel316@outlook.com,8903467295,Jaipur,Other,35,2021-08-03
1209,Neha Gupta,neha.gupta463@rediffmail,9540821844,Chennai,Female,60,2022-02-02
1209,Neha Gupta,neha.gupta463@rediffmail,9540821844,Chennai,Female,60,2022-02-02
1210,,vihaan.desai455@gmail.com,8711931072,HYDERABAD,Female,144,2021-10-20
1211,Sai Mehta,sai.mehta605@yahoo.com,8693987171,Kolkata,Other,35,2021-01-28
1212,Kavya Pillai,kavya.pillai380@rediffmail.com,7420653912,Kanpur,Other,16,2019-12-17
1213,Vihaan Nair,vihaan.nair427@hotmail.com,8623218413,Patna,Male,59,2021-08-17
1214,Meera Iyer,meera.iyer7@outlook.com,9838478751,Bhopal,Female,59,2021-09-03
1215,Riya Bhatt,riya.bhatt7@yahoo.com,7747342424,Hyderabad,Male,51,2021-07-01
1216,Neha Bansal,neha.bansal97@hotmail.com,8031480334,Bhopal,Male,37,2022-08-09
1217,Vivaan Desai,vivaan.desai642@rediffmail.com,9137124911,Hyderabad,Female,35,2022-02-22
1218,Anika Kumar,anika.kumar677@gmail.com,7401845914,Indore,Male,17,2023-09-21
1219,Rohan Desai,rohan.desai250@outlook.com,7036808468,Ahmedabad,Other,55,2019-06-14
1220,Aditya Agarwal,aditya.agarwal868@gmail.com,9174498378,Lucknow,Other,40,2024-11-19
1221,Amit Rao,amit.rao507outlook.com,8561563577,Nagpur,Other,60,2019-11-22
1222,Ishaan Malhotra,ishaan.malhotra726@yahoo.com,8441079647,Surat,Female,55,2021-11-07
1223,Ananya Kumar,ananya.kumar245@hotmail.com,9868536263,Mumbai,Male,20,2023-10-16
1224,Nikhil Singh,nikhil.singh869@gmail.com,8338491906,Jaipur,Female,60,2024-08-24
1225,Diya Chopra,diya.chopra194@gmail.com,8881118115,Vadodara,Male,45,2023-03-26
1226,Riya Bansal,riya.bansal833@rediffmail.com,9036420301,Vadodara,Female,31,2021-08-09
1227,Anjali Kumar,anjali.kumar505@outlook,8117580896,Bhopal,Other,46,2020-05-30
1228,Deepak Iyer,deepak.iyer544@yahoo.com,7853214193,Ludhiana,Other,28,2020-02-17
1229,Deepak Pillai,deepak.pillai262@gmail.com,7993294689,Hyderabad,Other,17,2019-05-22
1230,Ananya Desai,ananya.desai388@hotmail.com,7600160000,Agra,Male,21,2023-12-04
1231,Shreya Sharma,shreya.sharma533@hotmail.com,9298096074,Ludhiana,Female,45,2021-05-03
1232,Neha Gupta,neha.gupta499@hotmail.com,7689003601,Indore,Female,49,2024-02-09
1233,Sneha Gupta,sneha.gupta182@hotmail.com,8180061915,Nashik,Male,59,2023-04-16
1234,Suresh Mehta,suresh.mehta323@outlook.com,9120329162,Nagpur,Female,37,2020-11-22
1235,Krishna Kumar,krishna.kumar196@rediffmail.com,9441229803,Agra,Female,38,2024-12-30
1236,Priya Patel,priya.patel84@gmail.com,8118304289,Vadodara,Female,49,2022-07-28
1237,Aadhya Kapoor,aadhya.kapoor78@outlook.com,9797362791,Lucknow,Male,42,2024-03-30
1238,Deepak Bansal,deepak.bansal244@hotmail.com,7482502658,Indore,Male,17,2022-04-01
1239,Sai Agarwal,sai.agarwal641@hotmail.com,9429914840,Hyderabad,Male,59,2023-02-24
1240,Amit Patel,amit.patel250@rediffmail.com,8688292861,Nagpur,Female,40,2021-10-02
1241,Amit Singh,amit.singh121@rediffmail.com,7743823457,Kanpur,Other,36,2022-06-13
1242,Priya Iyer,priya.iyer310@rediffmail.com,9959033863,Agra,Female,33,2019-01-24
1243,Arjun Agarwal,arjun.agarwal971@yahoo.com,8219826107,Nashik,Other,31,2020-06-05
1244,Aarav Verma,aarav.verma987@gmail.com,9934985607,Nashik,Other,17,2024-03-16
1245,Kritika Bhatt,kritika.bhatt207@hotmail.com,7501973515,Nagpur,Male,17,2023-07-01
1246,Ramesh Patel,ramesh.patel618@rediffmail.com,9265362225,Lucknow,Female,57,2021-11-07
1247,Suresh Singh,suresh.singh413@yahoo.com,7315970210,Chennai,Female,59,2022-03-07
1248,Sai Malhotra,sai.malhotra138@yahoo.com,7166756196,Kanpur,Female,26,2020-02-15
1249,Rohan Kapoor,rohan.kapoor489@yahoo.com,7176898870,Ludhiana,Other,69,2023-06-04
1250,Arjun Reddy,arjun.reddy722@gmail.com,8940323138,Delhi,Female,61,2023-12-27
1251,Manish Kapoor,manish.kapoor800@hotmail.com,9236233170,Surat,Other,50,2023-03-09
1251,Manish Kapoor,manish.kapoor800@hotmail.com,9236233170,Surat,Other,50,2023-03-09
1252,,diya.iyer204@gmail.com,8442166993,ahmedabad,Male,173,2020-09-16
1253,Krishna Verma,krishna.verma269@yahoo.com,9211642374,Kolkata,Other,40,2023-02-26
1254,Meera Kapoor,meera.kapoor738@rediffmail.com,8183188368,Agra,Male,46,2023-06-20
1255,Anjali Kumar,anjali.kumar540@gmail.com,9254152944,Mumbai,Other,64,2023-06-17
1256,Sanjay Nair,sanjay.nair238@yahoo.com,8608764897,Ahmedabad,Male,36,2024-10-30
1257,Saanvi Sharma,saanvi.sharma396@rediffmail.com,7017407209,Bhopal,Female,23,2022-04-30
1258,Vivaan Chopra,vivaan.chopra469@outlook.com,8284556576,Ahmedabad,Other,22,2019-09-21
1259,Kritika Reddy,kritika.reddy610@yahoo.com,9338659203,Nagpur,Male,61,2021-10-16
1260,Sanjay Nair,sanjay.nair656@rediffmail.com,9305253100,Chennai,Male,31,2024-07-18
1261,Aadhya Gupta,aadhya.gupta733@outlook.com,8244296635,Nashik,Female,26,2020-06-30
1262,Reyansh Iyer,reyansh.iyer711@gmail.com,8461844148,Bengaluru,Female,67,2021-08-14
1263,Neha Rao,neha.rao582@rediffmail.com,7971055150,Mumbai,Other,26,2022-12-03
1264,Kavya Kapoor,kavya.kapoor613@outlook.com,853927312,Hyderabad,Male,31,2022-03-06
1265,Sai Bansal,sai.bansal36@rediffmail.com,9464523963,Ahmedabad,Female,32,2019-04-28
1266,Karan Rao,karan.rao78@rediffmail.com,7235062168,Nashik,Female,68,2019-06-01
1267,Ayaan Chopra,ayaan.chopra185rediffmail.com,9660623491,Agra,Male,67,2020-01-31
1268,Isha Joshi,isha.joshi647@yahoo.com,8558551638,Chennai,Male,35,2022-02-11
1269,Sai Bansal,sai.bansal415@rediffmail.com,9048795,Mumbai,Other,41,2023-12-09
1270,Pooja Singh,pooja.singh191@hotmail.com,9607943707,Nagpur,Other,33,2020-10-26
1271,Ishaan Chopra,ishaan.chopra257@yahoo.com,+91-9088010305,Nashik,Female,18,2020-07-26
1272,Kavya Kumar,kavya.kumar40@hotmail.com,868213691,Delhi,Male,68,2023-06-15
1273,Ramesh Desai,ramesh.desai953@rediffmail.com,9958066739,Jaipur,Other,36,2019-06-29
1274,Manish Agarwal,manish.agarwal856@hotmail.com,8336813718,Kolkata,Female,43,2019-03-08
1275,Sanjay Malhotra,sanjay.malhotra858@yahoo.com,8403899353,Mumbai,Other,23,2019-11-16
1276,Pooja Nair,pooja.nair266@hotmail.com,9829145412,Bengaluru,Male,62,2024-01-02
1277,Diya Pillai,diya.pillai624@outlook.com,9112568653,Chennai,Male,40,2024-02-01
1278,Aarav Kumar,aarav.kumar498@hotmail.com,7587836463,Ahmedabad,Other,61,2023-01-09
1279,Pooja Kapoor,pooja.kapoor959@hotmail.com,7277310345,Delhi,Female,53,2024-11-06
1280,Priya Iyer,priya.iyer245@rediffmail.com,8330371111,Vadodara,Male,34,2024-10-23
1281,Saanvi Malhotra,saanvi.malhotra869@rediffmail.com,7763009115,Indore,Female,25,2024-03-03
1282,Pooja Verma,pooja.verma104@outlook,8738744481,Hyderabad,Male,52,2019-11-13
1283,Aarav Nair,aarav.nair90@hotmail.com,9662924515,Mumbai,Male,53,2024-09-03
1284,Reyansh Gupta,reyansh.gupta514@yahoo.com,9631247833,Bengaluru,Other,59,2020-05-21
1285,Isha Kumar,isha.kumar281@outlook.com,8178411462,Vadodara,Male,26,2021-05-28
1286,Myra Reddy,myra.reddy530@gmail.com,8108217939,Vadodara,Male,49,2019-07-30
1287,Vihaan Malhotra,vihaan.malhotra760@yahoo.com,9603391419,Delhi,Other,64,2023-11-11
1288,Karan Desai,karan.desai804@outlook.com,8223203232,Indore,Other,61,2021-10-20
1289,Neha Verma,neha.verma141@gmail.com,7176523,Bhopal,Female,18,2021-06-29
1289,Neha Verma,neha.verma141@gmail.com,7176523,Bhopal,Female,18,2021-06-29
1290,,sneha.singh905@yahoo.com,8937269160,Bhop@l,Other,126,2020-08-19
1291,Ananya Joshi,ananya.joshi734@hotmail.com,8781337913,Mumbai,Female,26,2024-01-06
1292,Saanvi Joshi,saanvi.joshi664@outlook.com,8862264432,Ahmedabad,Other,40,2020-08-31
1293,Isha Rao,isha.rao39@gmail.com,9666214373,Chennai,Female,26,2023-07-22
1294,Ayaan Reddy,ayaan.reddy349@hotmail.com,7848090150,Surat,Other,25,2019-10-15
1295,Rahul Chopra,rahul.chopra376@yahoo.com,9188145,Mumbai,Male,52,2019-03-05
1296,Manish Mehta,manish.mehta167@gmail.com,9458571372,Kolkata,Female,43,2022-07-14
1297,Pari Rao,pari.rao824@gmail.com,8582241892,Indore,Female,48,2021-04-29
1298,Kavya Bhatt,kavya.bhatt389@gmail.com,7415280561,Nashik,Other,52,2022-09-29
1299,Rohan Malhotra,rohan.malhotra563@gmail.com,9740484814,Bengaluru,Other,67,2021-04-23
1300,Saanvi Gupta,saanvi.gupta359@outlook.com,8245037736,Delhi,Female,19,2020-07-22
1301,Ramesh Kapoor,ramesh.kapoor822@outlook.com,843716794,Kanpur,Male,43,2019-06-14
1302,Reyansh Gupta,reyansh.gupta700@outlook.com,9522500112,Jaipur,Male,65,2019-01-09
1303,Reyansh Agarwal,reyansh.agarwal744@rediffmail.com,9065627730,Lucknow,Female,54,2024-02-25
1304,Anjali Agarwal,anjali.agarwal672@outlook.com,7432250988,Surat,Male,21,2023-03-26
1305,Pooja Desai,pooja.desai281@rediffmail.com,8746666875,Hyderabad,Male,50,2024-03-08
1305,Pooja Desai,pooja.desai281@rediffmail.com,8746666875,Hyderabad,Male,50,2024-03-08
1306,,anika.nair945@hotmail.com,8430575794,AGRA,Male,129,2024-12-14
1307,Ishaan Nair,ishaan.nair624@yahoo.com,8043600768,Chennai,Male,57,2019-12-06
1308,Amit Verma,amit.verma419@rediffmail.com,7320578183,Mumbai,Female,64,2023-10-07
1309,Manish Iyer,manish.iyer564@outlook.com,875729800,Pune,Other,36,2021-10-21
1310,Diya Desai,diya.desai412rediffmail.com,7808162307,Pune,Female,31,2023-11-25
1311,Sneha Rao,sneha.rao696@rediffmail.com,9942823511,Chennai,Male,68,2020-05-03
1312,Saanvi Joshi,saanvi.joshi320@yahoo.com,8726164121,Patna,Male,45,2022-01-12
1313,Suresh Chopra,suresh.chopra649@hotmail.com,8286522299,Nagpur,Male,16,2020-11-08
1314,Neha Kapoor,neha.kapoor539@hotmail.com,9050096555,Jaipur,Other,39,2021-02-27
1315,Meera Agarwal,meera.agarwal332@yahoo.com,8464790317,Surat,Male,44,2022-06-05
1316,Diya Kapoor,diya.kapoor702@gmail.com,9722036738,Patna,Male,51,2019-04-27
1317,Aditya Mehta,aditya.mehta725@rediffmail.com,7275959818,Bengaluru,Male,27,2023-05-01
1318,Rahul Agarwal,rahul.agarwal255@hotmail.com,8583441377,Chennai,Male,55,2021-02-06
1319,Reyansh Gupta,reyansh.gupta143@outlook.com,7944257117,Lucknow,Female,40,2024-12-31
1320,Pooja Sharma,pooja.sharma446@gmail.com,8646725572,Mumbai,Female,50,2023-02-28
1321,Deepak Nair,deepak.nair167@gmail.com,7194981277,Nagpur,Other,46,2019-05-13
1322,Amit Mehta,amit.mehta738@rediffmail.com,8682185323,Indore,Male,50,2023-02-03
1323,Rahul Rao,rahul.rao407@outlook.com,8956634695,Delhi,Female,68,2019-03-19
1324,Shreya Bansal,shreya.bansal553@hotmail.com,8315408060,Hyderabad,Other,29,2019-09-30
1325,Sai Iyer,sai.iyer437@rediffmail.com,7005379107,Indore,Female,37,2020-01-09
1326,Vivaan Malhotra,vivaan.malhotra692@gmail.com,9344434814,Chennai,Other,47,2023-04-01
1326,Vivaan Malhotra,vivaan.malhotra692@gmail.com,9344434814,Chennai,Other,47,2023-04-01
1327,,sanjay.nair590@rediffmail.com,7755827902,Pune,Male,154,2023-10-25
1328,Pari Joshi,pari.joshi215rediffmail.com,7465951555,Patna,Male,51,2022-10-29
1329,Divya Rao,divya.rao198@rediffmail.com,9877188954,Bengaluru,Female,45,2021-04-20
1330,Vivaan Kumar,vivaan.kumar986@hotmail.com,7772296689,Lucknow,Female,41,2020-11-29
1331,Vivaan Agarwal,vivaan.agarwal778@yahoo.com,7616943194,Surat,Other,30,2021-05-14
1332,Ayaan Bhatt,ayaan.bhatt95@yahoo.com,8637770368,Delhi,Other,20,2021-03-18
1333,Shreya Pillai,shreya.pillai857@outlook.com,7962450981,Jaipur,Male,46,2020-09-01
1334,Myra Joshi,myra.joshi593@gmail.com,9153156554,Vadodara,Male,49,2019-12-18
1335,Riya Desai,riya.desai549@gmail.com,8036158891,Jaipur,Female,63,2020-09-23
1336,Sanjay Sharma,sanjay.sharma856@hotmail.com,8615601328,Surat,Other,30,2021-08-31
1337,Karan Malhotra,karan.malhotra950@rediffmail.com,9787582502,Ludhiana,Female,31,2024-12-24
1338,Deepak Agarwal,deepak.agarwal342outlook.com,9176704084,Agra,Male,16,2021-05-23
1339,Meera Kapoor,meera.kapoor302@hotmail.com,8665062345,Chennai,Male,21,2023-11-27
1340,Vivaan Desai,vivaan.desai646@outlook.com,+91-7028425756,Nashik,Other,33,2024-12-02
1341,Aarav Pillai,aarav.pillai54@hotmail.com,7228177486,Kanpur,Female,49,2024-12-04
1342,Pooja Malhotra,pooja.malhotra702@outlook.com,9932113689,Nagpur,Other,26,2023-07-21
1343,Vivaan Gupta,vivaan.gupta454@yahoo.com,7772083822,Vadodara,Other,47,2023-12-19
1344,Neha Desai,neha.desai936@rediffmail.com,+91-9305911098,Hyderabad,Other,35,2023-06-17
1345,Sanjay Joshi,sanjay.joshi980@hotmail.com,9475993073,Kanpur,Female,54,2022-12-27
1346,Anika Kapoor,anika.kapoor28@hotmail.com,7922860099,Bengaluru,Female,43,2020-03-12
1347,Pooja Desai,pooja.desai145@outlook.com,8000453623,Chennai,Other,64,2024-04-29
1348,Rohan Nair,rohan.nair835@gmail.com,8364235630,Indore,Other,49,2020-03-10
1349,Pooja Sharma,pooja.sharma984@rediffmail.com,9472900192,Kolkata,Other,54,2021-09-24
1350,Suresh Bansal,suresh.bansal732@gmail.com,9399423714,Surat,Male,37,2022-07-11
1351,Karan Verma,karan.verma234@rediffmail.com,7780256376,Lucknow,Female,35,2021-02-20
1352,Ramesh Joshi,ramesh.joshi937@outlook.com,7812139530,Patna,Female,67,2021-10-26
1353,Ishaan Gupta,ishaan.gupta351@yahoo.com,7856939357,Jaipur,Other,29,2020-06-24
1354,Aditya Kapoor,aditya.kapoor546@yahoo.com,7408446841,Chennai,Other,67,2022-11-27
1355,Pooja Kumar,pooja.kumar308@gmail.com,7298059100,Jaipur,Male,49,2022-01-21
1356,Kritika Kapoor,kritika.kapoor537@yahoo.com,8740344772,Chennai,Female,29,2021-09-03
1357,Vihaan Pillai,vihaan.pillai773@rediffmail.com,8894198959,Nashik,Other,52,2021-11-07
1358,Ramesh Kapoor,ramesh.kapoor922@hotmail.com,7036293800,Pune,Male,33,2021-07-11
1359,Arjun Desai,arjun.desai823@gmail.com,885154817,Chennai,Male,32,2020-12-16
1360,Divya Joshi,divya.joshi813@hotmail.com,8146445346,Agra,Female,53,2022-04-07
1361,Deepak Nair,deepak.nair702@yahoo.com,7206287652,Pune,Other,31,2019-07-30
1362,Ayaan Kapoor,ayaan.kapoor313@outlook.com,8763947920,Vadodara,Female,61,2021-03-02
1363,Pari Singh,pari.singh469@outlook.com,8327991089,Hyderabad,Male,52,2019-12-20
1364,Krishna Joshi,krishna.joshi906@hotmail.com,8909824385,Vadodara,Male,28,2022-12-17
1365,Isha Mehta,isha.mehta366@rediffmail.com,8636196696,Nagpur,Male,60,2021-12-23
1366,Sanjay Bhatt,sanjay.bhatt892@hotmail.com,8231599516,Nagpur,Female,32,2021-09-25
1367,Aarav Malhotra,aarav.malhotra134hotmail.com,9941212961,Lucknow,Female,70,2020-05-26
1368,Shreya Joshi,shreya.joshi836@yahoo.com,8991415394,Delhi,Female,32,2024-10-05
1369,Sai Rao,sai.rao162@yahoo.com,8316098500,Nashik,Other,17,2024-11-10
1370,Amit Agarwal,amit.agarwal512@rediffmail.com,9295859002,Agra,Female,69,2024-09-14
1371,Kritika Gupta,kritika.gupta712@outlook.com,8646808469,Agra,Other,53,2021-06-30
1372,Manish Kapoor,manish.kapoor970@hotmail.com,7069376954,Surat,Male,23,2019-01-22
1373,Myra Nair,myra.nair660@yahoo.com,8006120304,Kanpur,Female,34,2022-11-20
1374,Suresh Reddy,suresh.reddy715@yahoo.com,9909262049,Chennai,Male,57,2024-10-09
1375,Diya Agarwal,diya.agarwal896@outlook.com,+91-8726171360,Mumbai,Male,17,2019-10-05
1376,Nikhil Kapoor,nikhil.kapoor259rediffmail.com,7361083884,Surat,Female,21,2023-08-13
1377,Anika Reddy,anika.reddy895@hotmail.com,9980170814,Kanpur,Other,29,2022-08-22
1378,Isha Mehta,isha.mehta795@yahoo.com,8164723504,Hyderabad,Male,56,2023-02-17
1379,Aditya Iyer,aditya.iyer2@rediffmail.com,9959431163,Bhopal,Female,34,2020-04-13
1380,Isha Kapoor,isha.kapoor258@gmail.com,9811126642,Hyderabad,Female,68,2021-03-21
1381,Pari Kumar,pari.kumar864@yahoo.com,8575727488,Kolkata,Other,35,2021-11-18
1382,Shreya Sharma,shreya.sharma540@hotmail.com,9736225276,Surat,Other,17,2019-03-07
1383,Suresh Kumar,suresh.kumar947@gmail.com,7988882975,Ludhiana,Male,16,2020-12-12
1384,Riya Mehta,riya.mehta307@outlook.com,7793382780,Agra,Male,54,2023-02-09
1384,Riya Mehta,riya.mehta307@outlook.com,7793382780,Agra,Male,54,2023-02-09
1385,,riya.iyer47outlook.com,7352723438,Ahmed@b@d,Other,164,2020-08-05
1386,Neha Pillai,neha.pillai908@yahoo.com,8402788008,Bengaluru,Female,62,2021-03-22
1386,Neha Pillai,neha.pillai908@yahoo.com,8402788008,Bengaluru,Female,62,2021-03-22
1387,,deepak.mehta423@outlook.com,7139569264,MUMBAI,Female,120,2022-04-03
1387,,deepak.mehta423@outlook.com,7139569264,MUMBAI,Female,120,2022-04-03
1388,,sunita.kapoor869@outlook.com,9337443067,Mumb@i,Male,191,2020-12-27
1389,Vihaan Kapoor,vihaan.kapoor814@rediffmail.com,7888770059,Agra,Male,58,2023-03-04
1390,Rahul Kumar,rahul.kumar345@rediffmail.com,7614170396,Nagpur,Male,18,2021-09-20
1391,Saanvi Kumar,saanvi.kumar39@outlook.com,8289033721,Nagpur,Female,34,2022-05-28
1391,Saanvi Kumar,saanvi.kumar39@outlook.com,8289033721,Nagpur,Female,34,2022-05-28
1392,,saanvi.iyer51@yahoo.com,7670226962,Kolk@t@,Other,152,2021-09-04
1393,Rahul Chopra,rahul.chopra251@rediffmail.com,8129980162,Patna,Male,25,2023-11-13
1394,Vivaan Reddy,vivaan.reddy442@rediffmail.com,8596224004,Pune,Female,64,2019-05-16
1395,Ramesh Bhatt,ramesh.bhatt63@gmail.com,96898781,Pune,Female,48,2023-11-28
1396,Kritika Verma,kritika.verma415@rediffmail.com,9109413091,Surat,Female,16,2020-10-09
1397,Rahul Gupta,rahul.gupta864@gmail.com,9198252179,Lucknow,Female,19,2022-12-07
1398,Arjun Kumar,arjun.kumar370@outlook.com,9657710,Ludhiana,Female,49,2021-01-11
1399,Ananya Kapoor,ananya.kapoor60@outlook.com,7737159531,Ahmedabad,Female,68,2019-06-03
1400,Myra Kumar,myra.kumar152@gmail.com,9086594410,Pune,Male,64,2020-11-21
1401,Kritika Malhotra,kritika.malhotra322@outlook.com,7848026978,Nagpur,Other,19,2021-05-20
1402,Priya Singh,priya.singh797@outlook.com,+91-7543015038,Vadodara,Female,30,2021-02-05
1403,Meera Malhotra,meera.malhotra830hotmail.com,7667731637,Agra,Male,33,2024-06-28
1404,Ananya Singh,ananya.singh627@gmail.com,7306344165,Bengaluru,Other,65,2024-05-31
1405,Sanjay Bhatt,sanjay.bhatt934@gmail.com,8283004473,Delhi,Male,33,2019-03-16
1406,Sunita Gupta,sunita.gupta401@gmail.com,7349798420,Nagpur,Other,29,2024-01-06
1407,Meera Rao,meera.rao223@rediffmail.com,8425827722,Ludhiana,Other,23,2021-01-09
1408,Sanjay Desai,sanjay.desai273@hotmail.com,8933197544,Nashik,Female,40,2019-06-10
1409,Myra Pillai,myra.pillai379@gmail.com,7332844821,Kolkata,Female,21,2019-04-20
1410,Sanjay Chopra,sanjay.chopra259@gmail.com,9886600914,Nashik,Female,29,2024-09-15
1411,Meera Bhatt,meera.bhatt289@outlook.com,8300894052,Pune,Female,24,2019-03-25
1412,Myra Kapoor,myra.kapoor210@hotmail.com,9412106081,Bhopal,Female,59,2023-03-01
1413,Rahul Patel,rahul.patel909@yahoo.com,9509569713,Nagpur,Other,30,2023-03-31
1414,Pooja Desai,pooja.desai437@hotmail.com,7429242980,Bengaluru,Male,56,2019-03-29
1415,Kavya Gupta,kavya.gupta619@rediffmail.com,862374815,Indore,Female,37,2021-10-16
1416,Kavya Iyer,kavya.iyer540@outlook.com,9464662946,Agra,Other,39,2024-08-16
1417,Pari Pillai,pari.pillai836@gmail.com,9920798218,Pune,Other,46,2024-10-04
1418,Krishna Chopra,krishna.chopra191@yahoo.com,8302512534,Agra,Male,38,2019-06-27
1419,Sanjay Kumar,sanjay.kumar542@yahoo,7552924789,Bengaluru,Female,59,2021-05-23
1420,Riya Bansal,riya.bansal695@gmail.com,9692817345,Vadodara,Other,34,2020-10-16
1421,Amit Kumar,amit.kumar735@yahoo.com,7020205845,Bengaluru,Male,43,2024-01-23
1422,Riya Bhatt,riya.bhatt540@yahoo.com,7508535949,Lucknow,Male,31,2022-11-04
1423,Suresh Iyer,suresh.iyer928@outlook.com,9067383225,Delhi,Other,29,2022-05-14
1423,Suresh Iyer,suresh.iyer928@outlook.com,9067383225,Delhi,Other,29,2022-05-14
1424,,isha.mehta413@gmail.com,8443157600, Kanpur ,Male,198,2023-11-17
1425,Rohan Sharma,rohan.sharma296@rediffmail.com,+91-7222763380,Vadodara,Male,27,2020-05-20
1426,Myra Malhotra,myra.malhotra954@outlook.com,9506796044,Bengaluru,Female,69,2022-02-25
1427,,ayaan.singh411@yahoo.com,9119321191,nagpur,Other,160,2021-02-01
1428,Kavya Bansal,kavya.bansal416@gmail.com,7741126506,Kanpur,Female,18,2023-11-25
1429,,anjali.patel490@gmail.com,9335512156,Surat  ,Female,125,2024-01-18
1430,,pooja.gupta898@yahoo,7544709314,mumbai,Other,170,2020-03-27
1431,Riya Desai,riya.desai395@rediffmail.com,8422211989,Jaipur,Female,25,2024-01-13
1432,Sneha Verma,sneha.verma756@rediffmail.com,9749374435,Jaipur,Other,31,2022-02-18
1433,Deepak Chopra,deepak.chopra129@yahoo.com,7725283529,Agra,Male,61,2019-12-01
1434,Anjali Reddy,anjali.reddy970hotmail.com,7598565890,Kolkata,Other,31,2019-02-21
1435,Vihaan Bhatt,vihaan.bhatt157@yahoo.com,9400883804,Surat,Other,52,2021-03-06
1436,Pari Reddy,pari.reddy658@outlook.com,9322822481,Kolkata,Female,52,2024-02-10
1437,Vivaan Chopra,vivaan.chopra509@yahoo.com,9018798096,Patna,Other,37,2022-07-07
1438,Isha Gupta,isha.gupta250@yahoo.com,8124745134,Lucknow,Other,65,2024-11-17
1439,Arjun Kumar,arjun.kumar643@rediffmail.com,9106614574,Indore,Female,61,2020-02-25
1440,Neha Joshi,neha.joshi870@rediffmail.com,7004171365,Nagpur,Male,16,2020-05-08
1441,Neha Patel,neha.patel632@hotmail.com,7020020708,Ludhiana,Other,18,2022-01-18
1442,Krishna Nair,krishna.nair896@rediffmail.com,7257454328,Chennai,Male,36,2024-04-23
1443,Aditya Kapoor,aditya.kapoor841@rediffmail.com,9607051967,Kolkata,Other,67,2019-03-01
1444,Anjali Malhotra,anjali.malhotra304@outlook.com,8696016254,Ludhiana,Other,42,2020-12-02
1445,Riya Iyer,riya.iyer319@yahoo.com,8545610702,Chennai,Other,21,2021-12-19
1446,Meera Joshi,meera.joshi753@gmail.com,7472508771,Ludhiana,Other,26,2019-05-16
1447,Ananya Kapoor,ananya.kapoor391@gmail.com,9555901630,Nagpur,Other,38,2024-09-20
1448,Reyansh Bansal,reyansh.bansal942@hotmail.com,7352801495,Delhi,Other,59,2021-02-13
1449,Sanjay Kumar,sanjay.kumar50@rediffmail.com,9981372380,Indore,Female,59,2019-11-18
1450,Reyansh Patel,reyansh.patel103@hotmail.com,8129519162,Patna,Female,46,2024-03-25
1451,Sneha Patel,sneha.patel265@gmail.com,7227406756,Vadodara,Other,41,2022-03-31
1452,Neha Gupta,neha.gupta565@gmail.com,9782904976,Kolkata,Male,58,2023-07-27
1453,Priya Patel,priya.patel527@hotmail.com,9436424161,Kanpur,Male,40,2021-10-03
1454,Sneha Kumar,sneha.kumar962@yahoo.com,9380160361,Indore,Other,51,2022-09-21
1455,Arjun Kapoor,arjun.kapoor11@gmail.com,7786209518,Ludhiana,Other,18,2021-04-09
1456,Sanjay Kapoor,sanjay.kapoor933@gmail.com,8389604456,Kanpur,Female,63,2020-02-23
1457,Arjun Gupta,arjun.gupta871@gmail.com,7372240883,Hyderabad,Other,67,2021-04-27
1458,Riya Nair,riya.nair259@yahoo.com,7771046351,Bhopal,Male,56,2020-01-30
1459,Anika Kumar,anika.kumar219@hotmail.com,+91-9546944058,Vadodara,Female,60,2020-06-06
1460,Isha Joshi,isha.joshi833@yahoo.com,7747715796,Surat,Other,49,2022-04-09
1461,Suresh Bansal,suresh.bansal909@rediffmail.com,9368140704,Nashik,Male,52,2022-05-20
1462,Riya Agarwal,riya.agarwal100@gmail.com,8049388192,Bengaluru,Other,64,2022-01-08
1463,Sneha Bhatt,sneha.bhatt117@rediffmail.com,9100657456,Chennai,Female,29,2023-06-11
1464,Anjali Agarwal,anjali.agarwal492@hotmail.com,9970265432,Ahmedabad,Other,36,2022-02-05
1465,Ishaan Sharma,ishaan.sharma756@hotmail.com,9527031,Vadodara,Male,26,2021-03-17
1466,Myra Bansal,myra.bansal3@outlook.com,9075413457,Nashik,Other,64,2021-06-20
1467,Krishna Desai,krishna.desai357@hotmail.com,9029444872,Nagpur,Other,48,2022-08-16
1468,Riya Patel,riya.patel723@rediffmail.com,8392493769,Nagpur,Other,17,2021-10-14
1469,Sai Joshi,sai.joshi826@rediffmail.com,9648505906,Indore,Other,47,2024-10-08
1470,Neha Malhotra,neha.malhotra932@yahoo.com,7620160828,Delhi,Other,44,2022-03-19
1471,Vivaan Kapoor,vivaan.kapoor681@outlook.com,9992719753,Nashik,Female,62,2020-10-19
1472,Sneha Bhatt,sneha.bhatt7@gmail.com,9201643129,Kanpur,Female,21,2021-12-22
1473,Ishaan Rao,ishaan.rao959@gmail.com,8913807127,Kolkata,Other,20,2021-04-29
1474,Isha Mehta,isha.mehta644@yahoo.com,7307513053,Pune,Other,60,2023-09-27
1475,Amit Joshi,amit.joshi783@yahoo.com,9344456526,Nagpur,Male,24,2024-12-23
1476,Reyansh Agarwal,reyansh.agarwal997@hotmail.com,7431678100,Nashik,Other,27,2023-04-24
1477,Ananya Chopra,ananya.chopra689@gmail.com,8628686368,Lucknow,Female,46,2021-05-26
1478,Anjali Verma,anjali.verma707@rediffmail,8006941886,Vadodara,Female,21,2023-01-31
1479,Anika Pillai,anika.pillai587@hotmail.com,8986576438,Bhopal,Other,23,2022-12-09
1480,Myra Iyer,myra.iyer256@hotmail.com,8569851830,Pune,Other,16,2022-07-17
1481,Rohan Patel,rohan.patel462@gmail.com,7928175490,Nagpur,Other,40,2020-03-22
1482,Nikhil Gupta,nikhil.gupta607@yahoo.com,7426184095,Jaipur,Male,36,2024-12-22
1483,Meera Verma,meera.verma302@gmail.com,7715988546,Patna,Male,26,2022-06-02
1484,Nikhil Agarwal,nikhil.agarwal814@hotmail.com,7067961072,Patna,Female,45,2022-07-01
1485,Amit Chopra,amit.chopra693@yahoo.com,9711435005,Indore,Other,57,2020-02-05
1486,Pooja Gupta,pooja.gupta237@outlook.com,9857738827,Indore,Other,37,2022-07-01
1487,Saanvi Verma,saanvi.verma239@yahoo.com,8099476316,Ahmedabad,Male,39,2021-02-25
1488,Riya Malhotra,riya.malhotra55@yahoo.com,7020976993,Chennai,Male,64,2020-12-22
1489,Divya Mehta,divya.mehta634@yahoo.com,8574546317,Agra,Male,53,2020-11-17
1490,Deepak Mehta,deepak.mehta464@yahoo.com,+91-7890138346,Indore,Male,43,2020-09-19
1491,Saanvi Chopra,saanvi.chopra831@rediffmail.com,8702248949,Bhopal,Male,42,2021-05-22
1492,Meera Mehta,meera.mehta278@hotmail.com,8192034532,Kolkata,Male,22,2024-11-18
1493,Pooja Pillai,pooja.pillai405@gmail.com,7965605987,Hyderabad,Male,49,2020-04-30
1494,Manish Kapoor,manish.kapoor596@yahoo.com,8151935598,Lucknow,Female,16,2024-09-02
1495,Priya Mehta,priya.mehta68@gmail.com,8400155272,Jaipur,Female,18,2023-09-03
1496,Rahul Patel,rahul.patel933@rediffmail.com,+91-8423582231,Nagpur,Male,47,2021-06-13
1497,Priya Malhotra,priya.malhotra629@gmail.com,9028186131,Ahmedabad,Male,58,2021-12-03
1498,Sai Sharma,sai.sharma589@rediffmail.com,7759742509,Bhopal,Female,59,2022-05-19
1499,Kritika Bhatt,kritika.bhatt198@hotmail.com,8213474253,Ludhiana,Male,21,2021-08-31
1500,Ayaan Iyer,ayaan.iyer54yahoo.com,841218584,Lucknow,Female,31,2019-11-04
1501,Aditya Joshi,aditya.joshi732@rediffmail.com,9194265544,Mumbai,Male,42,2020-05-24
1502,Saanvi Kapoor,saanvi.kapoor467@rediffmail,7296351734,Surat,Other,31,2023-04-07
1503,Aditya Kapoor,aditya.kapoor976@hotmail.com,7106626090,Nashik,Male,58,2023-12-24
1504,Reyansh Mehta,reyansh.mehta545@outlook,8562497324,Nashik,Female,20,2024-10-30
1504,Reyansh Mehta,reyansh.mehta545@outlook,8562497324,Nashik,Female,20,2024-10-30
1505,,amit.mehta544@hotmail.com,7226260635,Kolkata  ,Male,185,2023-02-14
1506,Aadhya Bhatt,aadhya.bhatt798@yahoo.com,7479760240,Chennai,Other,59,2021-09-05
1507,Neha Bhatt,neha.bhatt342rediffmail.com,8873832176,Hyderabad,Male,17,2019-12-19
1508,Rohan Malhotra,rohan.malhotra212@yahoo.com,9882872229,Mumbai,Other,54,2019-04-19
1508,Rohan Malhotra,rohan.malhotra212@yahoo.com,9882872229,Mumbai,Other,54,2019-04-19
1509,,rahul.chopra548@outlook.com,9114147105,Chennai  ,Female,180,2019-01-06
1510,Kritika Nair,kritika.nair402@gmail.com,7343331197,Lucknow,Male,16,2022-07-24
1511,Myra Chopra,myra.chopra284outlook.com,7160193205,Ludhiana,Female,67,2024-10-26
1512,,neha.chopra10@yahoo.com,8687292357,AHMEDABAD,Other,169,2021-07-18
1513,Ananya Malhotra,ananya.malhotra469@yahoo.com,7956811991,Surat,Other,44,2020-05-29
1514,Sai Malhotra,sai.malhotra848@rediffmail.com,8184971219,Ahmedabad,Female,19,2019-07-10
1515,Karan Iyer,karan.iyer974@yahoo.com,71043170,Mumbai,Female,54,2019-02-24
1516,Ayaan Gupta,ayaan.gupta161@gmail.com,9262790720,Delhi,Female,50,2019-10-23
1517,Vivaan Gupta,vivaan.gupta673@yahoo.com,7732054748,Surat,Other,46,2021-05-19
1518,Isha Nair,isha.nair6@yahoo.com,8799300620,Patna,Female,46,2021-02-16
1519,Amit Verma,amit.verma540@rediffmail.com,8716333850,Ludhiana,Other,58,2021-04-04
1520,Shreya Agarwal,shreya.agarwal214@hotmail.com,9619214337,Chennai,Other,34,2019-02-21
1521,Sanjay Bhatt,sanjay.bhatt942@hotmail,7237435058,Ludhiana,Male,35,2023-09-07
1522,Ramesh Gupta,ramesh.gupta780@hotmail,9662050088,Ludhiana,Male,65,2021-11-16
1523,Arjun Bansal,arjun.bansal682@gmail.com,8046065043,Kolkata,Female,48,2019-08-13
1524,Reyansh Joshi,reyansh.joshi903@yahoo.com,8997850623,Surat,Other,69,2022-06-13
1525,Aarav Nair,aarav.nair358@yahoo.com,8471352149,Bhopal,Male,16,2022-10-03
1526,Vihaan Gupta,vihaan.gupta35@rediffmail.com,7588338296,Pune,Female,16,2020-08-29
1527,Shreya Desai,shreya.desai695@hotmail.com,8251585582,Nagpur,Other,21,2021-04-12
1528,Deepak Kumar,deepak.kumar845@yahoo.com,7046865243,Jaipur,Male,58,2023-06-18
1529,Nikhil Bhatt,nikhil.bhatt9@outlook.com,9098368012,Chennai,Other,24,2024-06-21
1530,Neha Gupta,neha.gupta611@yahoo.com,9859404807,Ahmedabad,Other,60,2022-12-19
1531,Arjun Malhotra,arjun.malhotra131@hotmail.com,9894650871,Pune,Female,51,2022-06-22
1531,Arjun Malhotra,arjun.malhotra131@hotmail.com,9894650871,Pune,Female,51,2022-06-22
1532,,ananya.singh158@hotmail.com,7567436,Mumb@i,Male,198,2020-09-06
1533,Divya Patel,divya.patel169@rediffmail.com,9212780728,Indore,Female,56,2024-09-01
1534,Riya Gupta,riya.gupta603@outlook.com,9427578548,Ludhiana,Other,55,2019-05-13
1535,Anjali Patel,anjali.patel327@yahoo.com,7039337967,Ahmedabad,Male,48,2022-11-11
1536,Isha Pillai,isha.pillai833@gmail.com,9045992828,Nashik,Female,66,2022-10-28
1537,Aditya Reddy,aditya.reddy463@outlook.com,8697315135,Bengaluru,Female,47,2020-12-07
1538,Amit Kumar,amit.kumar342@outlook.com,9093818506,Nashik,Female,40,2022-07-28
1539,Isha Chopra,isha.chopra726@gmail.com,8668887115,Bhopal,Other,44,2024-01-22
1540,Karan Bansal,karan.bansal327@gmail.com,9164173111,Bengaluru,Female,44,2023-06-25
1541,Suresh Mehta,suresh.mehta987@yahoo.com,9196230341,Hyderabad,Female,33,2019-02-10
1542,Sneha Verma,sneha.verma652@outlook.com,7551368615,Chennai,Male,65,2022-06-02
1543,Krishna Singh,krishna.singh216@rediffmail.com,9303329715,Nashik,Other,63,2022-01-17
1544,Neha Kumar,neha.kumar141hotmail.com,9809467925,Bhopal,Other,57,2022-12-15
1545,Kavya Nair,kavya.nair779gmail.com,7332441997,Surat,Female,48,2020-12-08
1546,Krishna Desai,krishna.desai713@outlook.com,7754874431,Agra,Other,56,2022-04-16
1547,Suresh Agarwal,suresh.agarwal881@outlook.com,7155652753,Ludhiana,Male,70,2019-10-01
1548,Karan Verma,karan.verma22@yahoo.com,9559511806,Pune,Other,24,2021-12-10
1549,Kritika Agarwal,kritika.agarwal466@yahoo.com,8718824740,Jaipur,Female,25,2019-07-01
1550,Rohan Verma,rohan.verma402@outlook.com,8319868998,Jaipur,Male,31,2023-04-06
1551,Saanvi Iyer,saanvi.iyer861@yahoo.com,8212317897,Surat,Other,19,2021-11-13
1552,Kritika Kapoor,kritika.kapoor548@yahoo.com,7435042344,Delhi,Male,23,2023-03-24
1553,Arjun Pillai,arjun.pillai14@hotmail.com,9190371352,Chennai,Female,42,2021-12-07
1554,Deepak Sharma,deepak.sharma543@gmail.com,8308964465,Ahmedabad,Female,21,2021-03-17
1555,Reyansh Singh,reyansh.singh686@yahoo.com,9308934915,Vadodara,Other,39,2022-03-03
1556,Myra Gupta,myra.gupta988@hotmail.com,8248435609,Nagpur,Female,62,2020-04-07
1557,Kavya Bansal,kavya.bansal29@yahoo.com,9826578007,Mumbai,Female,46,2019-03-25
1558,Aarav Nair,aarav.nair887@rediffmail,8055101843,Hyderabad,Female,70,2019-05-20
1559,Sai Chopra,sai.chopra358@hotmail.com,8072158085,Vadodara,Female,44,2020-08-15
1560,Sai Nair,sai.nair520@yahoo.com,8259031262,Ahmedabad,Female,66,2021-06-12
1561,Ishaan Bansal,ishaan.bansal99@outlook.com,8343699266,Mumbai,Other,62,2021-03-06
1562,Priya Iyer,priya.iyer655@rediffmail.com,7128655223,Kolkata,Other,64,2019-10-20
1563,Nikhil Joshi,nikhil.joshi479@rediffmail.com,7885539975,Bhopal,Other,44,2024-01-28
1564,Nikhil Nair,nikhil.nair672@hotmail.com,8440701194,Kolkata,Other,51,2019-03-15
1565,Diya Mehta,diya.mehta954@outlook.com,7469985774,Bengaluru,Male,44,2021-06-26
1566,Saanvi Patel,saanvi.patel999@outlook.com,9716190440,Lucknow,Male,23,2024-11-13
1567,Aarav Rao,aarav.rao808@rediffmail.com,9901948725,Agra,Female,23,2019-04-14
1568,,arjun.joshi891@yahoo.com,9897114433,Surat  ,Other,186,2022-01-12
1569,Divya Sharma,divya.sharma381@rediffmail.com,8158960317,Hyderabad,Other,53,2022-12-22
1570,Rahul Joshi,rahul.joshi389@yahoo.com,9230639830,Ahmedabad,Male,68,2020-02-22
1571,Shreya Patel,shreya.patel407@outlook.com,7906301960,Kanpur,Other,30,2019-09-06
1572,Ishaan Joshi,ishaan.joshi949@hotmail.com,8667861293,Nagpur,Other,54,2021-08-16
1573,Kavya Singh,kavya.singh659hotmail.com,8352143667,Bhopal,Male,21,2020-02-17
1574,Sneha Kapoor,sneha.kapoor320@gmail.com,95548610,Jaipur,Male,41,2021-01-22
1575,Aadhya Kumar,aadhya.kumar789@hotmail.com,8852991943,Vadodara,Female,18,2023-12-10
1576,Riya Sharma,riya.sharma956@rediffmail.com,7310822606,Vadodara,Other,31,2020-11-24
1577,Pari Verma,pari.verma450@yahoo.com,8370173681,Patna,Male,67,2019-03-13
1578,Neha Malhotra,neha.malhotra814@yahoo.com,7705658018,Vadodara,Male,69,2024-06-06
1579,Vivaan Singh,vivaan.singh723@rediffmail.com,9164381103,Ludhiana,Other,44,2021-12-12
1580,Suresh Reddy,suresh.reddy822@gmail.com,9107001870,Nagpur,Female,19,2021-02-24
1581,Rohan Kapoor,rohan.kapoor487@rediffmail.com,7224985941,Chennai,Other,65,2022-01-20
1582,Meera Gupta,meera.gupta189@hotmail.com,+91-7547281574,Nashik,Other,69,2024-11-28
1583,Ramesh Agarwal,ramesh.agarwal816@yahoo.com,9947114377,Delhi,Female,39,2019-01-01
1584,Diya Bansal,diya.bansal195@gmail.com,+91-9721441647,Chennai,Other,58,2020-11-28
1585,Riya Bhatt,riya.bhatt637@yahoo.com,8956877339,Patna,Female,41,2021-07-07
1585,Riya Bhatt,riya.bhatt637@yahoo.com,8956877339,Patna,Female,41,2021-07-07
1586,,diya.malhotra80@rediffmail.com,9782469258,Lucknow  ,Female,195,2020-09-08
1587,Sanjay Kumar,sanjay.kumar458@outlook.com,7228016146,Bhopal,Female,22,2021-03-22
1588,Manish Kumar,manish.kumar916@hotmail.com,9047115350,Pune,Other,21,2019-08-05
1589,Kritika Singh,kritika.singh18@outlook.com,7401064044,Agra,Male,21,2019-10-27
1590,Saanvi Reddy,saanvi.reddy284@rediffmail.com,9272132262,Bengaluru,Male,54,2019-03-27
1591,Reyansh Singh,reyansh.singh988@gmail.com,8117226051,Kolkata,Male,48,2023-07-13
1592,Ayaan Kumar,ayaan.kumar442@gmail.com,7770383527,Ahmedabad,Female,22,2023-10-29
1593,Diya Kapoor,diya.kapoor518@yahoo.com,9750169901,Chennai,Other,19,2022-07-27
1594,Sneha Bansal,sneha.bansal413@yahoo.com,8712625654,Bhopal,Other,44,2022-06-08
1595,,ramesh.nair125@outlook.com,8463294643, Bengaluru ,Other,153,2024-03-15
1596,Kritika Kumar,kritika.kumar140@outlook.com,7495669090,Jaipur,Female,50,2022-03-24
1597,Reyansh Verma,reyansh.verma850@yahoo.com,8597701556,Surat,Female,69,2024-10-11
1598,Aadhya Agarwal,aadhya.agarwal16@gmail.com,9836894335,Bengaluru,Male,39,2021-11-26
1599,Sneha Desai,sneha.desai627@yahoo.com,7856566649,Kanpur,Other,37,2022-12-09
1600,Diya Rao,diya.rao971@yahoo.com,+91-9643435446,Indore,Female,44,2024-11-17
1601,Riya Agarwal,riya.agarwal625@rediffmail.com,8336623682,Bhopal,Male,48,2020-03-13
1602,Pari Bhatt,pari.bhatt493@outlook.com,7444372687,Delhi,Other,53,2022-12-26
1603,Saanvi Pillai,saanvi.pillai784@hotmail.com,8815568804,Kolkata,Female,21,2024-07-02
1604,Sneha Malhotra,sneha.malhotra524@gmail,9973799420,Lucknow,Other,64,2022-11-13
1605,Rohan Rao,rohan.rao728@outlook.com,90565956,Nagpur,Other,50,2023-10-18
1606,Myra Joshi,myra.joshi304@hotmail.com,7381354135,Kanpur,Male,48,2023-12-24
1607,Vihaan Nair,vihaan.nair508@gmail.com,9495716126,Hyderabad,Male,50,2023-02-22
1608,Riya Kapoor,riya.kapoor234@hotmail,8432697737,Hyderabad,Male,25,2023-10-10
1609,Kritika Chopra,kritika.chopra540@hotmail.com,7372023634,Nagpur,Other,68,2019-05-13
1610,Kritika Joshi,kritika.joshi840@rediffmail.com,9827381877,Chennai,Other,52,2019-07-08
1611,Isha Iyer,isha.iyer406@yahoo.com,8465926210,Ludhiana,Female,21,2019-01-14
1612,Pari Kumar,pari.kumar788@hotmail.com,8096174462,Agra,Male,57,2021-03-20
1613,Vihaan Iyer,vihaan.iyer453@gmail.com,7703249993,Ahmedabad,Male,42,2019-09-29
1614,Deepak Bansal,deepak.bansal779@outlook.com,7019450601,Bhopal,Other,50,2021-01-03
1615,Anika Iyer,anika.iyer257@rediffmail.com,9341294187,Kanpur,Female,36,2023-12-02
1616,Vivaan Bansal,vivaan.bansal996@rediffmail.com,8217445064,Chennai,Male,32,2024-03-18
1617,Pari Joshi,pari.joshi30@yahoo.com,7698653127,Ahmedabad,Female,21,2023-05-27
1618,Rohan Joshi,rohan.joshi400@outlook.com,8120238633,Hyderabad,Male,22,2023-12-07
1619,Pooja Singh,pooja.singh647@yahoo.com,97726670,Mumbai,Female,48,2022-09-20
1620,Vihaan Nair,vihaan.nair551@hotmail,8482142012,Kolkata,Male,48,2022-02-07
1621,Krishna Singh,krishna.singh710@rediffmail.com,8999954491,Mumbai,Female,19,2019-12-27
1622,Vihaan Mehta,vihaan.mehta946@hotmail.com,7348401680,Hyderabad,Female,26,2020-11-06
1623,Deepak Gupta,deepak.gupta929@hotmail.com,8599225590,Lucknow,Female,29,2019-02-15
1624,Priya Rao,priya.rao903@hotmail.com,9143708509,Patna,Other,34,2019-12-29
1625,Arjun Kumar,arjun.kumar148@hotmail.com,9210732994,Indore,Other,67,2024-10-04
1626,Karan Sharma,karan.sharma778@yahoo.com,9407325,Kolkata,Other,29,2023-04-27
1627,Anjali Chopra,anjali.chopra159@yahoo.com,8106922,Nagpur,Male,65,2021-05-17
1628,Kritika Singh,kritika.singh16@gmail.com,7953085979,Lucknow,Other,55,2020-09-15
1629,Divya Verma,divya.verma193@gmail.com,9855564036,Ahmedabad,Other,18,2019-01-07
1630,Sanjay Sharma,sanjay.sharma374@hotmail.com,7369355562,Mumbai,Other,51,2020-06-12
1631,Rohan Nair,rohan.nair206@outlook.com,7767140923,Kanpur,Other,63,2019-08-17
1632,Kavya Singh,kavya.singh991@gmail,9517461124,Kolkata,Male,65,2020-12-14
1633,Shreya Mehta,shreya.mehta492@outlook.com,9274217787,Chennai,Male,70,2020-08-31
1634,Ananya Bhatt,ananya.bhatt150@yahoo.com,9204323348,Delhi,Female,20,2022-12-10
1635,Priya Kumar,priya.kumar726@yahoo.com,8558880443,Chennai,Female,63,2020-04-27
1636,Rohan Kumar,rohan.kumar77@rediffmail.com,7773852378,Delhi,Female,41,2024-05-12
1637,Rohan Rao,rohan.rao210@rediffmail.com,7024275209,Nashik,Female,56,2019-09-27
1638,Pari Agarwal,pari.agarwal913@rediffmail.com,9420687256,Bhopal,Female,25,2020-02-22
1639,Rohan Sharma,rohan.sharma618@rediffmail.com,9603232117,Hyderabad,Female,43,2023-01-30
1640,Neha Singh,neha.singh120@gmail.com,7657151366,Hyderabad,Other,35,2019-04-08
1641,Meera Patel,meera.patel727@gmail.com,7522810877,Lucknow,Other,39,2024-03-14
1642,Sneha Sharma,sneha.sharma369@gmail.com,9095114213,Surat,Male,47,2022-08-22
1643,Sneha Malhotra,sneha.malhotra766@yahoo.com,9944873823,Surat,Male,28,2021-12-23
1644,Riya Reddy,riya.reddy623@gmail.com,8173436896,Nashik,Male,31,2020-07-02
1645,Ishaan Rao,ishaan.rao25@yahoo.com,7574109662,Agra,Female,69,2019-02-09
1646,Divya Chopra,divya.chopra748@gmail.com,7585075621,Patna,Other,57,2019-08-13
1647,Ayaan Kumar,ayaan.kumar517@gmail.com,8871392238,Bhopal,Other,47,2019-05-07
1648,Aadhya Agarwal,aadhya.agarwal975@gmail.com,9009754265,Ahmedabad,Female,16,2024-12-28
1649,Aadhya Bansal,aadhya.bansal891@outlook.com,7256023965,Kanpur,Male,66,2024-08-28
1650,Vivaan Mehta,vivaan.mehta494@hotmail.com,7608383096,Surat,Other,50,2024-04-07
1651,Riya Rao,riya.rao715@outlook.com,9699140423,Surat,Other,17,2023-05-26
1652,Arjun Malhotra,arjun.malhotra702@gmail.com,8270456913,Nashik,Other,49,2019-04-08
1653,Deepak Rao,deepak.rao831@rediffmail.com,9863393745,Kanpur,Male,19,2023-02-13
1654,Suresh Nair,suresh.nair155@gmail.com,9217035418,Nagpur,Other,19,2019-03-31
1655,Nikhil Gupta,nikhil.gupta279@outlook,8526849604,Bhopal,Female,64,2024-05-24
1656,Ayaan Gupta,ayaan.gupta769@rediffmail.com,8744536156,Nagpur,Female,55,2020-09-07
1657,Riya Chopra,riya.chopra649@yahoo.com,8019834598,Jaipur,Female,34,2024-08-31
1658,Rohan Iyer,rohan.iyer233@outlook.com,9557033588,Delhi,Female,67,2022-01-18
1659,Kavya Sharma,kavya.sharma92@outlook.com,9951073759,Surat,Other,35,2023-02-12
1660,Pari Reddy,pari.reddy544@hotmail.com,8055769021,Nashik,Male,56,2019-09-27
1661,Suresh Kapoor,suresh.kapoor961@hotmail.com,9885838979,Ludhiana,Male,70,2021-03-22
1662,Aditya Pillai,aditya.pillai735gmail.com,8458759066,Jaipur,Other,67,2020-04-05
1663,Rohan Agarwal,rohan.agarwal939@gmail.com,8955811091,Surat,Female,17,2024-05-27
1664,Rahul Sharma,rahul.sharma405@outlook.com,9949670900,Nashik,Male,52,2019-11-12
1665,Meera Agarwal,meera.agarwal354@hotmail.com,7638403009,Lucknow,Male,52,2019-12-14
1666,Kritika Kumar,kritika.kumar95@outlook.com,9585609397,Patna,Female,25,2022-08-20
1667,Sneha Patel,sneha.patel127@hotmail.com,7632108016,Nashik,Male,31,2024-06-18
1668,Anika Desai,anika.desai669@gmail.com,8058203951,Jaipur,Female,44,2021-08-01
1669,Deepak Sharma,deepak.sharma138@gmail.com,7452530950,Agra,Other,46,2021-02-24
1670,Kavya Agarwal,kavya.agarwal865@outlook.com,+91-8949076665,Hyderabad,Other,60,2019-10-14
1671,Sneha Kapoor,sneha.kapoor11@yahoo.com,8490726465,Pune,Female,48,2020-03-28
1672,Anjali Sharma,anjali.sharma192@rediffmail.com,8908445857,Kanpur,Male,30,2021-10-11
1673,Deepak Bhatt,deepak.bhatt13@rediffmail.com,7617391432,Ludhiana,Other,70,2020-03-03
1674,Aditya Desai,aditya.desai592@yahoo.com,8830943445,Delhi,Female,65,2023-04-06
1675,Suresh Malhotra,suresh.malhotra352@yahoo.com,9492333480,Ludhiana,Other,67,2024-03-06
1676,Vivaan Joshi,vivaan.joshi308@outlook.com,9485040775,Indore,Male,26,2021-06-29
1677,Aditya Chopra,aditya.chopra161@yahoo.com,8033909250,Pune,Male,30,2020-09-25
1678,Sanjay Iyer,sanjay.iyer65@rediffmail.com,8428852302,Patna,Male,40,2019-09-10
1679,Ayaan Iyer,ayaan.iyer985@outlook.com,7057236803,Lucknow,Female,69,2021-11-17
1679,Ayaan Iyer,ayaan.iyer985@outlook.com,7057236803,Lucknow,Female,69,2021-11-17
1680,,manish.nair34@yahoo.com,+91-7112577327, Bengaluru ,Other,185,2023-05-09
1681,Aadhya Kapoor,aadhya.kapoor859gmail.com,9493108373,Jaipur,Female,17,2021-01-12
1682,Aadhya Chopra,aadhya.chopra83@hotmail.com,9141552874,Mumbai,Other,52,2020-06-15
1683,Aditya Agarwal,aditya.agarwal222@gmail.com,8942467511,Ahmedabad,Female,19,2024-08-04
1684,Ayaan Iyer,ayaan.iyer725@rediffmail.com,7716201920,Delhi,Other,56,2019-12-21
1685,Ramesh Singh,ramesh.singh466@outlook,9486883448,Nashik,Male,31,2024-12-29
1686,Ramesh Kapoor,ramesh.kapoor675@yahoo.com,7450486108,Mumbai,Other,32,2021-04-02
1687,Sneha Chopra,sneha.chopra107@outlook.com,8609252684,Nagpur,Male,54,2022-03-22
1688,Rahul Mehta,rahul.mehta25@rediffmail.com,9994448855,Bhopal,Male,36,2020-07-18
1689,Manish Mehta,manish.mehta419@outlook.com,8708457712,Lucknow,Other,40,2021-03-12
1690,Sai Kumar,sai.kumar526@outlook.com,8722409001,Kolkata,Other,62,2023-11-06
1691,Pari Gupta,pari.gupta843@yahoo.com,8056482767,Jaipur,Female,32,2021-07-08
1692,Suresh Desai,suresh.desai791@rediffmail.com,7843668082,Bhopal,Other,49,2023-11-17
1693,Deepak Kapoor,deepak.kapoor33@hotmail.com,8186801121,Vadodara,Male,67,2020-12-17
1694,Aarav Kapoor,aarav.kapoor924@hotmail.com,7150899941,Kolkata,Female,49,2024-11-29
1695,Shreya Malhotra,shreya.malhotra774hotmail.com,8227861413,Delhi,Other,35,2019-07-28
1696,Deepak Rao,deepak.rao911@gmail.com,8051712301,Agra,Other,17,2024-04-24
1697,Sunita Verma,sunita.verma739@rediffmail.com,7012046124,Kanpur,Female,26,2021-06-09
1698,Reyansh Nair,reyansh.nair691@yahoo.com,7979738777,Nagpur,Other,42,2020-05-18
1699,Rohan Joshi,rohan.joshi155@rediffmail.com,9440701395,Patna,Female,52,2019-03-23
1700,Pari Bhatt,pari.bhatt897@outlook.com,8131924396,Hyderabad,Other,64,2022-10-08
1701,Isha Patel,isha.patel166@hotmail.com,8225109998,Ahmedabad,Male,69,2022-02-24
1702,Divya Bhatt,divya.bhatt62@outlook.com,7604044987,Pune,Male,49,2020-01-16
1703,Sanjay Joshi,sanjay.joshi683@hotmail.com,8912456448,Mumbai,Male,54,2021-04-09
1704,Divya Pillai,divya.pillai118@gmail.com,8517117917,Bhopal,Other,64,2024-08-25
1705,Diya Verma,diya.verma632@yahoo.com,9227896051,Indore,Other,18,2020-11-27
1706,Ishaan Pillai,ishaan.pillai437@hotmail.com,7921989899,Lucknow,Female,18,2022-03-10
1707,Isha Malhotra,isha.malhotra951@rediffmail.com,7518968753,Indore,Male,61,2023-07-12
1708,Rahul Kumar,rahul.kumar156@hotmail.com,7376796017,Pune,Male,70,2020-02-04
1709,Nikhil Singh,nikhil.singh984@hotmail.com,9443397226,Hyderabad,Other,19,2021-01-19
1710,Suresh Iyer,suresh.iyer820@rediffmail.com,8924944525,Indore,Other,23,2023-06-28
1711,Sunita Chopra,sunita.chopra894@hotmail.com,7795378420,Bhopal,Male,62,2024-05-11
1712,Riya Gupta,riya.gupta672@rediffmail.com,7889934830,Kolkata,Female,31,2024-09-25
1713,Kavya Reddy,kavya.reddy57@rediffmail.com,9137114189,Mumbai,Male,49,2021-12-14
1714,Pooja Joshi,pooja.joshi679@rediffmail.com,7034797763,Lucknow,Other,21,2020-02-18
1715,Reyansh Malhotra,reyansh.malhotra683@gmail.com,9231965251,Kolkata,Male,48,2020-09-23
1716,Kritika Singh,kritika.singh555@hotmail.com,8434962973,Nashik,Male,20,2021-01-18
1717,Diya Singh,diya.singh819@outlook.com,8832997274,Chennai,Other,32,2022-04-17
1718,Sunita Agarwal,sunita.agarwal815@rediffmail.com,9898104536,Jaipur,Female,51,2023-01-30
1719,Vivaan Bansal,vivaan.bansal73@yahoo.com,93920496,Bengaluru,Male,20,2022-01-30
1720,Kavya Chopra,kavya.chopra210@rediffmail.com,9533624672,Agra,Female,64,2019-05-25
1721,Anjali Agarwal,anjali.agarwal884outlook.com,7727186823,Surat,Male,42,2024-11-28
1722,Vihaan Nair,vihaan.nair721@outlook.com,7948124563,Bengaluru,Female,31,2019-04-23
1723,Shreya Desai,shreya.desai934@hotmail.com,8787818359,Vadodara,Female,38,2019-01-23
1724,Suresh Joshi,suresh.joshi119@outlook.com,8403533155,Kanpur,Other,46,2020-09-14
1725,Rahul Gupta,rahul.gupta124yahoo.com,9766662966,Mumbai,Female,54,2023-01-29
1726,Arjun Verma,arjun.verma99@rediffmail.com,7688129384,Mumbai,Female,34,2020-05-16
1727,Neha Iyer,neha.iyer746@rediffmail.com,8826253402,Surat,Other,50,2020-08-10
1728,Neha Rao,neha.rao495@hotmail.com,7380567318,Agra,Other,49,2021-07-19
1729,Sai Sharma,sai.sharma613@yahoo.com,7987938710,Vadodara,Other,24,2024-04-28
1730,Pooja Agarwal,pooja.agarwal779@hotmail.com,7572780136,Lucknow,Male,48,2023-07-16
1731,Rohan Patel,rohan.patel653@outlook.com,8988859790,Lucknow,Male,64,2021-09-09
1732,Isha Mehta,isha.mehta978@yahoo.com,8728928074,Nashik,Female,63,2024-05-27
1733,Rahul Rao,rahul.rao563@rediffmail.com,9511741521,Lucknow,Female,66,2024-04-11
1734,Ayaan Malhotra,ayaan.malhotra774@outlook.com,7864866367,Delhi,Other,30,2022-10-03
1735,Vihaan Kumar,vihaan.kumar991@yahoo.com,8051508170,Ludhiana,Other,59,2023-04-14
1736,Krishna Mehta,krishna.mehta340@yahoo.com,8335316632,Bhopal,Male,39,2024-06-09
1737,Arjun Malhotra,arjun.malhotra349@outlook.com,7079109085,Mumbai,Other,67,2022-11-06
1738,Amit Patel,amit.patel358@hotmail.com,9432995336,Mumbai,Other,40,2019-07-11
1739,Rahul Gupta,rahul.gupta220@hotmail.com,9690425512,Vadodara,Female,67,2021-03-17
1740,Ananya Malhotra,ananya.malhotra644gmail.com,8295375808,Surat,Female,23,2024-07-11
1741,Ramesh Iyer,ramesh.iyer727@outlook.com,952944282,Kanpur,Other,36,2019-08-19
1742,Isha Kapoor,isha.kapoor167@yahoo.com,8745432453,Lucknow,Female,38,2019-05-16
1743,Anjali Rao,anjali.rao771@yahoo.com,8252700177,Indore,Female,21,2021-06-03
1744,Kritika Nair,kritika.nair55@gmail.com,8190041806,Agra,Other,36,2021-05-11
1745,Rahul Nair,rahul.nair866@gmail.com,77994257,Vadodara,Male,35,2024-01-19
1746,Neha Iyer,neha.iyer230@hotmail.com,7429195677,Chennai,Other,44,2019-09-15
1747,Aditya Malhotra,aditya.malhotra184@gmail.com,8966839405,Agra,Female,45,2019-02-27
1748,Ananya Agarwal,ananya.agarwal988@yahoo.com,7885155344,Bengaluru,Female,19,2020-11-22
1749,Anika Agarwal,anika.agarwal185@yahoo.com,8357329469,Kolkata,Other,66,2022-05-20
1750,Riya Pillai,riya.pillai249@yahoo.com,8986224216,Hyderabad,Other,21,2020-04-28
1751,Anika Iyer,anika.iyer522@yahoo.com,7796312648,Kolkata,Female,70,2021-12-29
1752,Pooja Malhotra,pooja.malhotra238@hotmail.com,7552011741,Kanpur,Male,32,2023-05-23
1753,Aditya Iyer,aditya.iyer813@outlook.com,9697488884,Patna,Male,16,2021-09-10
1754,Ishaan Joshi,ishaan.joshi706@gmail.com,7284912787,Kolkata,Female,59,2021-07-26
1755,Kavya Chopra,kavya.chopra643@yahoo.com,7038440136,Bengaluru,Male,40,2020-02-09
1756,Karan Gupta,karan.gupta273@yahoo.com,9472309863,Lucknow,Female,22,2021-08-30
1757,Arjun Agarwal,arjun.agarwal791@gmail.com,7700893449,Ludhiana,Female,28,2023-12-13
1758,Neha Pillai,neha.pillai445@gmail.com,7107544201,Kolkata,Male,29,2023-09-25
1759,Rahul Reddy,rahul.reddy117@rediffmail.com,7985891524,Nashik,Female,64,2021-12-06
1760,Saanvi Mehta,saanvi.mehta605@rediffmail.com,8460947088,Nagpur,Female,21,2024-12-31
1761,Anika Kapoor,anika.kapoor507@rediffmail.com,7921326121,Ahmedabad,Female,47,2023-11-11
1762,Suresh Agarwal,suresh.agarwal457@gmail.com,9196857777,Indore,Male,19,2020-04-27
1763,Riya Kapoor,riya.kapoor308@yahoo.com,9225429161,Hyderabad,Other,44,2024-08-30
1764,Priya Bansal,priya.bansal161@rediffmail.com,7450332,Jaipur,Male,25,2020-02-23
1765,Ramesh Sharma,ramesh.sharma646@hotmail.com,8562643938,Kanpur,Female,26,2024-04-16
1766,Aarav Singh,aarav.singh27@gmail.com,9099354543,Lucknow,Female,50,2019-11-14
1767,Kavya Pillai,kavya.pillai174@rediffmail.com,7853112913,Hyderabad,Female,60,2020-03-24
1768,Suresh Reddy,suresh.reddy482@rediffmail.com,8084601594,Kanpur,Female,66,2024-05-15
1769,Priya Sharma,priya.sharma11@hotmail.com,7272690281,Lucknow,Other,43,2020-05-08
1770,Kavya Iyer,kavya.iyer334@gmail.com,7139147041,Nagpur,Other,68,2020-02-04
1771,Riya Kapoor,riya.kapoor461@rediffmail.com,7202112310,Kolkata,Male,41,2022-12-06
1772,Kritika Pillai,kritika.pillai203@rediffmail.com,9806742464,Ludhiana,Other,52,2024-08-04
1773,Vivaan Mehta,vivaan.mehta719@rediffmail.com,7619957001,Kanpur,Female,68,2024-05-14
1774,Diya Kumar,diya.kumar915@outlook.com,8309864539,Mumbai,Male,42,2023-02-15
1775,Anjali Kapoor,anjali.kapoor785@yahoo.com,86362144,Vadodara,Other,67,2024-03-08
1776,Pooja Desai,pooja.desai878@gmail.com,9847788102,Chennai,Other,24,2023-07-09
1777,Aarav Singh,aarav.singh187@outlook.com,8696298356,Mumbai,Other,37,2024-09-27
1778,Deepak Nair,deepak.nair916@rediffmail.com,8118876515,Bengaluru,Male,66,2024-09-21
1779,Kritika Mehta,kritika.mehta678@outlook.com,7988696145,Chennai,Female,40,2022-07-24
1780,Meera Desai,meera.desai402@outlook.com,7881547698,Nagpur,Other,56,2020-07-22
1781,Riya Malhotra,riya.malhotra243@hotmail.com,8819249980,Kolkata,Male,43,2020-07-08
1782,Suresh Bansal,suresh.bansal255@outlook,9064245495,Surat,Female,23,2023-03-29
1783,Ayaan Pillai,ayaan.pillai994@yahoo.com,9181480687,Chennai,Female,17,2020-01-15
1784,Sunita Bhatt,sunita.bhatt569@gmail.com,9764649988,Nashik,Other,47,2019-12-28
1785,Myra Agarwal,myra.agarwal781outlook.com,7838305182,Delhi,Female,25,2024-06-06
1786,Meera Singh,meera.singh159@rediffmail.com,7100753498,Vadodara,Female,28,2020-05-29
1787,Neha Gupta,neha.gupta21@yahoo.com,9489122081,Nashik,Female,28,2020-02-16
1788,Myra Nair,myra.nair982@hotmail.com,8790794992,Mumbai,Female,22,2020-04-08
1789,Anika Gupta,anika.gupta917@gmail.com,8502744126,Delhi,Female,20,2024-01-27
1790,Kavya Verma,kavya.verma169@gmail.com,7090546197,Ludhiana,Male,69,2019-11-23
1791,Kritika Gupta,kritika.gupta728@gmail.com,9229221418,Chennai,Female,66,2019-03-18
1792,Arjun Chopra,arjun.chopra40@yahoo.com,9933896044,Hyderabad,Other,61,2024-05-27
1793,Rohan Singh,rohan.singh142@outlook.com,7271840098,Kolkata,Female,27,2020-04-24
1794,Aarav Bhatt,aarav.bhatt393@outlook.com,7662849618,Bengaluru,Female,62,2021-09-21
1795,Deepak Mehta,deepak.mehta161@yahoo.com,7667969980,Vadodara,Other,67,2020-07-17
1796,Priya Bhatt,priya.bhatt21yahoo.com,9776799201,Delhi,Male,20,2021-05-05
1797,Rahul Gupta,rahul.gupta29@outlook.com,9720032320,Bhopal,Female,23,2021-07-04
1798,Nikhil Joshi,nikhil.joshi380@rediffmail.com,8277645552,Mumbai,Male,57,2024-11-10
1799,Riya Verma,riya.verma469@rediffmail.com,7429931861,Ludhiana,Other,43,2019-07-03
1800,Deepak Rao,deepak.rao827@yahoo.com,9908647872,Ahmedabad,Other,59,2021-06-06
1801,Suresh Nair,suresh.nair288rediffmail.com,8509844883,Lucknow,Male,42,2023-10-01
1802,Neha Malhotra,neha.malhotra829@hotmail.com,7083684809,Kanpur,Male,23,2024-11-28
1803,Neha Sharma,neha.sharma156@rediffmail.com,9367956008,Nagpur,Female,54,2021-08-09
1804,Meera Mehta,meera.mehta377@yahoo.com,9317595624,Kolkata,Female,16,2021-10-24
1805,Riya Sharma,riya.sharma129gmail.com,8753332125,Bengaluru,Female,59,2020-08-09
1806,Kritika Patel,kritika.patel841@rediffmail.com,7814605869,Vadodara,Other,65,2022-03-02
1806,Kritika Patel,kritika.patel841@rediffmail.com,7814605869,Vadodara,Other,65,2022-03-02
1807,,rahul.singh407rediffmail.com,8551375277,bhopal,Male,198,2019-02-23
1808,Diya Pillai,diya.pillai22@outlook.com,7539388158,Ahmedabad,Other,36,2023-05-04
1809,Amit Gupta,amit.gupta16@rediffmail.com,7054742326,Agra,Male,31,2020-08-18
1810,Suresh Desai,suresh.desai224@hotmail.com,7753711594,Delhi,Female,70,2021-10-17
1811,Rahul Rao,rahul.rao226@gmail.com,9011566079,Vadodara,Male,70,2024-10-23
1812,Sneha Chopra,sneha.chopra227@rediffmail.com,8673216419,Ahmedabad,Other,39,2020-10-11
1813,Anika Pillai,anika.pillai539@rediffmail.com,7312085253,Bhopal,Other,59,2020-11-08
1814,Rahul Chopra,rahul.chopra584@hotmail.com,8091521456,Ahmedabad,Other,65,2023-03-23
1815,Anika Kapoor,anika.kapoor88@yahoo.com,7662605060,Agra,Other,34,2021-02-03
1816,Amit Singh,amit.singh122@yahoo.com,8928371869,Indore,Male,36,2024-05-30
1817,Aditya Malhotra,aditya.malhotra726@outlook.com,9458144861,Hyderabad,Other,69,2019-10-23
1818,Diya Singh,diya.singh468@yahoo.com,8930145438,Indore,Female,24,2022-03-24
1819,Rahul Desai,rahul.desai960@outlook.com,8220635324,Surat,Female,63,2021-08-26
1820,Kavya Iyer,kavya.iyer551@gmail.com,+91-7981444126,Surat,Other,32,2021-06-29
1821,Anika Pillai,anika.pillai120@yahoo.com,7296333280,Indore,Female,50,2019-01-20
1822,Neha Gupta,neha.gupta814@hotmail.com,8035818825,Agra,Male,50,2024-09-05
1823,Neha Kapoor,neha.kapoor241@outlook.com,7357859450,Ahmedabad,Other,19,2019-05-25
1824,Myra Iyer,myra.iyer687@outlook.com,7237004578,Nagpur,Other,24,2021-08-06
1825,Shreya Verma,shreya.verma41@gmail.com,9961084968,Agra,Other,65,2021-05-07
1826,Pooja Kumar,pooja.kumar86@rediffmail.com,7567560060,Jaipur,Male,59,2022-01-05
1827,Meera Malhotra,meera.malhotra601@gmail.com,7518424183,Bhopal,Male,40,2021-06-15
1828,Sai Kumar,sai.kumar164@gmail.com,8594450852,Nashik,Other,69,2021-12-26
1829,Ayaan Malhotra,ayaan.malhotra504@rediffmail.com,7783809184,Mumbai,Female,48,2020-09-05
1830,Saanvi Iyer,saanvi.iyer983@outlook.com,9099216496,Kolkata,Other,56,2024-07-14
1831,Ramesh Chopra,ramesh.chopra979@outlook.com,7966563468,Lucknow,Female,40,2024-02-28
1832,Ramesh Desai,ramesh.desai728@hotmail.com,8674183698,Surat,Male,61,2020-09-24
1833,Nikhil Joshi,nikhil.joshi901@yahoo.com,9750100750,Surat,Male,30,2023-09-02
1834,Isha Pillai,isha.pillai990@outlook.com,7491554176,Chennai,Male,22,2024-05-02
1835,Ishaan Bansal,ishaan.bansal478@rediffmail.com,9273300162,Hyderabad,Male,35,2022-08-30
1836,Ishaan Rao,ishaan.rao941@yahoo.com,8794410319,Indore,Other,19,2020-09-13
1837,Sunita Iyer,sunita.iyer475@gmail,9855936928,Pune,Female,47,2023-06-24
1838,Sneha Kumar,sneha.kumar343@gmail.com,+91-8276656402,Patna,Male,48,2021-01-25
1839,Suresh Iyer,suresh.iyer405@hotmail.com,8257117406,Vadodara,Female,69,2024-12-02
1840,Kavya Gupta,kavya.gupta735@gmail.com,7746503440,Bhopal,Other,18,2023-04-13
1841,Vivaan Verma,vivaan.verma941@gmail.com,9543182737,Kanpur,Female,31,2024-06-19
1842,Ramesh Reddy,ramesh.reddy207@hotmail.com,733824853,Bengaluru,Male,24,2024-08-14
1843,Kavya Reddy,kavya.reddy511@yahoo.com,8193924429,Nagpur,Other,22,2019-04-01
1844,Kavya Nair,kavya.nair813@outlook.com,8540118682,Ahmedabad,Other,61,2022-05-01
1845,Ishaan Patel,ishaan.patel487@outlook.com,8445431575,Kanpur,Male,57,2021-12-05
1846,Rohan Malhotra,rohan.malhotra434@yahoo.com,7534294151,Nagpur,Male,68,2019-11-30
1847,Priya Mehta,priya.mehta521@yahoo.com,9967256646,Bengaluru,Male,57,2022-02-18
1848,Neha Iyer,neha.iyer433@yahoo.com,7181086157,Nashik,Other,16,2023-10-09
1849,Anjali Singh,anjali.singh458@yahoo.com,8217133354,Hyderabad,Other,45,2020-01-18
1850,Suresh Sharma,suresh.sharma618@yahoo.com,9341151498,Delhi,Male,54,2019-10-13
1851,Vivaan Mehta,vivaan.mehta175@hotmail.com,7111015680,Chennai,Male,50,2024-06-10
1852,Rahul Kumar,rahul.kumar534rediffmail.com,8237933003,Ludhiana,Male,64,2020-08-10
1853,Divya Chopra,divya.chopra814@hotmail.com,898531939,Patna,Female,63,2020-05-27
1854,Saanvi Chopra,saanvi.chopra54@outlook.com,7552711065,Kolkata,Female,24,2023-12-14
1855,Shreya Sharma,shreya.sharma329@rediffmail.com,8359607776,Jaipur,Male,45,2023-04-22
1856,Nikhil Joshi,nikhil.joshi579@yahoo.com,+91-7040986195,Agra,Other,21,2020-04-03
1857,Ayaan Agarwal,ayaan.agarwal375@hotmail.com,8051751426,Ludhiana,Female,22,2023-11-30
1858,Manish Chopra,manish.chopra580@outlook.com,7541175667,Delhi,Other,42,2022-04-11
1859,Suresh Rao,suresh.rao343@gmail.com,9500642225,Jaipur,Male,41,2019-01-23
1860,Ayaan Kapoor,ayaan.kapoor541@gmail.com,8976277284,Indore,Other,70,2022-01-31
1861,Vihaan Kapoor,vihaan.kapoor488@rediffmail.com,8591181667,Bhopal,Female,69,2022-01-28
1862,Neha Pillai,neha.pillai397@outlook.com,9249921247,Agra,Other,45,2021-04-09
1863,Saanvi Desai,saanvi.desai626@outlook,8441326498,Surat,Male,55,2022-04-09
1864,Saanvi Verma,saanvi.verma509@yahoo,8103953818,Agra,Male,20,2022-04-18
1865,Sunita Gupta,sunita.gupta989@gmail.com,8504302332,Bengaluru,Male,56,2023-03-08
1866,Pooja Sharma,pooja.sharma147@hotmail.com,8114632929,Patna,Female,43,2019-11-17
1867,Ananya Rao,ananya.rao268@yahoo.com,9597863196,Kolkata,Other,70,2020-12-01
1868,Reyansh Malhotra,reyansh.malhotra585@outlook,7484395667,Nagpur,Male,45,2021-11-19
1869,Arjun Gupta,arjun.gupta193@outlook.com,7120666689,Mumbai,Other,43,2021-10-12
1870,Pooja Nair,pooja.nair202@gmail.com,7324859097,Pune,Other,61,2021-02-26
1871,Reyansh Patel,reyansh.patel174@yahoo.com,8335530605,Bengaluru,Female,43,2022-12-16
1872,Sanjay Nair,sanjay.nair365@rediffmail.com,7366855805,Patna,Male,25,2021-06-04
1873,Saanvi Desai,saanvi.desai550@gmail.com,9809235303,Hyderabad,Female,18,2020-09-14
1874,Aadhya Iyer,aadhya.iyer932@gmail.com,9954475183,Indore,Other,19,2023-08-20
1875,Myra Joshi,myra.joshi995@gmail.com,7901541157,Ludhiana,Female,38,2022-11-20
1876,Neha Reddy,neha.reddy876@rediffmail.com,9537432676,Jaipur,Other,23,2023-10-26
1877,Vivaan Rao,vivaan.rao729@yahoo.com,8196055697,Chennai,Other,57,2020-02-24
1878,Saanvi Malhotra,saanvi.malhotra270@gmail.com,8825203996,Hyderabad,Female,54,2021-02-05
1879,Reyansh Mehta,reyansh.mehta470@outlook.com,8354997665,Surat,Female,70,2022-03-01
1880,Anjali Iyer,anjali.iyer478@gmail,8580013910,Mumbai,Female,29,2024-03-16
1881,Divya Nair,divya.nair146@outlook.com,8954709269,Jaipur,Other,21,2019-02-01
1882,Vivaan Pillai,vivaan.pillai908@outlook.com,7687292191,Kolkata,Female,45,2021-07-01
1883,Ishaan Bansal,ishaan.bansal162@yahoo.com,9238694851,Jaipur,Female,47,2021-10-04
1884,Ayaan Agarwal,ayaan.agarwal431@hotmail.com,9134888699,Kolkata,Male,28,2024-05-11
1885,Shreya Agarwal,shreya.agarwal300@yahoo.com,7597557944,Jaipur,Other,58,2021-08-09
1886,Rohan Malhotra,rohan.malhotra564@hotmail.com,8070929140,Nashik,Male,22,2022-12-28
1887,Neha Rao,neha.rao433@gmail.com,8387928188,Bhopal,Male,20,2022-01-18
1888,Deepak Singh,deepak.singh467@outlook.com,80510302,Mumbai,Other,49,2020-11-08
1889,Suresh Reddy,suresh.reddy181@gmail.com,7939427548,Bhopal,Male,48,2020-04-17
1890,Krishna Sharma,krishna.sharma452@yahoo.com,+91-9287134822,Mumbai,Other,18,2021-12-15
1891,Saanvi Sharma,saanvi.sharma832@gmail.com,7129225395,Indore,Other,23,2023-05-09
1892,Aditya Iyer,aditya.iyer829@hotmail.com,8349335186,Ahmedabad,Other,22,2019-10-19
1893,Diya Malhotra,diya.malhotra520@hotmail.com,8175207689,Lucknow,Male,63,2023-02-17
1894,Sai Gupta,sai.gupta633@yahoo.com,9551683916,Kanpur,Other,22,2021-05-23
1895,Rahul Rao,rahul.rao651@gmail.com,9424542217,Nagpur,Other,34,2023-09-05
1896,Anika Patel,anika.patel261@gmail.com,9523483745,Lucknow,Male,22,2024-05-26
1897,Riya Kumar,riya.kumar935@hotmail.com,7327481326,Surat,Other,32,2020-03-15
1898,Karan Nair,karan.nair859@yahoo.com,8237062503,Agra,Female,28,2020-11-09
1899,Shreya Joshi,shreya.joshi173@yahoo.com,8429651245,Bhopal,Male,26,2024-04-19
1900,Kritika Bhatt,kritika.bhatt786@yahoo.com,7767375332,Bhopal,Other,29,2020-04-25
1901,Kavya Joshi,kavya.joshi344@gmail.com,8311326443,Delhi,Female,25,2019-10-24
1902,Krishna Bhatt,krishna.bhatt317@gmail.com,9883259262,Jaipur,Other,19,2023-08-08
1903,Deepak Singh,deepak.singh46@gmail.com,7443846712,Pune,Female,41,2019-04-03
1904,Neha Malhotra,neha.malhotra139@gmail.com,8027692800,Delhi,Male,26,2020-06-16
1905,Divya Patel,divya.patel873@gmail.com,7265373133,Kolkata,Other,66,2021-11-08
1906,Kavya Kumar,kavya.kumar785@gmail.com,8042914145,Hyderabad,Male,33,2023-10-24
1907,Suresh Kapoor,suresh.kapoor608hotmail.com,8884300535,Vadodara,Female,62,2020-11-06
1908,Saanvi Bansal,saanvi.bansal588@gmail.com,9970253100,Agra,Female,21,2023-01-12
1909,Myra Kumar,myra.kumar579@gmail.com,80777423,Ahmedabad,Male,68,2023-12-27
1910,Diya Verma,diya.verma600@outlook.com,8660853179,Ahmedabad,Female,34,2020-01-06
1911,Myra Mehta,myra.mehta455@yahoo.com,7062060702,Lucknow,Other,33,2019-07-08
1912,Myra Bhatt,myra.bhatt260@outlook.com,8621493108,Patna,Male,44,2024-07-04
1913,Nikhil Singh,nikhil.singh497@outlook.com,7057721741,Bengaluru,Male,32,2021-07-27
1914,Nikhil Patel,nikhil.patel109@gmail.com,+91-9007696848,Ludhiana,Other,30,2019-08-07
1915,Vivaan Chopra,vivaan.chopra421@hotmail.com,9613871752,Surat,Other,25,2021-03-31
1916,Diya Desai,diya.desai242@gmail.com,7341576891,Jaipur,Female,24,2019-03-13
1917,Arjun Chopra,arjun.chopra503@yahoo.com,8446676454,Jaipur,Male,49,2022-03-02
1918,Vivaan Gupta,vivaan.gupta147@gmail.com,7058500993,Pune,Female,25,2021-10-31
1919,Kavya Kumar,kavya.kumar820@outlook.com,8364333121,Delhi,Female,25,2024-10-08
1920,Anjali Malhotra,anjali.malhotra825@rediffmail.com,7494468870,Nagpur,Female,32,2022-11-19
1921,Priya Chopra,priya.chopra221@gmail.com,9895496118,Agra,Female,45,2021-05-24
1922,Ramesh Iyer,ramesh.iyer326@rediffmail.com,9552030407,Bhopal,Female,34,2023-09-21
1923,Aarav Sharma,aarav.sharma668outlook.com,7123785147,Surat,Female,30,2020-02-28
1924,Shreya Rao,shreya.rao292@outlook.com,7102569825,Surat,Other,48,2021-02-11
1925,Suresh Reddy,suresh.reddy976@rediffmail.com,9442480497,Indore,Male,23,2024-10-27
1926,Nikhil Verma,nikhil.verma233@gmail.com,7628868005,Kolkata,Other,31,2024-02-07
1927,Ishaan Malhotra,ishaan.malhotra396@hotmail.com,9737500409,Surat,Other,18,2022-10-14
1928,Sneha Agarwal,sneha.agarwal669@outlook.com,9054151304,Lucknow,Other,51,2021-08-17
1929,Meera Nair,meera.nair357@rediffmail.com,7467087715,Ludhiana,Female,36,2019-01-03
1929,Meera Nair,meera.nair357@rediffmail.com,7467087715,Ludhiana,Female,36,2019-01-03
1930,,vivaan.iyer976@yahoo.com,7791499314, Patna ,Other,184,2021-01-05
1931,Sneha Iyer,sneha.iyer840@yahoo.com,7705419456,Delhi,Male,45,2024-05-23
1932,Priya Sharma,priya.sharma784rediffmail.com,7534439154,Nagpur,Female,39,2020-10-18
1933,Krishna Pillai,krishna.pillai74@gmail.com,7518851781,Bengaluru,Female,58,2022-07-24
1934,Vihaan Mehta,vihaan.mehta289@rediffmail.com,7199470224,Chennai,Other,17,2019-10-29
1935,Riya Iyer,riya.iyer643@rediffmail.com,+91-8622114683,Pune,Other,63,2020-06-27
1936,Reyansh Verma,reyansh.verma213@yahoo.com,8987045755,Hyderabad,Other,38,2021-01-17
1937,Anika Mehta,anika.mehta988gmail.com,7063096564,Mumbai,Female,53,2019-04-25
1938,Karan Bansal,karan.bansal751@gmail.com,7101746890,Hyderabad,Male,29,2023-03-01
1939,Divya Reddy,divya.reddy20@yahoo.com,8946816034,Lucknow,Other,59,2019-08-28
1940,Arjun Iyer,arjun.iyer258@outlook.com,9660520712,Patna,Male,52,2020-05-02
1941,Neha Verma,neha.verma94@hotmail.com,8121790181,Vadodara,Male,19,2023-10-26
1942,Deepak Singh,deepak.singh951yahoo.com,8184744766,Ahmedabad,Other,27,2023-11-04
1943,Anika Agarwal,anika.agarwal93@gmail.com,7365957429,Nashik,Female,50,2023-02-14
1944,Anjali Mehta,anjali.mehta369@rediffmail.com,8109057758,Delhi,Female,28,2024-06-28
1945,Ananya Mehta,ananya.mehta893@outlook.com,9064508821,Surat,Female,34,2024-06-23
1946,Ishaan Patel,ishaan.patel186@rediffmail.com,8983053172,Surat,Female,26,2021-03-06
1947,Pooja Kapoor,pooja.kapoor906@hotmail.com,8347097942,Vadodara,Other,58,2020-09-05
1948,Aditya Sharma,aditya.sharma363@rediffmail.com,8506960920,Surat,Male,27,2022-01-25
1949,Krishna Bansal,krishna.bansal885@outlook.com,8553568081,Hyderabad,Female,53,2022-11-05
1950,Aadhya Mehta,aadhya.mehta638@gmail.com,9468512123,Delhi,Other,29,2021-11-24
1951,Suresh Verma,suresh.verma116@outlook.com,9104698465,Agra,Other,46,2019-12-16
1952,Amit Joshi,amit.joshi113outlook.com,8127358761,Indore,Other,61,2020-01-14
1953,Sanjay Desai,sanjay.desai729@yahoo.com,9419866737,Nagpur,Other,31,2022-11-03
1954,Sneha Nair,sneha.nair372@outlook.com,+91-7009510346,Patna,Female,57,2022-07-29
1955,Aditya Nair,aditya.nair842@outlook.com,8373869884,Surat,Other,31,2021-05-27
1956,Anika Rao,anika.rao860@outlook.com,95617946,Chennai,Other,40,2020-01-11
1957,Meera Bansal,meera.bansal948@hotmail.com,7368707474,Patna,Female,17,2023-02-04
1958,Saanvi Desai,saanvi.desai349@outlook.com,7750224287,Ludhiana,Other,57,2023-03-17
1959,Rohan Kumar,rohan.kumar710@hotmail.com,7251272752,Pune,Male,58,2019-02-25
1960,Suresh Rao,suresh.rao18@rediffmail.com,7083708935,Ludhiana,Female,22,2022-07-26
1961,Sanjay Mehta,sanjay.mehta895@hotmail,8347481709,Jaipur,Other,26,2019-09-14
1962,Manish Kumar,manish.kumar864@outlook.com,9732975662,Pune,Female,61,2023-08-11
1963,Manish Agarwal,manish.agarwal823@outlook.com,8343354044,Agra,Other,50,2020-06-24
1964,Neha Chopra,neha.chopra597@outlook.com,9104940282,Agra,Male,20,2021-10-31
1965,Kritika Gupta,kritika.gupta510@outlook.com,8159964719,Mumbai,Other,28,2021-07-16
1966,Ramesh Iyer,ramesh.iyer236@gmail.com,8802046923,Ahmedabad,Male,49,2022-12-20
1967,Anika Singh,anika.singh419@gmail.com,8920898801,Ludhiana,Male,68,2024-05-26
1968,Isha Kapoor,isha.kapoor192@hotmail.com,8189169959,Chennai,Male,66,2024-03-11
1969,Rahul Nair,rahul.nair92@outlook.com,7149475260,Nashik,Female,26,2019-03-08
1970,Sunita Nair,sunita.nair289@gmail.com,7298848578,Nashik,Male,61,2023-10-05
1971,Rohan Patel,rohan.patel567@gmail,7970003597,Chennai,Other,21,2021-02-18
1972,Pari Patel,pari.patel649@gmail.com,8412974965,Agra,Female,26,2023-10-29
1973,Karan Pillai,karan.pillai621@rediffmail,7680415344,Nagpur,Other,40,2019-03-09
1974,Karan Chopra,karan.chopra186@outlook.com,8626988492,Lucknow,Male,24,2024-12-04
1975,Ananya Kapoor,ananya.kapoor748@gmail.com,8820032075,Mumbai,Male,48,2019-03-19
1976,Reyansh Agarwal,reyansh.agarwal943@yahoo.com,8353560894,Ludhiana,Male,21,2021-11-20
1977,Suresh Malhotra,suresh.malhotra587@hotmail.com,8248635583,Bengaluru,Male,60,2020-08-08
1978,Shreya Gupta,shreya.gupta521@gmail.com,+91-9002570622,Vadodara,Male,70,2022-08-28
1979,Sneha Mehta,sneha.mehta200@outlook.com,7824903368,Pune,Other,26,2021-03-22
1980,Anika Bansal,anika.bansal875@yahoo.com,9082072004,Chennai,Female,24,2024-01-17
1981,,meera.malhotra779@yahoo.com,7685991309,Ludhi@n@,Other,162,2020-12-11
1982,Riya Bansal,riya.bansal813@yahoo.com,997990974,Nashik,Female,30,2021-10-05
1983,Aadhya Mehta,aadhya.mehta158@rediffmail.com,+91-7411844404,Lucknow,Male,17,2023-02-05
1984,Ishaan Singh,ishaan.singh865@yahoo.com,8639118142,Vadodara,Other,67,2020-06-07
1985,Reyansh Desai,reyansh.desai402@rediffmail.com,7700493700,Pune,Other,69,2020-09-08
1986,Anika Kumar,anika.kumar572@outlook.com,7140530182,Patna,Female,67,2021-02-19
1987,Ramesh Iyer,ramesh.iyer264@outlook.com,7780406841,Nagpur,Female,24,2023-07-31
1988,Aarav Joshi,aarav.joshi122gmail.com,7236587650,Indore,Male,26,2021-05-21
1989,Aadhya Reddy,aadhya.reddy782@outlook.com,9886592552,Indore,Other,18,2020-07-27
1990,Divya Singh,divya.singh545@rediffmail.com,9334903170,Patna,Other,45,2019-09-03
1991,Sneha Kumar,sneha.kumar117@outlook.com,72506751,Patna,Male,58,2020-05-21
1992,Ishaan Kumar,ishaan.kumar134@gmail.com,8018279800,Surat,Other,45,2022-05-13
1993,Riya Iyer,riya.iyer955@outlook.com,9456174481,Delhi,Male,31,2024-10-29
1993,Riya Iyer,riya.iyer955@outlook.com,9456174481,Delhi,Male,31,2024-10-29
1994,,suresh.chopra895@outlook.com,9229241956,P@tn@,Female,152,2021-09-19
1995,Neha Desai,neha.desai618@yahoo.com,7092465473,Pune,Male,70,2022-06-21
1996,Rahul Singh,rahul.singh435@yahoo.com,9383552916,Agra,Other,39,2024-12-14
1997,Ishaan Patel,ishaan.patel262@gmail.com,8844767176,Chennai,Male,16,2022-09-22
1998,Kritika Malhotra,kritika.malhotra876@hotmail.com,7953670580,Ahmedabad,Male,49,2022-01-21
1999,Shreya Bansal,shreya.bansal94@rediffmail,7041587064,Ludhiana,Female,27,2021-04-28
2000,Kavya Sharma,kavya.sharma124@rediffmail.com,9486123598,Ludhiana,Other,47,2023-04-30
2001,Meera Singh,meera.singh883@outlook.com,7764713935,Kanpur,Other,62,2021-03-23
2002,Pooja Mehta,pooja.mehta626@yahoo.com,9845234753,Chennai,Other,64,2019-08-31
2003,Ishaan Kumar,ishaan.kumar909@gmail.com,7218061533,Nagpur,Female,38,2021-03-19
2004,Deepak Nair,deepak.nair745@rediffmail.com,7657099516,Ahmedabad,Other,35,2023-02-11
2005,Pooja Kapoor,pooja.kapoor248gmail.com,7653562659,Bhopal,Female,70,2019-01-03
2006,Isha Chopra,isha.chopra334@rediffmail.com,8697523035,Bengaluru,Male,39,2019-09-18
2007,Aadhya Kumar,aadhya.kumar489@yahoo.com,8912736743,Nashik,Male,56,2023-05-20
2008,Isha Desai,isha.desai711@rediffmail.com,9737958590,Kanpur,Other,55,2019-05-21
2009,Reyansh Desai,reyansh.desai97@gmail.com,8684652310,Delhi,Other,17,2020-09-17
2010,Anjali Iyer,anjali.iyer563@rediffmail.com,7161753412,Ludhiana,Other,55,2019-06-03
2011,Meera Kumar,meera.kumar126@hotmail.com,7744381282,Nagpur,Other,51,2023-06-01
2011,Meera Kumar,meera.kumar126@hotmail.com,7744381282,Nagpur,Other,51,2023-06-01
2012,,sneha.agarwal595@hotmail.com,8504912081,V@dod@r@,Male,122,2024-11-21
2013,Ananya Singh,ananya.singh605@hotmail.com,9663871559,Bhopal,Male,44,2021-07-22
2014,Arjun Joshi,arjun.joshi492@yahoo.com,8121875247,Agra,Male,63,2019-07-29
2015,Manish Mehta,manish.mehta164@gmail.com,8646779921,Vadodara,Female,36,2023-07-24
2016,Priya Mehta,priya.mehta65@rediffmail.com,87643512,Chennai,Male,39,2022-10-29
2017,Saanvi Sharma,saanvi.sharma938@hotmail.com,7846254117,Vadodara,Other,40,2020-10-22
2018,Anika Patel,anika.patel69@rediffmail.com,9642704,Nagpur,Male,25,2023-05-21
2019,Sunita Gupta,sunita.gupta566@rediffmail.com,9168040191,Patna,Female,40,2020-10-01
2020,Amit Rao,amit.rao521@rediffmail.com,8478224882,Ludhiana,Female,33,2019-10-16
2021,Sanjay Rao,sanjay.rao435@gmail.com,9504841302,Indore,Other,65,2020-09-15
2022,Rohan Joshi,rohan.joshi247@yahoo.com,7281600286,Surat,Female,66,2019-03-22
2023,Ishaan Nair,ishaan.nair823@hotmail.com,9924836,Hyderabad,Other,59,2023-06-30
2024,Meera Patel,meera.patel198@yahoo.com,7862648446,Vadodara,Female,66,2023-04-27
2025,Nikhil Pillai,nikhil.pillai419@gmail.com,9712307408,Indore,Male,66,2021-09-17
2026,Pooja Singh,pooja.singh585@gmail.com,7205485840,Vadodara,Other,45,2021-05-19
2027,Arjun Rao,arjun.rao766@rediffmail.com,9021565706,Patna,Other,19,2021-09-30
2028,Aarav Singh,aarav.singh501@gmail.com,8031174461,Agra,Male,69,2023-05-13
2029,Vivaan Verma,vivaan.verma803@rediffmail.com,7372427481,Nagpur,Male,40,2023-11-01
2030,Ramesh Gupta,ramesh.gupta703@outlook.com,9267193471,Surat,Male,40,2021-11-25
2031,Sanjay Mehta,sanjay.mehta576@yahoo.com,7108569392,Pune,Male,23,2023-05-31
2032,Divya Sharma,divya.sharma855@hotmail.com,9316853696,Ludhiana,Male,34,2019-06-07
2033,Sanjay Kumar,sanjay.kumar449yahoo.com,9060253198,Vadodara,Other,22,2022-04-24
2034,Ishaan Rao,ishaan.rao382hotmail.com,+91-7420957188,Patna,Other,24,2021-12-11
2035,Divya Mehta,divya.mehta92@rediffmail.com,8853314677,Agra,Female,65,2020-12-19
2036,Shreya Reddy,shreya.reddy760@gmail.com,7860565130,Nagpur,Female,66,2021-05-20
2037,Anjali Nair,anjali.nair238@yahoo.com,8515180967,Nagpur,Other,29,2022-04-26
2038,Kritika Reddy,kritika.reddy659@hotmail.com,7992009529,Chennai,Female,62,2021-12-27
2039,Ayaan Agarwal,ayaan.agarwal690@yahoo.com,8288442653,Ahmedabad,Other,20,2019-06-16
2040,Aarav Singh,aarav.singh976@rediffmail.com,7596277501,Bengaluru,Female,21,2024-05-10
2041,Arjun Malhotra,arjun.malhotra501@hotmail.com,8787103637,Bengaluru,Male,22,2019-08-20
2042,Divya Bansal,divya.bansal782@gmail,+91-9371731718,Jaipur,Other,55,2024-02-06
2043,Kritika Nair,kritika.nair440@rediffmail.com,8892413902,Kanpur,Other,27,2024-05-22
2044,Vihaan Rao,vihaan.rao971@rediffmail.com,8481779058,Kanpur,Female,60,2024-01-20
2045,Neha Malhotra,neha.malhotra368@gmail.com,9885188649,Indore,Female,32,2023-12-07
2046,Vihaan Gupta,vihaan.gupta337@yahoo.com,8381246870,Bengaluru,Female,18,2024-01-17
2047,Krishna Rao,krishna.rao872@yahoo.com,9848897314,Kolkata,Male,59,2020-07-31
2048,Priya Reddy,priya.reddy50@hotmail.com,8503827476,Nagpur,Other,70,2024-08-31
2049,Anjali Malhotra,anjali.malhotra386@gmail.com,8558168754,Kolkata,Female,25,2019-02-26
2050,Sneha Patel,sneha.patel650@yahoo.com,8699712828,Ahmedabad,Male,42,2022-03-29
2051,Aadhya Reddy,aadhya.reddy548@outlook.com,8225167148,Pune,Female,29,2019-12-16
2052,Ramesh Malhotra,ramesh.malhotra114@yahoo.com,8542673256,Mumbai,Female,37,2023-08-27
2053,Arjun Gupta,arjun.gupta224@hotmail.com,9841417014,Ludhiana,Other,24,2020-01-28
2054,Kavya Verma,kavya.verma217@rediffmail.com,8113335663,Indore,Other,17,2024-02-27
2055,Sai Pillai,sai.pillai477@outlook.com,9802558387,Bengaluru,Other,18,2024-08-16
2056,Vivaan Joshi,vivaan.joshi612@outlook.com,9788983919,Surat,Other,40,2023-10-14
2057,Sunita Agarwal,sunita.agarwal144@gmail.com,9444019340,Kolkata,Female,19,2020-08-03
2058,Sanjay Patel,sanjay.patel707@hotmail.com,8043990006,Bengaluru,Male,19,2023-03-17
2059,Priya Reddy,priya.reddy258@gmail.com,7792304478,Indore,Other,18,2019-04-10
2060,Neha Singh,neha.singh816gmail.com,9028210434,Mumbai,Other,49,2021-01-04
2061,Riya Patel,riya.patel332@outlook.com,970970042,Bengaluru,Other,63,2023-11-09
2062,Arjun Verma,arjun.verma316@yahoo.com,8645680389,Vadodara,Other,50,2023-05-22
2063,Anika Verma,anika.verma314@gmail.com,7983693013,Patna,Female,64,2023-02-14
2064,Karan Desai,karan.desai365@outlook.com,8602308410,Nashik,Male,39,2022-07-15
2065,Pari Nair,pari.nair279@gmail.com,7176686860,Mumbai,Other,43,2019-09-23
2066,Arjun Kumar,arjun.kumar664@rediffmail.com,7212751630,Kanpur,Other,30,2020-07-12
2067,Anika Sharma,anika.sharma8outlook.com,8460383267,Chennai,Female,46,2024-09-10
2068,Shreya Rao,shreya.rao147gmail.com,8585398501,Ahmedabad,Female,25,2024-06-02
2069,Sai Bhatt,sai.bhatt628@outlook.com,9319534254,Nagpur,Male,41,2020-06-20
2070,Ananya Agarwal,ananya.agarwal16@hotmail.com,8519231369,Agra,Other,40,2020-08-05
2071,Rahul Patel,rahul.patel872@rediffmail.com,7876753783,Hyderabad,Female,21,2019-09-29
2072,Anika Bansal,anika.bansal82@yahoo.com,71208665,Chennai,Male,32,2020-11-28
2073,Aditya Verma,aditya.verma30@hotmail.com,+91-9637616340,Mumbai,Other,22,2024-05-07
2074,Kritika Pillai,kritika.pillai388@yahoo,7439938632,Kolkata,Other,24,2019-11-01
2075,Ishaan Joshi,ishaan.joshi470@gmail.com,9190872765,Bhopal,Other,53,2023-08-10
2076,Ananya Bhatt,ananya.bhatt588@outlook.com,7135994301,Patna,Other,32,2021-11-06
2077,Vivaan Agarwal,vivaan.agarwal747rediffmail.com,7553962003,Patna,Female,32,2022-04-02
2078,Krishna Pillai,krishna.pillai762@gmail.com,8508650290,Ludhiana,Other,27,2023-11-15
2079,Sunita Gupta,sunita.gupta314@outlook.com,7150628837,Patna,Female,44,2020-08-08
2080,Divya Sharma,divya.sharma512@yahoo.com,+91-8362813661,Vadodara,Female,50,2021-02-25
2081,Deepak Malhotra,deepak.malhotra912@rediffmail.com,9913271809,Bengaluru,Female,54,2022-04-30
2082,Arjun Nair,arjun.nair283@outlook.com,7821054283,Bengaluru,Male,20,2024-09-14
2083,Riya Bansal,riya.bansal111@outlook.com,8794903428,Nagpur,Male,63,2020-02-09
2084,Ishaan Rao,ishaan.rao889@outlook.com,7781264093,Nagpur,Male,43,2019-10-09
2085,Sai Kapoor,sai.kapoor42@hotmail.com,8564996043,Bhopal,Other,17,2019-05-20
2086,Pooja Rao,pooja.rao300@rediffmail.com,9993723855,Ahmedabad,Female,28,2020-05-03
2087,Saanvi Agarwal,saanvi.agarwal894@hotmail.com,8199440839,Bengaluru,Male,57,2021-08-21
2087,Saanvi Agarwal,saanvi.agarwal894@hotmail.com,8199440839,Bengaluru,Male,57,2021-08-21
2088,,shreya.joshi174@gmail.com,965005163,Bhopal  ,Other,142,2023-01-11
2089,Isha Rao,isha.rao188@rediffmail.com,7928502276,Nashik,Female,51,2024-10-24
2090,Sai Chopra,sai.chopra25@outlook.com,9498141077,Kanpur,Female,70,2020-04-28
2091,Aarav Patel,aarav.patel414@gmail.com,7548001306,Nagpur,Female,56,2024-04-17
2092,Suresh Rao,suresh.rao147@yahoo,9513579950,Chennai,Other,22,2019-07-27
2093,Pari Iyer,pari.iyer21@rediffmail.com,9617034971,Nagpur,Female,48,2019-04-26
2094,Sai Gupta,sai.gupta449@gmail.com,9536950117,Hyderabad,Male,62,2024-07-19
2095,Ayaan Joshi,ayaan.joshi298@yahoo.com,7382685136,Nagpur,Female,23,2020-03-09
2096,Sai Singh,sai.singh6@rediffmail.com,8493148291,Ludhiana,Other,41,2019-03-26
2097,Myra Malhotra,myra.malhotra10@yahoo.com,7582073810,Jaipur,Male,36,2022-04-22
2098,Myra Kapoor,myra.kapoor306@yahoo.com,8084894056,Patna,Other,30,2019-02-02
2099,Ayaan Gupta,ayaan.gupta541@hotmail.com,7249834893,Pune,Male,31,2019-12-09
2100,Ananya Verma,ananya.verma277@hotmail.com,9421209165,Nashik,Male,70,2024-03-19
2101,Divya Desai,divya.desai58@rediffmail.com,9561767016,Agra,Female,33,2019-06-16
2102,Ananya Reddy,ananya.reddy845@yahoo.com,7170981783,Ludhiana,Other,33,2019-11-28
2103,Kavya Sharma,kavya.sharma460@rediffmail.com,9847740466,Lucknow,Female,70,2020-02-11
2104,Ramesh Malhotra,ramesh.malhotra365@outlook.com,7627382413,Pune,Other,52,2019-06-23
2104,Ramesh Malhotra,ramesh.malhotra365@outlook.com,7627382413,Pune,Other,52,2019-06-23
2105,,diya.patel371@outlook.com,+91-9956068639,SURAT,Other,143,2020-04-23
2106,Reyansh Gupta,reyansh.gupta549@yahoo.com,8765166177,Nagpur,Other,62,2024-09-02
2107,Ramesh Patel,ramesh.patel765@rediffmail.com,8433899969,Ludhiana,Female,34,2022-05-02
2108,Priya Patel,priya.patel176@rediffmail.com,8271785300,Hyderabad,Other,29,2021-02-14
2109,Divya Bhatt,divya.bhatt765@hotmail.com,7883939598,Surat,Male,28,2022-03-30
2110,Neha Verma,neha.verma394@rediffmail.com,8358554938,Nagpur,Female,25,2019-02-07
2111,Divya Agarwal,divya.agarwal476@yahoo.com,8640856903,Vadodara,Female,61,2023-10-26
2111,Divya Agarwal,divya.agarwal476@yahoo.com,8640856903,Vadodara,Female,61,2023-10-26
2112,,saanvi.joshi626@hotmail.com,9773358748,ludhiana,Other,131,2022-12-14
2113,Priya Kumar,priya.kumar177@outlook.com,7506316039,Hyderabad,Other,16,2024-03-11
2114,Ramesh Verma,ramesh.verma76@yahoo.com,8564318957,Nashik,Female,56,2020-07-19
2115,Neha Pillai,neha.pillai348@rediffmail.com,7038591195,Indore,Other,60,2020-10-30
2115,Neha Pillai,neha.pillai348@rediffmail.com,7038591195,Indore,Other,60,2020-10-30
2116,,aadhya.agarwal863@hotmail.com,9524971645,NASHIK,Other,173,2022-03-07
2117,Neha Singh,neha.singh797@hotmail.com,7554572550,Nashik,Other,62,2022-08-16
2118,Ramesh Nair,ramesh.nair791@hotmail.com,7803167900,Chennai,Male,35,2021-08-08
2119,Pooja Kumar,pooja.kumar771@yahoo.com,8470524948,Bhopal,Other,53,2022-03-09
2120,Sneha Verma,sneha.verma110@rediffmail.com,7307873521,Chennai,Female,19,2021-04-28
2121,Pooja Reddy,pooja.reddy38@hotmail.com,8260499574,Kolkata,Other,70,2022-05-09
2122,Aarav Reddy,aarav.reddy317@yahoo.com,8373196263,Pune,Female,46,2020-01-08
2123,Pari Kapoor,pari.kapoor259@hotmail.com,7580097313,Hyderabad,Other,30,2024-12-25
2124,Sanjay Verma,sanjay.verma311@gmail.com,9571128150,Nagpur,Male,41,2024-05-23
2125,Neha Malhotra,neha.malhotra667@hotmail.com,+91-8528621923,Lucknow,Other,44,2021-05-01
2126,Pooja Chopra,pooja.chopra761@gmail.com,7074754946,Surat,Other,46,2024-05-24
2126,Pooja Chopra,pooja.chopra761@gmail.com,7074754946,Surat,Other,46,2024-05-24
2127,,ayaan.singh940@gmail.com,9121909518,JAIPUR,Female,145,2024-08-09
2128,Nikhil Pillai,nikhil.pillai140@outlook.com,9678925291,Nagpur,Other,41,2021-01-06
2129,Riya Chopra,riya.chopra930@rediffmail.com,7581898663,Bengaluru,Male,35,2023-11-14
2130,Rahul Bhatt,rahul.bhatt914@yahoo.com,9038444,Hyderabad,Female,19,2024-07-27
2131,Arjun Verma,arjun.verma477@hotmail.com,8305279989,Bhopal,Other,54,2020-05-28
2132,Rahul Joshi,rahul.joshi161@hotmail.com,+91-8209151643,Ahmedabad,Other,16,2022-04-27
2133,Anjali Pillai,anjali.pillai514@rediffmail.com,9927640899,Nagpur,Other,23,2021-04-30
2134,Rohan Patel,rohan.patel118@rediffmail.com,9301726985,Chennai,Other,52,2020-07-20
2135,Krishna Chopra,krishna.chopra857@yahoo.com,7892754993,Mumbai,Male,68,2023-07-09
2136,Sanjay Pillai,sanjay.pillai898@gmail.com,7235510334,Delhi,Male,30,2020-06-01
2137,Shreya Bansal,shreya.bansal994@outlook,7060903330,Agra,Other,28,2023-02-19
2138,Ayaan Mehta,ayaan.mehta106@rediffmail.com,9358076781,Nashik,Female,25,2020-11-11
2139,Nikhil Mehta,nikhil.mehta936@outlook.com,999165886,Patna,Male,31,2020-02-25
2140,Amit Kapoor,amit.kapoor661@rediffmail.com,8246347095,Ludhiana,Female,17,2022-12-15
2141,Rahul Agarwal,rahul.agarwal932@rediffmail.com,8671787344,Indore,Other,16,2023-07-23
2142,Ishaan Patel,ishaan.patel540@yahoo.com,97536026,Patna,Female,31,2023-11-02
2143,Divya Verma,divya.verma576@gmail.com,7903565090,Chennai,Other,21,2020-02-10
2144,Vivaan Malhotra,vivaan.malhotra640@outlook.com,9283840603,Delhi,Female,45,2021-08-24
2145,Myra Reddy,myra.reddy552@hotmail.com,7443198839,Bhopal,Male,39,2024-04-01
2146,Sai Bansal,sai.bansal720@hotmail.com,7863550658,Delhi,Female,61,2023-09-23
2147,Priya Bansal,priya.bansal846@hotmail.com,8041668348,Lucknow,Female,29,2023-01-07
2148,Anjali Bansal,anjali.bansal36hotmail.com,8083046168,Ludhiana,Other,21,2024-02-10
2149,Reyansh Bansal,reyansh.bansal334@rediffmail.com,9547301269,Kolkata,Other,23,2021-06-22
2150,Ananya Reddy,ananya.reddy330@gmail.com,7795158877,Hyderabad,Male,69,2023-12-02
2151,Anjali Singh,anjali.singh390@yahoo.com,9580502636,Bhopal,Other,36,2021-04-15
2152,Deepak Nair,deepak.nair364@gmail.com,8884694699,Kolkata,Male,51,2024-05-05
2153,Sai Desai,sai.desai79@yahoo.com,9427683947,Kolkata,Other,45,2021-06-03
2154,Reyansh Iyer,reyansh.iyer434@rediffmail.com,8283173193,Patna,Other,57,2024-04-18
2155,Sunita Gupta,sunita.gupta190@yahoo.com,9412624692,Surat,Female,57,2019-08-28
2156,Reyansh Nair,reyansh.nair844@hotmail.com,9439939270,Bengaluru,Female,59,2022-06-19
2157,Kritika Singh,kritika.singh25@hotmail.com,7025016439,Patna,Other,62,2023-08-19
2158,Suresh Kapoor,suresh.kapoor982@gmail.com,7605445009,Bengaluru,Female,32,2021-12-13
2159,Rohan Mehta,rohan.mehta269@rediffmail.com,8687378385,Nashik,Male,18,2022-02-10
2160,Kavya Reddy,kavya.reddy390@rediffmail.com,7633284758,Chennai,Male,47,2023-08-13
2161,Rahul Bhatt,rahul.bhatt457@rediffmail.com,7539179010,Pune,Male,32,2023-11-18
2162,Sanjay Sharma,sanjay.sharma9@hotmail.com,7407186251,Kanpur,Other,20,2023-10-28
2163,Sanjay Agarwal,sanjay.agarwal801@gmail.com,9372092687,Kanpur,Female,50,2020-01-20
2164,Deepak Desai,deepak.desai552@hotmail.com,9920312790,Mumbai,Male,58,2022-12-12
2165,Vivaan Reddy,vivaan.reddy504@gmail.com,7666490741,Nashik,Female,69,2023-12-23
2166,Aadhya Nair,aadhya.nair237@rediffmail.com,9440849372,Indore,Male,20,2022-03-31
2167,Priya Sharma,priya.sharma368@gmail.com,7458348414,Pune,Other,31,2019-01-28
2168,Saanvi Malhotra,saanvi.malhotra161@hotmail.com,9334368526,Bhopal,Female,63,2023-03-08
2169,Isha Agarwal,isha.agarwal300@rediffmail.com,9287715073,Mumbai,Male,49,2019-03-30
2170,Divya Kapoor,divya.kapoor78@yahoo.com,+91-7237022530,Hyderabad,Male,48,2019-09-23
2171,Kritika Sharma,kritika.sharma230@gmail.com,8393844863,Indore,Other,37,2024-09-15
2172,Sanjay Rao,sanjay.rao606@yahoo.com,9858470033,Hyderabad,Male,43,2021-02-12
2173,Suresh Bhatt,suresh.bhatt239rediffmail.com,9215439150,Indore,Other,25,2020-04-12
2174,Riya Malhotra,riya.malhotra678@rediffmail.com,8281298284,Kanpur,Other,19,2024-01-09
2175,Shreya Gupta,shreya.gupta296@gmail.com,9814723162,Ludhiana,Female,52,2020-05-05
2176,Karan Reddy,karan.reddy468@yahoo.com,9327504,Hyderabad,Female,54,2022-02-16
2177,Kritika Sharma,kritika.sharma452@outlook.com,8553737317,Indore,Other,65,2023-09-21
2178,Suresh Gupta,suresh.gupta838@outlook.com,9636730039,Indore,Other,70,2019-06-08
2179,Nikhil Sharma,nikhil.sharma609@hotmail.com,8273821569,Bhopal,Other,32,2020-05-02
2180,Manish Agarwal,manish.agarwal439@hotmail,8538365645,Bhopal,Other,55,2019-10-09
2181,Sai Bhatt,sai.bhatt738@yahoo.com,9129143352,Bengaluru,Male,70,2020-02-29
2182,Vihaan Kapoor,vihaan.kapoor927@yahoo.com,9415865853,Chennai,Male,46,2022-03-04
2183,Myra Kapoor,myra.kapoor252@yahoo.com,7140420565,Chennai,Other,40,2022-11-15
2184,Ananya Singh,ananya.singh38@rediffmail.com,7833661390,Vadodara,Male,56,2019-11-08
2185,Kavya Patel,kavya.patel29@hotmail.com,825570766,Delhi,Female,42,2020-01-30
2186,Ayaan Nair,ayaan.nair408yahoo.com,7577194873,Nagpur,Female,64,2019-03-14
2187,Priya Pillai,priya.pillai151@rediffmail.com,9083504848,Agra,Other,33,2024-06-03
2188,Aditya Kumar,aditya.kumar908@hotmail.com,8277973543,Nashik,Female,21,2021-08-08
2189,Divya Verma,divya.verma689@gmail.com,9403539898,Bhopal,Female,54,2022-08-21
2190,Anjali Verma,anjali.verma306@outlook.com,850724248,Vadodara,Male,33,2020-07-21
2191,Krishna Verma,krishna.verma587@gmail.com,9945028076,Hyderabad,Male,69,2022-03-27
2192,Karan Rao,karan.rao839@outlook.com,8467794134,Vadodara,Other,49,2023-12-18
2193,Ramesh Agarwal,ramesh.agarwal720outlook.com,7996507081,Nagpur,Female,42,2019-05-04
2194,Isha Chopra,isha.chopra56@gmail.com,9836255756,Nagpur,Female,37,2019-11-16
2195,Aadhya Agarwal,aadhya.agarwal99@hotmail.com,7391901018,Indore,Other,60,2021-05-10
2196,Pooja Sharma,pooja.sharma534@yahoo.com,8965195015,Lucknow,Male,66,2022-08-05
2197,Ramesh Chopra,ramesh.chopra798@rediffmail.com,9199826473,Surat,Male,44,2019-09-25
2198,Diya Verma,diya.verma26@yahoo.com,9575094074,Hyderabad,Other,66,2023-10-25
2199,Amit Kapoor,amit.kapoor379gmail.com,8072378955,Mumbai,Other,57,2021-02-25
2200,Amit Gupta,amit.gupta254@rediffmail.com,7429600466,Ludhiana,Female,54,2023-04-22
2201,Divya Kapoor,divya.kapoor759@outlook,9291876193,Pune,Female,70,2023-01-17
2202,Deepak Chopra,deepak.chopra796@rediffmail.com,8533789993,Mumbai,Male,44,2021-02-08
2203,Anika Bhatt,anika.bhatt94@rediffmail.com,7385716573,Vadodara,Other,19,2022-07-27
2204,Ananya Iyer,ananya.iyer649@rediffmail.com,7019048168,Bhopal,Female,48,2021-01-31
2205,Rahul Iyer,rahul.iyer61outlook.com,7714269369,Mumbai,Female,42,2022-08-27
2206,Sunita Singh,sunita.singh737@rediffmail.com,8653618076,Lucknow,Female,21,2024-10-11
2207,Riya Mehta,riya.mehta138@yahoo.com,9776987747,Bengaluru,Female,35,2024-08-18
2208,Anika Malhotra,anika.malhotra678@yahoo.com,9000480249,Ahmedabad,Other,64,2022-04-28
2209,Sai Rao,sai.rao441@gmail.com,8271096851,Bengaluru,Female,58,2019-12-17
2210,Aarav Mehta,aarav.mehta353outlook.com,9836855108,Surat,Female,26,2024-10-06
2211,Ananya Gupta,ananya.gupta136@outlook.com,9876422682,Kolkata,Other,25,2024-10-21
2211,Ananya Gupta,ananya.gupta136@outlook.com,9876422682,Kolkata,Other,25,2024-10-21
2212,,manish.chopra7@outlook.com,+91-7344832394,Kolkata  ,Male,194,2020-06-04
2213,Kavya Nair,kavya.nair898@rediffmail.com,7430992966,Bhopal,Female,69,2019-01-08
2214,Kritika Agarwal,kritika.agarwal735@rediffmail.com,9017584056,Bhopal,Female,31,2022-04-06
2215,Aadhya Gupta,aadhya.gupta659@rediffmail.com,9459641495,Indore,Female,25,2022-07-14
2216,Meera Rao,meera.rao473@outlook.com,8256782892,Lucknow,Male,30,2020-06-04
2217,Vihaan Kumar,vihaan.kumar961@hotmail.com,8147146766,Kanpur,Male,46,2023-02-11
2218,Arjun Chopra,arjun.chopra847@gmail.com,8125387434,Surat,Male,63,2023-09-27
2219,Manish Gupta,manish.gupta230@gmail.com,77080988,Hyderabad,Female,46,2019-06-15
2220,Nikhil Patel,nikhil.patel142@rediffmail.com,7926206150,Agra,Other,54,2021-02-23
2221,Pooja Joshi,pooja.joshi888@yahoo,7267396343,Delhi,Female,52,2021-01-15
2222,Rahul Singh,rahul.singh948@rediffmail.com,9253583444,Pune,Male,26,2019-10-16
2223,Ananya Bhatt,ananya.bhatt280@yahoo.com,+91-7418820214,Bengaluru,Male,40,2023-11-02
2224,Reyansh Chopra,reyansh.chopra315@yahoo.com,9741978016,Agra,Other,38,2021-08-28
2225,Ishaan Chopra,ishaan.chopra339@gmail.com,7365710188,Lucknow,Other,46,2020-08-25
2226,Riya Verma,riya.verma465@hotmail.com,8914139187,Lucknow,Male,59,2023-08-18
2227,Riya Iyer,riya.iyer549@outlook.com,9778331414,Patna,Male,21,2023-03-19
2228,Ananya Chopra,ananya.chopra429@outlook.com,8748912,Pune,Female,70,2024-10-08
2229,Ramesh Iyer,ramesh.iyer402@gmail.com,9346213892,Pune,Female,50,2019-03-05
2230,Meera Agarwal,meera.agarwal407@outlook.com,7214902347,Bengaluru,Male,37,2020-07-16
2231,Myra Bhatt,myra.bhatt350@hotmail.com,9562820742,Pune,Male,35,2021-03-30
2232,Sneha Malhotra,sneha.malhotra449@hotmail.com,7835798520,Bhopal,Other,25,2020-04-07
2233,Sai Desai,sai.desai234@yahoo.com,8586813838,Bengaluru,Other,35,2021-09-26
2234,Ishaan Bansal,ishaan.bansal316@rediffmail.com,9511231229,Patna,Female,32,2021-01-29
2235,Pooja Kumar,pooja.kumar300@yahoo.com,8103360442,Patna,Other,25,2024-01-07
2236,,sunita.bansal551@rediffmail.com,7872425103,Delhi,Male,178,2023-12-09
2237,Meera Bhatt,meera.bhatt915@rediffmail.com,9742545977,Mumbai,Male,27,2019-04-27
2238,Priya Sharma,priya.sharma970@outlook.com,7993133510,Kanpur,Female,51,2019-08-06
2239,Priya Agarwal,priya.agarwal749@rediffmail.com,8145074921,Hyderabad,Other,41,2022-04-26
2240,Isha Kumar,isha.kumar346@rediffmail.com,8171139964,Chennai,Female,55,2021-06-25
2241,Priya Desai,priya.desai466@gmail.com,8209561349,Nagpur,Other,48,2020-02-05
2242,Kritika Patel,kritika.patel528@rediffmail,9502129532,Lucknow,Male,64,2021-03-03
2243,Amit Reddy,amit.reddy700@gmail.com,8284905250,Mumbai,Male,66,2019-06-04
2244,Saanvi Sharma,saanvi.sharma971@yahoo.com,9792504043,Surat,Female,23,2019-07-26
2245,Deepak Joshi,deepak.joshi746@gmail.com,7180889366,Delhi,Female,70,2023-07-12
2246,Rohan Pillai,rohan.pillai451@gmail.com,8485729293,Ludhiana,Female,20,2021-01-01
2247,Anika Kumar,anika.kumar498@outlook.com,7617378803,Mumbai,Other,70,2021-02-06
2248,Pari Iyer,pari.iyer420@outlook,7940547685,Delhi,Male,16,2024-08-21
2249,Sanjay Nair,sanjay.nair679@rediffmail.com,91939246,Nashik,Female,53,2020-09-27
2250,Amit Reddy,amit.reddy950@yahoo.com,8192678623,Mumbai,Other,36,2019-03-30
2251,Saanvi Kapoor,saanvi.kapoor170@rediffmail.com,8968633809,Mumbai,Other,61,2022-01-31
2252,Suresh Verma,suresh.verma413@rediffmail.com,9914547807,Delhi,Male,44,2021-06-23
2253,Ayaan Kumar,ayaan.kumar796@rediffmail.com,8468437110,Agra,Male,47,2021-09-07
2254,Anika Iyer,anika.iyer170@outlook.com,8846647189,Agra,Male,39,2021-05-19
2255,Kritika Verma,kritika.verma282@outlook.com,7113371641,Chennai,Other,40,2021-04-24
2256,Saanvi Nair,saanvi.nair900@yahoo.com,8261304664,Jaipur,Male,32,2019-08-02
2256,Saanvi Nair,saanvi.nair900@yahoo.com,8261304664,Jaipur,Male,32,2019-08-02
2257,,isha.reddy837@yahoo.com,9767919307,Bhopal  ,Other,197,2022-09-04
2258,Ramesh Iyer,ramesh.iyer114@gmail.com,7061040045,Pune,Other,43,2024-02-21
2259,Ramesh Joshi,ramesh.joshi844@yahoo,8351799614,Hyderabad,Male,29,2024-01-27
2260,Meera Mehta,meera.mehta949@hotmail.com,8619644245,Agra,Other,65,2021-10-26
2261,Meera Bhatt,meera.bhatt791@rediffmail.com,8586617860,Jaipur,Male,42,2020-01-08
2262,Krishna Sharma,krishna.sharma562@outlook.com,8297191977,Bhopal,Female,68,2020-11-14
2263,Nikhil Bansal,nikhil.bansal376@outlook.com,7975162585,Kanpur,Female,59,2021-05-08
2264,Riya Sharma,riya.sharma251@gmail.com,7808812238,Jaipur,Other,16,2022-01-05
2265,Amit Bansal,amit.bansal589@gmail.com,9884777273,Kolkata,Male,48,2021-09-19
2266,Divya Kapoor,divya.kapoor815@gmail,8420070417,Hyderabad,Male,69,2021-08-29
2266,Divya Kapoor,divya.kapoor815@gmail,8420070417,Hyderabad,Male,69,2021-08-29
2267,,rahul.verma38@rediffmail.com,7554511867,Indore  ,Male,178,2024-12-16
2268,Aditya Sharma,aditya.sharma476@outlook.com,9587906618,Delhi,Other,19,2020-12-24
2269,Reyansh Mehta,reyansh.mehta772@hotmail.com,7819643003,Kolkata,Other,70,2020-05-20
2270,Pari Chopra,pari.chopra167@gmail.com,9408984563,Bengaluru,Other,59,2023-10-25
2271,Saanvi Kapoor,saanvi.kapoor354@outlook.com,7363768924,Mumbai,Male,39,2023-09-28
2272,Vihaan Gupta,vihaan.gupta316@gmail.com,8214666909,Patna,Other,55,2022-12-07
2273,Aditya Agarwal,aditya.agarwal91@rediffmail.com,7172158028,Hyderabad,Female,66,2020-03-05
2274,Amit Singh,amit.singh758@gmail.com,9525785714,Surat,Other,39,2021-08-20
2275,Pooja Reddy,pooja.reddy391@hotmail.com,9617534848,Nashik,Male,61,2019-09-11
2276,Karan Bhatt,karan.bhatt962@rediffmail.com,9229364617,Kolkata,Female,27,2019-03-13
2277,Priya Malhotra,priya.malhotra507@rediffmail,9480602559,Ahmedabad,Male,65,2020-04-01
2278,Deepak Gupta,deepak.gupta570@rediffmail.com,9880258663,Surat,Male,68,2023-11-06
2279,Manish Kumar,manish.kumar706@rediffmail.com,8593929135,Surat,Male,56,2019-12-11
2280,Vivaan Desai,vivaan.desai767@yahoo.com,7246661362,Kolkata,Other,64,2024-01-22
2281,Kritika Kumar,kritika.kumar517@outlook.com,7226405571,Agra,Male,27,2024-08-14
2282,Ramesh Gupta,ramesh.gupta771@hotmail.com,8616074541,Agra,Male,39,2021-09-15
2283,Ramesh Nair,ramesh.nair839@rediffmail.com,8763286577,Bhopal,Male,32,2024-10-08
2284,Sai Bhatt,sai.bhatt843@gmail.com,9181749490,Hyderabad,Female,49,2019-10-31
2285,Ananya Reddy,ananya.reddy199@yahoo.com,9855903154,Ludhiana,Other,17,2021-03-13
2286,Anjali Nair,anjali.nair190@yahoo.com,9869806002,Mumbai,Female,22,2023-07-15
2287,Kavya Iyer,kavya.iyer581@rediffmail.com,9303545259,Ludhiana,Female,63,2020-07-17
2288,,myra.sharma616@yahoo,8733470466, Delhi ,Other,135,2019-07-12
2289,Aarav Patel,aarav.patel172@rediffmail.com,74102501,Vadodara,Male,39,2020-07-25
2290,Myra Chopra,myra.chopra104@rediffmail.com,7183759396,Surat,Male,40,2023-05-23
2291,Arjun Kapoor,arjun.kapoor336@yahoo.com,8699893448,Ludhiana,Male,61,2023-08-25
2292,Shreya Verma,shreya.verma701@gmail.com,9729123265,Bengaluru,Male,50,2023-08-12
2293,Vivaan Pillai,vivaan.pillai938@hotmail.com,8143291764,Ahmedabad,Male,38,2023-06-06
2294,Rahul Agarwal,rahul.agarwal576@hotmail.com,8572209,Delhi,Male,30,2024-04-10
2295,Arjun Nair,arjun.nair807@yahoo.com,9924960872,Nagpur,Other,55,2020-09-04
2296,Ayaan Agarwal,ayaan.agarwal630@rediffmail.com,8351823441,Surat,Female,25,2024-08-19
2297,Ishaan Desai,ishaan.desai530@gmail,9036793771,Bhopal,Other,56,2021-07-11
2298,Suresh Kapoor,suresh.kapoor978@outlook.com,7485957875,Mumbai,Male,60,2024-07-02
2299,Neha Agarwal,neha.agarwal456@yahoo.com,9839851111,Hyderabad,Other,31,2023-09-30
2300,Sanjay Gupta,sanjay.gupta869@rediffmail.com,8830804859,Indore,Male,43,2020-08-20
2301,Arjun Kumar,arjun.kumar780@yahoo.com,7370761642,Kolkata,Other,40,2019-11-25
2302,Sneha Mehta,sneha.mehta940outlook.com,8938820893,Indore,Female,61,2024-01-09
2303,Nikhil Singh,nikhil.singh869@hotmail.com,+91-9119309602,Kolkata,Other,29,2024-06-04
2304,Nikhil Kapoor,nikhil.kapoor305rediffmail.com,7028165403,Nashik,Other,69,2021-04-12
2305,Sai Patel,sai.patel354@hotmail.com,7271815920,Hyderabad,Other,53,2022-01-10
2306,Deepak Gupta,deepak.gupta960@hotmail.com,8447424843,Nagpur,Other,40,2021-12-30
2307,Ishaan Agarwal,ishaan.agarwal14@gmail.com,8175350657,Indore,Male,65,2023-12-28
2308,Vivaan Sharma,vivaan.sharma451@gmail,9264327679,Nagpur,Female,54,2020-06-18
2309,Riya Desai,riya.desai235@yahoo.com,8026623513,Hyderabad,Other,60,2023-10-16
2310,Pari Gupta,pari.gupta78@yahoo.com,7870502595,Ludhiana,Female,48,2021-02-15
2311,Priya Joshi,priya.joshi184@hotmail.com,8476928965,Nashik,Female,49,2022-12-25
2312,Meera Chopra,meera.chopra173@rediffmail.com,8583433228,Pune,Male,24,2023-11-10
2313,Priya Patel,priya.patel40@yahoo.com,7896655277,Ludhiana,Female,49,2019-10-10
2314,Sunita Bhatt,sunita.bhatt943@yahoo,797014274,Chennai,Other,39,2024-02-11
2315,Anjali Chopra,anjali.chopra181@hotmail.com,731064898,Patna,Female,44,2019-02-07
2316,Riya Bansal,riya.bansal836@outlook.com,96710479,Agra,Female,24,2023-12-05
2317,Meera Rao,meera.rao316gmail.com,7973185738,Nagpur,Other,21,2021-10-31
2318,Shreya Rao,shreya.rao184@rediffmail.com,+91-8341831602,Pune,Other,30,2019-08-05
2319,Pooja Sharma,pooja.sharma121@gmail.com,7053198391,Agra,Other,67,2024-10-21
2320,Vivaan Desai,vivaan.desai144hotmail.com,7316204068,Ahmedabad,Male,28,2020-07-22
2321,Nikhil Kumar,nikhil.kumar261@hotmail.com,7397292451,Jaipur,Male,58,2022-04-28
2322,Divya Desai,divya.desai192gmail.com,8797920694,Mumbai,Other,55,2023-03-24
2323,Sai Nair,sai.nair434@rediffmail.com,8079005983,Hyderabad,Female,53,2019-09-13
2324,Riya Chopra,riya.chopra45@yahoo.com,9374218669,Kolkata,Male,47,2024-08-28
2325,Amit Malhotra,amit.malhotra268@yahoo.com,9915062856,Jaipur,Female,46,2019-12-01
2326,Sneha Pillai,sneha.pillai718@gmail.com,8030773730,Bengaluru,Female,67,2022-11-06
2327,Arjun Desai,arjun.desai91@outlook.com,9390737761,Lucknow,Male,43,2023-10-11
2328,Krishna Joshi,krishna.joshi621@rediffmail.com,9179807896,Bhopal,Male,52,2023-05-09
2329,Sanjay Nair,sanjay.nair64@rediffmail.com,9812767056,Nashik,Other,30,2021-12-18
2330,Ayaan Desai,ayaan.desai679@hotmail.com,8284031525,Agra,Male,48,2024-08-13
2331,Aadhya Kumar,aadhya.kumar126@yahoo.com,8053011970,Ludhiana,Male,22,2023-12-11
2331,Aadhya Kumar,aadhya.kumar126@yahoo.com,8053011970,Ludhiana,Male,22,2023-12-11
2332,,arjun.desai447@hotmail.com,7580011356,bhopal,Male,183,2023-06-05
2333,Amit Bansal,amit.bansal327@rediffmail.com,9766901340,Lucknow,Female,66,2024-05-19
2334,Krishna Reddy,krishna.reddy682@rediffmail.com,7582031314,Ludhiana,Male,58,2019-10-05
2335,Ramesh Chopra,ramesh.chopra849@gmail.com,9183976265,Mumbai,Female,63,2021-12-08
2336,Aarav Pillai,aarav.pillai756@rediffmail.com,9450981329,Hyderabad,Male,59,2020-07-17
2337,,anika.iyer60@yahoo.com,8645414064,HYDERABAD,Male,125,2022-04-07
2338,Priya Patel,priya.patel997@yahoo.com,8065637985,Surat,Male,37,2019-07-02
2339,Saanvi Patel,saanvi.patel674@hotmail.com,9701930745,Pune,Female,54,2020-07-08
2340,Deepak Rao,deepak.rao91@yahoo.com,8430487202,Agra,Female,20,2024-05-09
2341,Ayaan Agarwal,ayaan.agarwal219@rediffmail.com,9017693566,Kanpur,Other,65,2022-11-21
2342,Sai Mehta,sai.mehta769@hotmail.com,9520618939,Patna,Male,56,2023-12-09
2342,Sai Mehta,sai.mehta769@hotmail.com,9520618939,Patna,Male,56,2023-12-09
2343,,reyansh.malhotra986@gmail.com,8754186357, Nagpur ,Male,131,2020-04-19
2344,Deepak Bansal,deepak.bansal41@rediffmail.com,9254591674,Patna,Female,65,2023-04-11
2345,Manish Desai,manish.desai342@hotmail.com,7610169068,Pune,Male,52,2022-06-09
2346,Ramesh Kapoor,ramesh.kapoor993@yahoo.com,9458265971,Pune,Male,43,2019-08-24
2347,Divya Iyer,divya.iyer746@gmail.com,9290203295,Mumbai,Female,17,2022-10-17
2348,Ramesh Desai,ramesh.desai106@hotmail.com,9586887701,Agra,Other,48,2021-10-05
2349,Vivaan Agarwal,vivaan.agarwal17@rediffmail.com,9678669911,Chennai,Other,24,2022-10-22
2350,Krishna Rao,krishna.rao454@outlook.com,7745513973,Indore,Male,55,2020-10-04
2351,Rahul Sharma,rahul.sharma957@gmail.com,7436020270,Indore,Female,28,2019-09-30
2352,Sai Malhotra,sai.malhotra529@outlook.com,74794878,Nagpur,Female,52,2019-03-21
2353,Vivaan Patel,vivaan.patel375@outlook.com,9593563227,Vadodara,Male,60,2019-07-12
2354,Arjun Agarwal,arjun.agarwal480@yahoo.com,8019093873,Pune,Other,24,2020-06-27
2355,Vivaan Verma,vivaan.verma248@hotmail.com,9357165977,Nashik,Other,45,2020-08-18
2356,Pari Sharma,pari.sharma488@yahoo.com,9077487763,Agra,Other,42,2024-09-08
2357,Krishna Gupta,krishna.gupta188@gmail.com,+91-8715383014,Nagpur,Female,33,2024-11-04
2358,Arjun Patel,arjun.patel634@gmail.com,8601461995,Nashik,Female,29,2022-01-31
2359,Sanjay Gupta,sanjay.gupta190@rediffmail.com,9812926,Pune,Female,48,2019-07-09
2360,Aadhya Mehta,aadhya.mehta537@yahoo.com,8318229057,Hyderabad,Other,55,2023-01-29
2361,Priya Mehta,priya.mehta534@yahoo.com,8949409273,Ahmedabad,Female,39,2021-08-22
2362,Rahul Bhatt,rahul.bhatt987@outlook.com,7521986814,Pune,Female,30,2023-01-13
2363,Ananya Kumar,ananya.kumar893@yahoo.com,7582770582,Agra,Other,33,2024-05-12
2364,Manish Verma,manish.verma983@yahoo.com,7099396877,Lucknow,Male,22,2024-03-03
2365,Ramesh Sharma,ramesh.sharma612@outlook.com,+91-9816092211,Kanpur,Female,39,2022-01-11
2366,Ayaan Reddy,ayaan.reddy756@outlook.com,9258180273,Patna,Female,18,2023-08-02
2366,Ayaan Reddy,ayaan.reddy756@outlook.com,9258180273,Patna,Female,18,2023-08-02
2367,,kavya.iyer290@yahoo.com,9675468895,Delhi,Male,167,2023-03-08
2368,Vivaan Pillai,vivaan.pillai444@yahoo.com,8144381,Agra,Other,22,2019-11-04
2369,Sai Sharma,sai.sharma53@gmail.com,8701168903,Indore,Male,57,2021-01-12
2370,Manish Nair,manish.nair279@outlook,8928163533,Lucknow,Other,59,2019-09-02
2371,Ramesh Malhotra,ramesh.malhotra597@outlook.com,8154926289,Ludhiana,Other,33,2024-06-11
2372,Karan Reddy,karan.reddy374@outlook.com,9358223111,Delhi,Female,65,2023-04-26
2373,Rahul Bansal,rahul.bansal555@gmail.com,9308794480,Chennai,Other,24,2019-09-05
2374,Arjun Mehta,arjun.mehta260@yahoo.com,8287774253,Bhopal,Male,35,2020-04-28
2375,Ishaan Patel,ishaan.patel270@outlook,7682251,Nashik,Other,56,2019-05-20
2376,Diya Verma,diya.verma190@yahoo.com,8502822501,Patna,Male,60,2021-09-19
2377,Aditya Chopra,aditya.chopra659@outlook.com,8341110374,Jaipur,Male,34,2021-09-28
2378,Deepak Chopra,deepak.chopra438hotmail.com,8881293413,Vadodara,Other,53,2023-08-28
2379,Arjun Chopra,arjun.chopra786@outlook.com,8410579288,Mumbai,Other,66,2020-08-12
2380,Neha Verma,neha.verma66outlook.com,+91-8680681527,Bengaluru,Female,38,2024-08-23
2381,Deepak Nair,deepak.nair953@yahoo,7662035578,Nashik,Male,28,2021-02-12
2382,Aditya Agarwal,aditya.agarwal8@gmail.com,85177591,Nagpur,Male,21,2022-10-31
2383,Aarav Singh,aarav.singh51@hotmail,8556062264,Ahmedabad,Male,23,2020-11-24
2384,Amit Reddy,amit.reddy288@rediffmail.com,7878275063,Jaipur,Other,51,2022-05-13
2385,Deepak Reddy,deepak.reddy417@hotmail,7141413219,Indore,Other,40,2023-08-26
2386,Nikhil Iyer,nikhil.iyer345@hotmail.com,9765075998,Hyderabad,Other,34,2024-02-06
2387,Sunita Agarwal,sunita.agarwal525@outlook.com,7947621196,Bhopal,Male,42,2024-03-06
2388,Neha Kapoor,neha.kapoor495gmail.com,7168865393,Agra,Male,58,2022-09-12
2389,Neha Nair,neha.nair653@yahoo.com,9295987187,Chennai,Female,27,2023-09-25
2390,Anjali Verma,anjali.verma473@hotmail.com,8763222140,Nashik,Female,62,2023-08-21
2391,Ayaan Reddy,ayaan.reddy863@hotmail.com,8048082482,Agra,Male,22,2022-10-22
2392,Anjali Nair,anjali.nair148@hotmail.com,8330244625,Chennai,Male,39,2019-12-04
2393,Saanvi Mehta,saanvi.mehta548@hotmail.com,8739978110,Delhi,Other,50,2021-03-09
2394,Pooja Joshi,pooja.joshi999@rediffmail.com,94430309,Jaipur,Male,18,2019-05-26
2395,Pari Kapoor,pari.kapoor580@outlook.com,7382856460,Jaipur,Male,50,2019-08-17
2396,Anika Rao,anika.rao38@outlook.com,7980007833,Patna,Male,21,2019-11-17
2397,Shreya Verma,shreya.verma816@gmail.com,9836794341,Nashik,Other,68,2019-12-12
2398,Pari Desai,pari.desai504@hotmail.com,8196164611,Vadodara,Other,22,2021-07-17
2399,Krishna Mehta,krishna.mehta36@rediffmail.com,7609875293,Pune,Male,38,2020-01-27
2400,Myra Malhotra,myra.malhotra809@yahoo.com,7108366343,Chennai,Other,57,2022-05-18
2401,Priya Chopra,priya.chopra577@rediffmail.com,9119917007,Hyderabad,Male,55,2023-11-16
2402,Manish Rao,manish.rao128@gmail.com,8916291910,Patna,Female,61,2021-03-06
2403,Amit Kumar,amit.kumar434@rediffmail.com,8438862283,Jaipur,Other,51,2019-09-11
2404,Rohan Rao,rohan.rao676@yahoo.com,7325434715,Chennai,Female,41,2022-02-20
2405,Sai Chopra,sai.chopra640@gmail.com,9293509252,Chennai,Other,32,2023-07-02
2406,Aadhya Kumar,aadhya.kumar387@gmail.com,8789639301,Hyderabad,Female,25,2022-02-25
2407,Krishna Sharma,krishna.sharma283@rediffmail.com,7040451524,Indore,Other,31,2019-07-06
2408,Sai Malhotra,sai.malhotra998@hotmail.com,7907065442,Jaipur,Other,42,2021-09-08
2409,Manish Rao,manish.rao392@rediffmail.com,7922157244,Nagpur,Male,17,2020-03-04
2410,Priya Gupta,priya.gupta827@outlook.com,9725087118,Bengaluru,Male,55,2023-08-30
2411,Arjun Malhotra,arjun.malhotra78@outlook.com,8412192726,Chennai,Male,22,2024-01-03
2412,Divya Desai,divya.desai590@hotmail.com,7650287531,Indore,Male,21,2024-11-08
2413,Kritika Nair,kritika.nair204@hotmail.com,9573184953,Mumbai,Male,23,2022-06-18
2414,Karan Chopra,karan.chopra326@rediffmail.com,9530180217,Surat,Male,49,2022-10-06
2415,Reyansh Reddy,reyansh.reddy448yahoo.com,810573223,Patna,Female,51,2024-02-23
2416,Ramesh Bhatt,ramesh.bhatt132@rediffmail.com,9805524909,Bengaluru,Female,70,2024-02-26
2417,Ramesh Reddy,ramesh.reddy627@hotmail.com,9774029082,Ludhiana,Male,22,2023-05-23
2418,Aadhya Chopra,aadhya.chopra262@hotmail.com,9658681416,Hyderabad,Female,66,2022-05-15
2419,Aarav Desai,aarav.desai272@gmail.com,9398374677,Nagpur,Other,60,2024-04-24
2420,Vivaan Kumar,vivaan.kumar288@hotmail.com,9165896336,Jaipur,Female,30,2024-07-07
2421,Rohan Chopra,rohan.chopra401@outlook.com,9670190741,Indore,Other,38,2022-10-04
2422,Divya Kapoor,divya.kapoor136@yahoo.com,7961573554,Jaipur,Female,34,2023-04-16
2423,Anjali Patel,anjali.patel49@rediffmail.com,8011969519,Bengaluru,Male,43,2022-07-10
2424,Vihaan Rao,vihaan.rao914@outlook.com,9322045023,Agra,Other,57,2024-09-09
2425,Nikhil Malhotra,nikhil.malhotra116@yahoo.com,8862101907,Hyderabad,Female,39,2021-07-28
2426,Ayaan Nair,ayaan.nair599@outlook.com,9801630421,Surat,Male,38,2024-12-11
2427,Aadhya Bansal,aadhya.bansal670@yahoo.com,9204190290,Jaipur,Other,55,2020-02-27
2427,Aadhya Bansal,aadhya.bansal670@yahoo.com,9204190290,Jaipur,Other,55,2020-02-27
2428,,saanvi.verma971@yahoo.com,7545517691,DELHI,Female,185,2019-12-17
2429,Neha Rao,neha.rao228@gmail.com,7721099236,Indore,Female,50,2020-04-21
2430,Rahul Mehta,rahul.mehta331@rediffmail.com,9145722424,Indore,Other,21,2019-05-20
2431,Anjali Gupta,anjali.gupta191rediffmail.com,8319487174,Nashik,Female,22,2020-08-05
2432,Saanvi Desai,saanvi.desai732@yahoo.com,7897245624,Vadodara,Other,27,2021-08-25
2433,Sanjay Rao,sanjay.rao616@outlook.com,9981648443,Kanpur,Female,17,2021-07-10
2434,Diya Bhatt,diya.bhatt206@rediffmail.com,8493821580,Hyderabad,Male,23,2024-11-07
2435,Aarav Malhotra,aarav.malhotra95yahoo.com,7920726506,Vadodara,Male,22,2024-04-23
2436,Aarav Bansal,aarav.bansal709@outlook.com,8120658400,Kanpur,Male,43,2019-05-31
2437,Sai Kapoor,sai.kapoor161@outlook.com,7296003541,Kanpur,Female,23,2019-02-07
2438,Anjali Nair,anjali.nair894@hotmail.com,7537046525,Delhi,Other,69,2019-06-15
2439,Vivaan Malhotra,vivaan.malhotra133@rediffmail.com,8984511817,Agra,Female,27,2021-09-18
2440,Amit Rao,amit.rao80@hotmail.com,88575633,Chennai,Male,42,2023-01-26
2441,Sneha Gupta,sneha.gupta965@gmail.com,9953708782,Surat,Other,67,2021-09-16
2442,Krishna Verma,krishna.verma968@yahoo.com,8480124446,Lucknow,Other,30,2023-07-09
2443,Saanvi Joshi,saanvi.joshi470@rediffmail.com,7474859458,Ludhiana,Male,37,2020-05-11
2444,Amit Kumar,amit.kumar354@gmail.com,7576500489,Bhopal,Other,49,2021-01-26
2445,Aadhya Sharma,aadhya.sharma115@gmail.com,7259700861,Bengaluru,Female,44,2023-12-10
2446,Anika Kapoor,anika.kapoor276@outlook.com,8480596491,Kanpur,Other,33,2020-04-30
2447,Priya Desai,priya.desai751@yahoo.com,9984978170,Lucknow,Female,28,2019-09-05
2448,Sunita Kumar,sunita.kumar974@yahoo.com,7072167150,Kolkata,Female,20,2023-02-02
2449,Aditya Bhatt,aditya.bhatt868@outlook.com,8429477969,Chennai,Other,51,2021-05-30
2450,Priya Gupta,priya.gupta763@hotmail.com,7692655413,Patna,Other,23,2019-07-22
2451,Reyansh Iyer,reyansh.iyer552@outlook.com,7031270736,Vadodara,Other,41,2020-05-27
2452,Aadhya Kapoor,aadhya.kapoor957@rediffmail.com,8553923290,Kanpur,Male,19,2024-09-21
2453,Anika Singh,anika.singh589@gmail.com,7531573137,Ahmedabad,Other,45,2023-08-04
2454,Pooja Bansal,pooja.bansal342@gmail.com,709209603,Chennai,Female,51,2019-04-27
2455,Meera Iyer,meera.iyer271@hotmail.com,8910733477,Indore,Male,47,2019-08-04
2456,Kritika Nair,kritika.nair315@outlook.com,8235894591,Chennai,Male,36,2022-02-16
2457,Divya Bhatt,divya.bhatt804@gmail.com,8364081302,Nashik,Female,24,2022-06-27
2458,Ishaan Verma,ishaan.verma547@rediffmail,9410853489,Pune,Male,40,2024-05-05
2459,Saanvi Singh,saanvi.singh204@yahoo.com,7166593026,Surat,Other,55,2020-08-10
2460,Divya Reddy,divya.reddy889@outlook.com,7406720496,Agra,Other,56,2021-01-05
2461,Sai Bansal,sai.bansal45@hotmail.com,8564132930,Nagpur,Female,32,2024-01-06
2462,Sai Gupta,sai.gupta424@outlook.com,775725323,Jaipur,Other,47,2021-11-10
2463,Sai Kumar,sai.kumar393@gmail.com,7757232752,Nagpur,Female,66,2021-12-07
2464,Arjun Mehta,arjun.mehta487@yahoo.com,9010751416,Bengaluru,Male,37,2024-12-29
2465,Riya Kumar,riya.kumar964@hotmail.com,8645278107,Nashik,Female,69,2021-06-06
2466,Anika Nair,anika.nair650@yahoo.com,9064825377,Vadodara,Other,37,2021-01-18
2467,Deepak Singh,deepak.singh143@rediffmail.com,9294900,Lucknow,Other,49,2019-01-22
2467,Deepak Singh,deepak.singh143@rediffmail.com,9294900,Lucknow,Other,49,2019-01-22
2468,,shreya.joshi288@hotmail.com,9136390348, Agra ,Female,148,2022-02-27
2469,Riya Singh,riya.singh181@rediffmail.com,9990911952,Vadodara,Other,28,2024-01-30
2470,Anjali Agarwal,anjali.agarwal575@rediffmail.com,8959633824,Surat,Male,26,2023-07-17
2470,Anjali Agarwal,anjali.agarwal575@rediffmail.com,8959633824,Surat,Male,26,2023-07-17
2471,,ayaan.agarwal218@yahoo.com,7166990003,ludhiana,Other,140,2023-05-16
2472,Anika Gupta,anika.gupta726@gmail.com,7802916615,Kolkata,Other,33,2020-09-17
2473,Isha Bhatt,isha.bhatt493@outlook.com,8392940633,Indore,Other,56,2022-02-08
2474,Ishaan Malhotra,ishaan.malhotra809@rediffmail.com,8690167686,Kanpur,Male,22,2022-11-16
2475,Meera Reddy,meera.reddy767@hotmail.com,7138236348,Agra,Male,45,2022-08-02
2476,Aditya Rao,aditya.rao470@outlook.com,8962510221,Kolkata,Female,48,2022-06-01
2477,Isha Pillai,isha.pillai616@gmail.com,8342828876,Chennai,Other,56,2022-02-05
2478,Deepak Pillai,deepak.pillai39@hotmail.com,8953569205,Kolkata,Female,43,2021-06-09
2479,Amit Kumar,amit.kumar623@rediffmail.com,7469963447,Indore,Male,42,2019-08-02
2480,Pari Gupta,pari.gupta128@outlook.com,9755027551,Kolkata,Other,16,2024-12-24
2481,Deepak Kumar,deepak.kumar332@rediffmail.com,8620673651,Chennai,Male,57,2020-10-29
2482,Nikhil Pillai,nikhil.pillai275@rediffmail.com,8401476,Hyderabad,Female,70,2019-01-17
2483,Karan Singh,karan.singh757@rediffmail.com,8357786360,Jaipur,Female,57,2024-09-07
2484,Anjali Reddy,anjali.reddy695@gmail.com,9315990849,Kolkata,Female,52,2019-07-19
2485,Pooja Mehta,pooja.mehta491hotmail.com,9675252081,Ludhiana,Female,29,2020-08-08
2486,Ramesh Singh,ramesh.singh880@hotmail.com,7578218618,Agra,Other,26,2020-08-07
2487,Amit Iyer,amit.iyer686@rediffmail.com,9042084141,Delhi,Other,31,2021-11-14
2488,Aarav Sharma,aarav.sharma199@outlook.com,9334231000,Nashik,Female,56,2023-08-07
2489,Sunita Joshi,sunita.joshi688@outlook.com,7971020519,Bengaluru,Female,41,2019-02-26
2490,Sunita Bhatt,sunita.bhatt735@gmail.com,7319744115,Surat,Other,49,2023-04-27
2491,Anjali Reddy,anjali.reddy753@gmail.com,8343473554,Ahmedabad,Female,50,2020-07-22
2492,Rahul Pillai,rahul.pillai165@yahoo.com,7583797949,Kanpur,Female,24,2022-05-26
2493,Aarav Kapoor,aarav.kapoor234@outlook.com,7988740343,Delhi,Male,20,2023-06-29
2494,Rahul Reddy,rahul.reddy296@yahoo.com,9988999768,Nashik,Male,61,2020-09-30
2495,Ananya Mehta,ananya.mehta517gmail.com,7056084486,Ahmedabad,Female,20,2023-08-28
2496,Deepak Mehta,deepak.mehta767gmail.com,8665864155,Bhopal,Male,38,2019-06-24
2497,Arjun Bansal,arjun.bansal305@yahoo.com,9729650295,Bengaluru,Male,35,2024-09-18
2498,Arjun Iyer,arjun.iyer1@yahoo.com,7605177847,Vadodara,Female,50,2024-09-21
2499,Sai Reddy,sai.reddy355@rediffmail.com,7078759252,Surat,Male,54,2019-06-20
2499,Sai Reddy,sai.reddy355@rediffmail.com,7078759252,Surat,Male,54,2019-06-20
2500,,deepak.desai109@hotmail.com,9675082541,Surat  ,Male,140,2021-06-13
2501,Isha Agarwal,isha.agarwal57@rediffmail.com,7801799654,Lucknow,Male,37,2021-03-05
2502,Aadhya Kapoor,aadhya.kapoor50@yahoo.com,7690688790,Ludhiana,Female,35,2021-05-27
2503,Kavya Gupta,kavya.gupta914@rediffmail.com,7825002334,Chennai,Other,66,2020-08-19
2504,Nikhil Bhatt,nikhil.bhatt986@outlook.com,9936076370,Bhopal,Male,60,2024-05-29
2505,Ishaan Bansal,ishaan.bansal609@yahoo.com,9048616933,Agra,Male,37,2019-06-01
2506,Aditya Joshi,aditya.joshi142@yahoo.com,8680343768,Kanpur,Female,16,2021-10-18
2507,Priya Nair,priya.nair306@outlook.com,9300849928,Chennai,Other,59,2020-08-03
2508,Aditya Kapoor,aditya.kapoor650@yahoo.com,9955592935,Kolkata,Female,21,2021-06-12
2509,Ananya Iyer,ananya.iyer816@gmail.com,7497087744,Patna,Other,57,2023-11-06
2510,Ramesh Verma,ramesh.verma913@rediffmail.com,9266934320,Vadodara,Female,20,2022-11-24
2511,Divya Kumar,divya.kumar314@gmail.com,7010561895,Patna,Other,45,2022-02-19
2512,Pari Bansal,pari.bansal385@outlook.com,7064536395,Vadodara,Male,22,2021-04-02
2513,Myra Chopra,myra.chopra847@rediffmail,7554679931,Ludhiana,Other,52,2023-06-11
2514,Krishna Gupta,krishna.gupta965@outlook.com,7845827767,Indore,Female,17,2023-07-08
2515,Ramesh Joshi,ramesh.joshi168@outlook.com,8712680950,Vadodara,Other,43,2022-07-24
2516,Ayaan Agarwal,ayaan.agarwal734@gmail.com,7059665194,Indore,Other,36,2023-02-20
2517,Arjun Chopra,arjun.chopra794@hotmail.com,8516133023,Surat,Other,65,2021-10-31
2518,Amit Singh,amit.singh768@rediffmail.com,9518413685,Nashik,Other,45,2019-03-27
2519,Ananya Kapoor,ananya.kapoor564@rediffmail.com,7086732932,Chennai,Other,35,2023-01-02
2519,Ananya Kapoor,ananya.kapoor564@rediffmail.com,7086732932,Chennai,Other,35,2023-01-02
2520,,myra.iyer621@rediffmail,7648817554,VADODARA,Female,176,2019-03-18
2521,Anjali Bansal,anjali.bansal227@outlook.com,8107661662,Vadodara,Female,62,2021-06-28
2522,Ananya Reddy,ananya.reddy629@rediffmail.com,8301657665,Lucknow,Other,45,2021-07-07
2523,Kritika Rao,kritika.rao199@yahoo.com,7737558297,Hyderabad,Male,37,2021-09-12
2524,Anika Desai,anika.desai513@outlook.com,9920648779,Bengaluru,Other,59,2020-11-18
2525,Saanvi Bansal,saanvi.bansal514@rediffmail.com,9138796235,Bengaluru,Female,41,2020-03-06
2526,Aditya Joshi,aditya.joshi896@outlook,7548556471,Ahmedabad,Female,58,2022-11-16
2527,Aarav Joshi,aarav.joshi230@outlook.com,7547124613,Jaipur,Male,22,2019-03-17
2528,Kritika Rao,kritika.rao328@yahoo.com,+91-9256716161,Ahmedabad,Other,42,2021-10-17
2529,Karan Reddy,karan.reddy588@rediffmail.com,+91-7327968261,Agra,Female,16,2019-02-09
2530,Deepak Patel,deepak.patel498@yahoo.com,9156344506,Hyderabad,Other,17,2022-06-30
2531,Meera Chopra,meera.chopra555@rediffmail,8545926293,Agra,Male,35,2020-01-09
2532,Pooja Pillai,pooja.pillai866@gmail,996759696,Ahmedabad,Female,49,2019-10-08
2533,Diya Kapoor,diya.kapoor403rediffmail.com,8594416891,Agra,Female,44,2019-04-03
2534,Ananya Reddy,ananya.reddy468@rediffmail.com,9142552927,Vadodara,Male,55,2024-11-26
2535,Reyansh Bansal,reyansh.bansal488@yahoo.com,+91-9182588259,Bhopal,Other,67,2019-11-09
2536,Saanvi Mehta,saanvi.mehta169@rediffmail.com,7462528892,Ludhiana,Male,21,2019-04-12
2537,Kavya Joshi,kavya.joshi872rediffmail.com,7312594986,Kanpur,Female,58,2023-04-14
2538,Ayaan Rao,ayaan.rao816@gmail.com,7514633601,Chennai,Female,45,2019-07-12
2539,Shreya Joshi,shreya.joshi64@rediffmail.com,7927124138,Agra,Female,25,2020-05-03
2540,Pari Gupta,pari.gupta856@hotmail.com,9442755039,Nagpur,Male,29,2022-01-25
2541,Sanjay Verma,sanjay.verma813@outlook.com,8911893241,Surat,Other,20,2021-11-06
2542,Ayaan Mehta,ayaan.mehta908@rediffmail.com,9099248847,Agra,Other,27,2021-08-09
2543,Aarav Singh,aarav.singh312@rediffmail.com,9441071987,Bengaluru,Female,24,2021-06-17
2543,Aarav Singh,aarav.singh312@rediffmail.com,9441071987,Bengaluru,Female,24,2021-06-17
2544,,karan.pillai72@yahoo.com,7655023893,Mumbai  ,Male,147,2020-04-11
2545,Aarav Nair,aarav.nair841@rediffmail.com,8242927856,Jaipur,Male,70,2022-10-13
2546,Arjun Patel,arjun.patel696@gmail.com,7423302676,Bengaluru,Male,28,2023-06-23
2547,Pooja Joshi,pooja.joshi819@gmail.com,7474908034,Kolkata,Male,66,2024-02-04
2548,Sai Gupta,sai.gupta609@gmail.com,9868492245,Vadodara,Female,27,2021-02-28
2549,Anika Bansal,anika.bansal793@hotmail.com,9358523384,Surat,Male,60,2022-11-13
2550,Vivaan Mehta,vivaan.mehta970outlook.com,8754572330,Agra,Female,40,2022-07-22
2551,Sneha Mehta,sneha.mehta588@rediffmail.com,7302481591,Kanpur,Other,62,2023-08-29
2552,Deepak Reddy,deepak.reddy158@hotmail.com,9176587548,Patna,Other,44,2020-04-15
2553,Aditya Desai,aditya.desai975@rediffmail.com,7641781325,Agra,Other,31,2019-11-24
2554,Manish Kapoor,manish.kapoor134yahoo.com,7655993811,Ludhiana,Other,56,2020-07-30
2555,Ishaan Bhatt,ishaan.bhatt199rediffmail.com,8828706308,Hyderabad,Other,21,2019-09-14
2556,Kavya Reddy,kavya.reddy803@hotmail.com,9121098234,Vadodara,Other,45,2019-01-09
2557,Deepak Malhotra,deepak.malhotra895@gmail.com,7045926067,Patna,Male,16,2019-04-01
2558,Myra Malhotra,myra.malhotra940@hotmail,9087952391,Chennai,Male,21,2021-01-18
2559,Saanvi Kumar,saanvi.kumar497@hotmail.com,+91-7791107147,Lucknow,Female,65,2023-09-07
2560,Manish Agarwal,manish.agarwal726@rediffmail.com,8820891153,Bengaluru,Female,40,2023-11-12
2561,Anika Verma,anika.verma340@yahoo.com,9080352019,Pune,Female,70,2021-10-14
2562,Saanvi Pillai,saanvi.pillai944@yahoo.com,8863905278,Jaipur,Other,57,2023-07-16
2563,Krishna Pillai,krishna.pillai541@gmail.com,8601035797,Vadodara,Female,52,2021-11-30
2564,Priya Malhotra,priya.malhotra526@yahoo.com,9523042338,Surat,Other,58,2019-04-28
2565,Kavya Verma,kavya.verma991@gmail.com,7584647823,Agra,Male,22,2023-08-31
2566,Sunita Desai,sunita.desai740@gmail.com,8210012232,Vadodara,Female,41,2024-02-23
2567,Ramesh Bhatt,ramesh.bhatt56@hotmail.com,8489506664,Kolkata,Female,18,2022-12-25
2568,Amit Agarwal,amit.agarwal251@gmail.com,7234843,Bengaluru,Male,45,2022-02-01
2569,Reyansh Kapoor,reyansh.kapoor939@rediffmail.com,8434450105,Delhi,Female,60,2021-03-02
2570,Karan Iyer,karan.iyer86@yahoo.com,8648485458,Patna,Other,30,2019-03-04
2571,Divya Bansal,divya.bansal164@rediffmail.com,8757581950,Kanpur,Other,32,2019-09-10
2572,Rahul Kumar,rahul.kumar595@gmail.com,8422144665,Vadodara,Male,47,2021-06-15
2573,Amit Rao,amit.rao697@gmail.com,7983539685,Chennai,Other,29,2023-04-07
2574,Shreya Gupta,shreya.gupta405@outlook.com,+91-7008545027,Ahmedabad,Other,70,2021-09-23
2575,Isha Chopra,isha.chopra888@outlook.com,9160045663,Lucknow,Male,21,2019-05-06
2576,Amit Joshi,amit.joshi227@gmail.com,8883432372,Mumbai,Female,46,2020-08-07
2577,Meera Bansal,meera.bansal853@gmail.com,7955104459,Agra,Male,33,2020-08-03
2578,Amit Bansal,amit.bansal638@yahoo.com,8277437292,Vadodara,Other,23,2024-08-31
2579,Arjun Chopra,arjun.chopra663@yahoo.com,8739440637,Indore,Other,69,2024-07-06
2580,Deepak Patel,deepak.patel882@outlook.com,8161937339,Indore,Female,55,2024-08-21
2581,Pari Rao,pari.rao82@yahoo.com,9156505358,Bengaluru,Other,21,2022-03-28
2582,Rohan Patel,rohan.patel865@gmail.com,8813490422,Bengaluru,Other,28,2023-06-24
2583,Anjali Malhotra,anjali.malhotra454@hotmail.com,7356301836,Kolkata,Male,64,2022-06-21
2583,Anjali Malhotra,anjali.malhotra454@hotmail.com,7356301836,Kolkata,Male,64,2022-06-21
2584,,reyansh.joshi125@gmail.com,8045196813,nagpur,Male,180,2022-06-09
2585,Rahul Patel,rahul.patel784@gmail.com,7238255655,Ahmedabad,Female,53,2023-10-10
2586,Kritika Iyer,kritika.iyer914@gmail.com,9959268342,Bhopal,Other,52,2022-06-08
2587,Priya Singh,priya.singh969@outlook.com,9268891743,Surat,Male,40,2021-07-06
2588,Sanjay Verma,sanjay.verma126@gmail.com,8822103246,Kolkata,Male,44,2023-09-23
2589,Sunita Chopra,sunita.chopra377@hotmail.com,7721204909,Lucknow,Other,37,2020-06-16
2590,Aadhya Rao,aadhya.rao284@hotmail.com,7405053688,Patna,Other,69,2023-09-27
2591,Krishna Bhatt,krishna.bhatt85@rediffmail.com,9218063054,Chennai,Other,39,2022-03-08
2592,Aditya Sharma,aditya.sharma987@gmail.com,9482997685,Agra,Male,30,2024-01-27
2593,Deepak Malhotra,deepak.malhotra241@yahoo.com,+91-9912158489,Hyderabad,Other,62,2023-09-06
2594,Ishaan Verma,ishaan.verma237@hotmail.com,8865934721,Bhopal,Other,32,2023-08-10
2595,Sneha Patel,sneha.patel708@outlook.com,8917120700,Pune,Other,70,2024-07-07
2596,Amit Patel,amit.patel307@outlook.com,7579911935,Kolkata,Male,62,2019-06-02
2597,Sunita Kumar,sunita.kumar939outlook.com,8846907489,Ludhiana,Female,55,2019-08-03
2598,Sanjay Desai,sanjay.desai459yahoo.com,8506379531,Hyderabad,Male,33,2023-11-08
2599,Neha Kumar,neha.kumar170@yahoo.com,9247364095,Hyderabad,Male,64,2024-11-07
2600,Saanvi Joshi,saanvi.joshi333@hotmail.com,9824561751,Patna,Female,42,2019-11-29
2601,Pari Singh,pari.singh74@rediffmail.com,8887503159,Mumbai,Other,40,2024-09-05
2602,Ayaan Mehta,ayaan.mehta742@rediffmail.com,8447210091,Ludhiana,Female,62,2024-02-21
2603,Shreya Agarwal,shreya.agarwal705@yahoo.com,7476410920,Lucknow,Female,51,2024-03-16
2604,Pari Verma,pari.verma280@gmail.com,9793935793,Pune,Female,38,2022-03-10
2605,Vihaan Iyer,vihaan.iyer194@yahoo.com,7292443672,Chennai,Female,22,2020-06-06
2606,Aditya Malhotra,aditya.malhotra560@gmail.com,7275941368,Kolkata,Other,67,2020-03-25
2607,Rohan Bansal,rohan.bansal39@yahoo.com,9882551751,Mumbai,Male,19,2022-06-17
2608,Meera Desai,meera.desai358@yahoo.com,9455209094,Bengaluru,Other,23,2021-04-07
2609,Aditya Chopra,aditya.chopra640@yahoo.com,9932782098,Pune,Male,60,2021-11-03
2610,Sunita Iyer,sunita.iyer999@rediffmail.com,9817412225,Kanpur,Female,40,2021-06-05
2611,Sanjay Reddy,sanjay.reddy85hotmail.com,7331445740,Chennai,Female,16,2019-07-13
2612,Ananya Kapoor,ananya.kapoor794@gmail.com,9208638629,Surat,Male,35,2023-03-17
2613,Pari Chopra,pari.chopra688@rediffmail.com,9027853440,Nagpur,Female,55,2020-06-11
2614,Aditya Nair,aditya.nair915@outlook.com,+91-7202495483,Hyderabad,Female,20,2020-11-24
2615,Anika Agarwal,anika.agarwal304@rediffmail.com,7269953740,Nagpur,Other,65,2022-05-22
2616,Divya Reddy,divya.reddy611hotmail.com,8398152094,Ahmedabad,Female,55,2021-05-25
2617,Saanvi Bansal,saanvi.bansal2@hotmail.com,7749449466,Bengaluru,Male,38,2021-12-14
2618,Anjali Desai,anjali.desai74@gmail.com,9372483413,Kanpur,Female,53,2021-12-11
2619,Neha Iyer,neha.iyer138@gmail.com,7228245744,Kanpur,Female,45,2022-01-20
2620,Sneha Rao,sneha.rao383@yahoo.com,7190786246,Ludhiana,Other,65,2022-09-30
2621,Neha Mehta,neha.mehta758@gmail.com,+91-7142979057,Indore,Other,32,2024-01-04
2622,Vivaan Bansal,vivaan.bansal427@rediffmail.com,+91-9073748971,Delhi,Male,59,2023-12-17
2623,Suresh Kumar,suresh.kumar734@gmail.com,7495569948,Ahmedabad,Male,57,2019-06-17
2624,Aadhya Kapoor,aadhya.kapoor42@rediffmail.com,8549463530,Vadodara,Other,46,2024-11-02
2625,Rahul Agarwal,rahul.agarwal267outlook.com,9312559483,Mumbai,Other,43,2022-07-25
2626,Saanvi Reddy,saanvi.reddy218@rediffmail.com,8747835436,Hyderabad,Male,60,2020-09-07
2627,Kritika Gupta,kritika.gupta323gmail.com,7395616135,Nashik,Male,56,2020-07-23
2628,Kritika Chopra,kritika.chopra213@gmail.com,8066416164,Lucknow,Male,50,2022-01-03
2629,Vihaan Joshi,vihaan.joshi777@outlook.com,7087253383,Indore,Male,46,2021-09-25
2629,Vihaan Joshi,vihaan.joshi777@outlook.com,7087253383,Indore,Male,46,2021-09-25
2630,,meera.chopra714@gmail.com,8241931203,NAGPUR,Male,154,2024-09-12
2631,Anika Kumar,anika.kumar724@outlook.com,7433540554,Nashik,Male,50,2019-10-08
2632,Diya Chopra,diya.chopra329@hotmail.com,7407916022,Nagpur,Male,63,2023-08-05
2633,Ishaan Verma,ishaan.verma376@hotmail.com,9342532701,Lucknow,Other,41,2023-09-02
2634,Rohan Sharma,rohan.sharma303@hotmail.com,8229877008,Bengaluru,Female,40,2024-10-01
2635,Krishna Chopra,krishna.chopra481@yahoo.com,8466821262,Ahmedabad,Other,52,2023-09-13
2636,Aditya Singh,aditya.singh877@hotmail.com,8472996805,Patna,Female,59,2023-01-01
2637,Anika Pillai,anika.pillai456@outlook.com,9084089229,Ahmedabad,Male,59,2021-04-18
2638,Neha Nair,neha.nair913@yahoo.com,7726084332,Kolkata,Female,25,2022-08-17
2639,Kavya Kapoor,kavya.kapoor96@outlook.com,8381520122,Bengaluru,Other,66,2019-01-21
2640,Sanjay Joshi,sanjay.joshi88@outlook,8858013249,Ludhiana,Female,20,2020-06-02
2641,Vihaan Nair,vihaan.nair168@outlook.com,8243682337,Kanpur,Male,33,2022-08-29
2642,Sai Singh,sai.singh498@yahoo.com,7162407420,Indore,Male,65,2020-02-15
2643,Aditya Rao,aditya.rao272@gmail.com,9348695473,Nagpur,Male,62,2020-02-14
2643,Aditya Rao,aditya.rao272@gmail.com,9348695473,Nagpur,Male,62,2020-02-14
2644,,ayaan.singh820@yahoo.com,8126429693,SURAT,Male,181,2023-06-10
2645,Diya Kumar,diya.kumar971@outlook.com,7935801121,Mumbai,Female,25,2019-04-03
2646,Reyansh Bhatt,reyansh.bhatt209@yahoo.com,8907426211,Bhopal,Female,34,2022-06-28
2647,Sneha Bansal,sneha.bansal4@yahoo.com,+91-7149341936,Nagpur,Other,35,2021-03-07
2648,Karan Pillai,karan.pillai508@rediffmail.com,8634809747,Hyderabad,Male,29,2019-02-22
2649,Kavya Kapoor,kavya.kapoor622hotmail.com,9408595836,Jaipur,Other,17,2019-11-15
2650,Kavya Kumar,kavya.kumar256@yahoo.com,8707996515,Indore,Other,28,2023-06-29
2651,Reyansh Patel,reyansh.patel957@hotmail.com,8802408795,Kanpur,Male,24,2022-04-11
2652,Ishaan Joshi,ishaan.joshi876rediffmail.com,8403347978,Bhopal,Male,18,2024-06-02
2653,Nikhil Gupta,nikhil.gupta920@gmail.com,7795032680,Pune,Female,30,2019-05-28
2654,Kritika Desai,kritika.desai708@rediffmail.com,+91-9827571351,Vadodara,Female,54,2024-09-26
2655,Anjali Pillai,anjali.pillai217@yahoo.com,8050107787,Vadodara,Female,29,2024-01-02
2656,Ananya Kumar,ananya.kumar138@rediffmail.com,9800623201,Agra,Male,48,2019-11-18
2657,Kavya Kapoor,kavya.kapoor173@yahoo.com,7241155828,Vadodara,Other,46,2020-07-28
2658,Sanjay Agarwal,sanjay.agarwal560@gmail.com,919798048,Chennai,Female,22,2023-04-13
2659,Priya Pillai,priya.pillai608@outlook.com,9780019698,Kolkata,Female,61,2022-12-25
2660,Sneha Joshi,sneha.joshi308@outlook.com,7371691044,Nagpur,Male,63,2019-08-31
2661,Sneha Chopra,sneha.chopra368@outlook.com,9797800671,Agra,Female,17,2022-10-01
2662,Pooja Reddy,pooja.reddy422@yahoo.com,9395801888,Jaipur,Other,35,2024-05-31
2663,Anjali Gupta,anjali.gupta459@gmail.com,7995686753,Kanpur,Male,58,2022-05-21
2664,Priya Agarwal,priya.agarwal700rediffmail.com,8083224879,Indore,Other,53,2019-10-01
2665,Shreya Sharma,shreya.sharma531hotmail.com,8873335644,Bhopal,Other,21,2021-03-12
2666,Deepak Verma,deepak.verma730@yahoo.com,9379762691,Nagpur,Male,56,2023-09-02
2667,Saanvi Bhatt,saanvi.bhatt411@yahoo.com,9334356839,Nashik,Male,30,2023-06-20
2668,Arjun Nair,arjun.nair413@yahoo.com,7309240746,Pune,Male,36,2019-11-13
2669,Anika Joshi,anika.joshi256@hotmail.com,9774927309,Pune,Male,25,2023-10-27
2670,Kritika Reddy,kritika.reddy747@yahoo,8742921471,Surat,Female,24,2019-01-18
2671,Vivaan Rao,vivaan.rao763@rediffmail.com,8362409633,Hyderabad,Female,26,2019-01-07
2672,Ishaan Pillai,ishaan.pillai544@gmail.com,9993485786,Vadodara,Other,53,2020-05-17
2673,Ramesh Joshi,ramesh.joshi527@outlook.com,7512302257,Kanpur,Other,68,2022-03-31
2674,Nikhil Agarwal,nikhil.agarwal505@yahoo.com,9865482713,Nashik,Male,20,2022-07-08
2675,Diya Sharma,diya.sharma762@hotmail.com,8334243,Lucknow,Other,22,2024-11-19
2676,Krishna Chopra,krishna.chopra559@outlook.com,8386490010,Hyderabad,Other,66,2019-11-02
2677,Ramesh Joshi,ramesh.joshi768@rediffmail.com,7313214179,Surat,Male,44,2019-01-26
2678,Suresh Malhotra,suresh.malhotra732@yahoo.com,8311874174,Nagpur,Male,38,2024-08-07
2679,Myra Kumar,myra.kumar544@hotmail.com,9638041337,Bengaluru,Other,19,2021-07-21
2680,Arjun Iyer,arjun.iyer497@outlook.com,7190191751,Jaipur,Male,46,2020-09-26
2681,Divya Sharma,divya.sharma83@hotmail.com,7769344568,Nagpur,Other,46,2023-06-20
2682,Shreya Mehta,shreya.mehta979@outlook.com,7574580448,Chennai,Female,35,2020-06-27
2683,Vivaan Kumar,vivaan.kumar125@rediffmail.com,9695457049,Bhopal,Other,53,2019-04-28
2684,Arjun Joshi,arjun.joshi395@outlook.com,7507383549,Kolkata,Female,63,2022-09-08
2685,Isha Kumar,isha.kumar748@outlook.com,7334959066,Mumbai,Female,67,2024-07-08
2686,Saanvi Reddy,saanvi.reddy369@hotmail.com,8812650195,Ahmedabad,Other,43,2019-08-13
2687,Meera Bhatt,meera.bhatt537@outlook.com,7986964134,Patna,Male,35,2024-05-14
2688,Myra Iyer,myra.iyer615@hotmail.com,7808234881,Ahmedabad,Male,35,2020-02-09
2689,Ananya Pillai,ananya.pillai179@gmail.com,9616371042,Agra,Female,30,2024-11-15
2690,Myra Joshi,myra.joshi788@rediffmail.com,9960481658,Vadodara,Male,64,2020-03-01
2691,Vihaan Singh,vihaan.singh929rediffmail.com,7758281464,Bhopal,Female,37,2022-03-29
2692,Sunita Kapoor,sunita.kapoor876@hotmail.com,837503366,Kolkata,Female,61,2019-02-24
2693,Amit Reddy,amit.reddy99@rediffmail.com,7602879973,Nashik,Female,40,2019-01-22
2694,Saanvi Bansal,saanvi.bansal125@gmail.com,9116968816,Ahmedabad,Male,36,2022-06-20
2695,Rohan Pillai,rohan.pillai152@yahoo.com,8032014777,Lucknow,Male,17,2022-05-30
2696,Ayaan Bansal,ayaan.bansal121@yahoo.com,7690813412,Agra,Female,21,2024-06-26
2697,Shreya Malhotra,shreya.malhotra377@rediffmail.com,9589671423,Agra,Other,40,2022-08-25
2698,Kavya Chopra,kavya.chopra592@gmail.com,8524968,Kolkata,Male,49,2023-10-11
2699,Sunita Nair,sunita.nair867@yahoo.com,9105340591,Ludhiana,Other,59,2019-06-29
2700,Neha Sharma,neha.sharma399@outlook.com,8982682451,Ahmedabad,Female,45,2022-06-13
2700,Neha Sharma,neha.sharma399@outlook.com,8982682451,Ahmedabad,Female,45,2022-06-13
2701,,deepak.mehta538@outlook.com,7924133841,ahmedabad,Other,177,2021-07-19
2702,Krishna Gupta,krishna.gupta798@outlook.com,8402499600,Hyderabad,Male,38,2021-09-24
2703,Karan Kumar,karan.kumar387@gmail.com,9498151616,Mumbai,Other,59,2023-04-25
2704,Kavya Singh,kavya.singh483@outlook.com,9404177335,Delhi,Male,58,2020-12-28
2705,Aadhya Joshi,aadhya.joshi339@gmail.com,8916572923,Agra,Female,65,2022-05-29
2706,Sanjay Iyer,sanjay.iyer271@yahoo.com,8452220168,Delhi,Female,49,2023-08-17
2707,Amit Sharma,amit.sharma661@yahoo.com,+91-7575191519,Surat,Male,60,2024-01-07
2708,Priya Singh,priya.singh157gmail.com,9397651213,Vadodara,Female,25,2023-11-09
2709,Neha Bansal,neha.bansal178@yahoo.com,9007000904,Kanpur,Other,16,2024-10-15
2710,Anika Malhotra,anika.malhotra306@gmail.com,8534858718,Agra,Female,65,2023-02-13
2711,Myra Mehta,myra.mehta161@gmail.com,7704434372,Bengaluru,Female,39,2024-07-21
2712,Isha Verma,isha.verma953@gmail.com,7364815413,Bengaluru,Other,41,2020-07-11
2713,Amit Malhotra,amit.malhotra783@outlook.com,7922486415,Ahmedabad,Male,58,2020-09-12
2714,Kavya Pillai,kavya.pillai371@rediffmail.com,9086715419,Kolkata,Male,70,2020-12-28
2715,Ananya Kumar,ananya.kumar30@outlook.com,7401365896,Agra,Female,34,2024-12-18
2716,Suresh Chopra,suresh.chopra627@hotmail.com,8288991021,Mumbai,Male,57,2021-07-31
2717,Aditya Desai,aditya.desai415@gmail.com,8787906530,Delhi,Female,42,2020-07-01
2718,Shreya Reddy,shreya.reddy190@yahoo.com,8888438540,Nashik,Male,63,2021-05-21
2719,Meera Rao,meera.rao65@rediffmail.com,7861894763,Pune,Male,66,2023-08-31
2720,Myra Chopra,myra.chopra859@rediffmail.com,7908666466,Agra,Male,48,2023-07-03
2721,Sai Malhotra,sai.malhotra636gmail.com,9895298343,Pune,Male,62,2019-10-08
2722,Amit Sharma,amit.sharma698@yahoo.com,8248744277,Patna,Other,49,2020-11-16
2723,Nikhil Agarwal,nikhil.agarwal462@outlook.com,9338610907,Patna,Male,65,2022-08-21
2724,Meera Bansal,meera.bansal820@yahoo.com,8204013226,Mumbai,Female,50,2020-07-13
2725,Suresh Pillai,suresh.pillai81@gmail.com,8032392244,Chennai,Other,38,2024-04-29
2726,Aditya Kapoor,aditya.kapoor53@rediffmail.com,9191370702,Surat,Male,58,2019-05-04
2727,Sneha Sharma,sneha.sharma857@gmail.com,79596478,Nagpur,Female,57,2019-10-26
2728,Sneha Pillai,sneha.pillai724@rediffmail.com,7724574834,Bhopal,Other,16,2022-11-03
2729,Kritika Gupta,kritika.gupta30@gmail.com,9271633448,Ludhiana,Female,62,2021-03-06
2730,Ananya Gupta,ananya.gupta81@yahoo.com,9202116651,Pune,Male,25,2020-10-22
2731,Pari Mehta,pari.mehta180@yahoo.com,9439536697,Kanpur,Other,53,2021-01-09
2732,Vihaan Iyer,vihaan.iyer421@yahoo.com,9304756742,Hyderabad,Female,32,2020-11-24
2733,Reyansh Joshi,reyansh.joshi602@yahoo.com,7669712301,Nagpur,Male,58,2023-08-24
2734,Aarav Nair,aarav.nair800gmail.com,7946116467,Ahmedabad,Female,49,2024-10-27
2735,Diya Bhatt,diya.bhatt428@hotmail.com,9271041518,Ahmedabad,Female,25,2023-09-28
2735,Diya Bhatt,diya.bhatt428@hotmail.com,9271041518,Ahmedabad,Female,25,2023-09-28
2736,,divya.desai850@gmail.com,7729705050,lucknow,Other,176,2021-02-03
2737,Sneha Agarwal,sneha.agarwal772@rediffmail.com,+91-9371456225,Pune,Male,19,2021-05-23
2738,Aadhya Verma,aadhya.verma98@yahoo.com,8599423570,Pune,Other,66,2022-06-08
2739,Aarav Reddy,aarav.reddy169@outlook.com,8170182390,Kolkata,Male,29,2020-05-12
2740,Ananya Reddy,ananya.reddy626@hotmail,7043764249,Hyderabad,Male,39,2019-02-12
2741,Ishaan Kumar,ishaan.kumar295@hotmail.com,7787523540,Vadodara,Female,40,2023-02-03
2742,Priya Kumar,priya.kumar417@outlook.com,7247111112,Lucknow,Male,65,2019-09-13
2743,Ananya Mehta,ananya.mehta225@yahoo.com,+91-8846389868,Vadodara,Male,46,2019-12-25
2744,Vivaan Kapoor,vivaan.kapoor199@outlook.com,7198329310,Bhopal,Female,43,2021-11-21
2745,Sneha Desai,sneha.desai445@yahoo.com,9323359118,Vadodara,Male,39,2022-03-13
2746,Rohan Nair,rohan.nair515@gmail.com,91928862,Agra,Male,44,2024-07-14
2747,Deepak Bhatt,deepak.bhatt109@yahoo.com,8708097963,Patna,Other,27,2023-08-16
2748,Ayaan Bhatt,ayaan.bhatt929@gmail.com,9045814052,Nashik,Female,51,2021-07-14
2749,Nikhil Bansal,nikhil.bansal36@gmail.com,8699065276,Jaipur,Male,44,2022-05-27
2750,Diya Kumar,diya.kumar30@gmail.com,8388547961,Lucknow,Male,43,2020-10-28
2751,Pooja Chopra,pooja.chopra682@outlook.com,7803685690,Indore,Male,17,2023-07-23
2752,Pari Sharma,pari.sharma723@outlook.com,98144180,Vadodara,Other,56,2023-03-27
2753,Myra Patel,myra.patel847@rediffmail.com,9949151641,Ludhiana,Female,37,2023-09-10
2754,Reyansh Kumar,reyansh.kumar159@hotmail.com,7851358895,Ahmedabad,Other,50,2022-02-02
2755,Rahul Reddy,rahul.reddy527@yahoo.com,8948347289,Mumbai,Female,54,2021-11-13
2756,Vihaan Bhatt,vihaan.bhatt135@gmail.com,8054626187,Nagpur,Female,29,2022-01-01
2757,Ishaan Malhotra,ishaan.malhotra299@gmail.com,96473913,Pune,Male,43,2019-01-12
2758,Diya Desai,diya.desai772@hotmail.com,7251642262,Pune,Other,53,2022-08-19
2759,Ishaan Iyer,ishaan.iyer665@outlook.com,7587175428,Pune,Female,51,2020-12-29
2759,Ishaan Iyer,ishaan.iyer665@outlook.com,7587175428,Pune,Female,51,2020-12-29
2760,,karan.bhatt500@hotmail.com,8252460723,Mumb@i,Female,127,2024-11-24
2761,Divya Mehta,divya.mehta899@rediffmail.com,7921103857,Delhi,Other,30,2022-07-22
2762,Reyansh Singh,reyansh.singh700gmail.com,9667015260,Kanpur,Female,25,2019-04-01
2763,Kritika Malhotra,kritika.malhotra518@yahoo.com,9206929815,Kanpur,Male,18,2022-11-26
2764,Ramesh Kumar,ramesh.kumar577@outlook.com,7737903342,Indore,Male,46,2021-02-05
2765,Aarav Verma,aarav.verma275@hotmail.com,9205782357,Indore,Other,34,2022-08-19
2766,Sai Joshi,sai.joshi370@outlook.com,9686412774,Hyderabad,Female,19,2021-08-09
2767,Arjun Rao,arjun.rao922@yahoo.com,9573191558,Vadodara,Other,69,2021-12-12
2768,Amit Nair,amit.nair14@rediffmail.com,7443840754,Kanpur,Male,47,2022-08-01
2769,Shreya Agarwal,shreya.agarwal358@outlook.com,7260058569,Ludhiana,Female,54,2019-04-30
2770,Diya Rao,diya.rao297@outlook.com,+91-7172162461,Bengaluru,Male,38,2022-11-06
2771,Ayaan Rao,ayaan.rao401@rediffmail.com,7693171884,Vadodara,Male,50,2021-12-01
2772,Ayaan Desai,ayaan.desai580@rediffmail.com,8895949436,Kanpur,Other,64,2019-09-04
2773,Shreya Joshi,shreya.joshi870@hotmail.com,7688537321,Indore,Female,22,2021-10-22
2774,Anjali Rao,anjali.rao144@gmail.com,7786804266,Jaipur,Other,51,2024-12-10
2775,Vihaan Agarwal,vihaan.agarwal980@rediffmail,9115243870,Vadodara,Male,56,2022-07-02
2776,Anjali Kumar,anjali.kumar587@outlook.com,9894307686,Pune,Female,25,2024-04-21
2777,Amit Reddy,amit.reddy994@yahoo.com,7507175796,Patna,Female,50,2023-10-30
2778,Aadhya Chopra,aadhya.chopra117@rediffmail.com,8750458003,Bhopal,Female,34,2024-12-23
2779,Priya Patel,priya.patel936@gmail.com,9732403794,Kolkata,Female,66,2019-01-13
2780,Vivaan Singh,vivaan.singh833@yahoo.com,9919086323,Agra,Other,46,2024-11-01
2781,Meera Kumar,meera.kumar792@rediffmail.com,8586520753,Indore,Other,55,2019-03-26
2782,Vivaan Chopra,vivaan.chopra244@yahoo.com,8184614963,Surat,Other,28,2023-01-19
2783,Sai Sharma,sai.sharma553@outlook,7423230695,Chennai,Other,35,2023-08-21
2784,Aadhya Gupta,aadhya.gupta736@rediffmail.com,8503651397,Hyderabad,Female,20,2022-01-26
2785,Vivaan Kumar,vivaan.kumar196@yahoo.com,8978967995,Delhi,Male,16,2024-02-22
2786,Aarav Bhatt,aarav.bhatt565@outlook.com,8588581189,Bhopal,Male,63,2022-12-24
2787,Isha Bhatt,isha.bhatt494@hotmail.com,8934703992,Pune,Female,27,2024-03-25
2788,Sanjay Rao,sanjay.rao263@yahoo.com,7359129718,Nashik,Male,42,2022-08-13
2789,Vihaan Bansal,vihaan.bansal921@rediffmail.com,9727821754,Lucknow,Female,24,2023-07-01
2790,Vivaan Reddy,vivaan.reddy105@rediffmail.com,9534889140,Kanpur,Male,42,2020-11-15
2791,Isha Bhatt,isha.bhatt676@rediffmail.com,7436903916,Vadodara,Female,68,2020-11-29
2792,Pooja Iyer,pooja.iyer221@gmail.com,7671308146,Kanpur,Other,47,2019-12-30
2793,Ishaan Singh,ishaan.singh96@rediffmail.com,7006526788,Indore,Other,66,2019-12-27
2794,Riya Gupta,riya.gupta133@outlook.com,8994483837,Patna,Female,67,2022-10-09
2795,Neha Kumar,neha.kumar126@outlook.com,8685100351,Agra,Female,67,2019-07-17
2796,Ananya Malhotra,ananya.malhotra711rediffmail.com,7065128063,Mumbai,Other,37,2022-11-12
2797,Isha Iyer,isha.iyer826rediffmail.com,8033980043,Chennai,Other,18,2019-07-21
2798,Isha Gupta,isha.gupta258@rediffmail.com,7329501,Vadodara,Female,66,2021-10-26
2799,Anjali Gupta,anjali.gupta183@yahoo.com,7467372295,Lucknow,Other,36,2021-12-16
2799,Anjali Gupta,anjali.gupta183@yahoo.com,7467372295,Lucknow,Other,36,2021-12-16
2800,,sunita.joshi890@outlook.com,+91-8677603678,indore,Female,190,2023-10-11
2801,Vihaan Sharma,vihaan.sharma461@yahoo,9438289142,Delhi,Male,67,2020-05-18
2802,Ramesh Singh,ramesh.singh955@rediffmail,7669546242,Kanpur,Male,27,2024-03-13
2803,Priya Bansal,priya.bansal60@hotmail.com,8846009411,Nagpur,Other,17,2024-08-30
2804,Shreya Kapoor,shreya.kapoor143@gmail.com,9763432647,Hyderabad,Female,42,2021-06-28
2805,Myra Gupta,myra.gupta204@gmail.com,7673482523,Indore,Other,53,2024-02-20
2806,Myra Gupta,myra.gupta79outlook.com,9690013222,Nagpur,Other,28,2021-08-14
2807,Vihaan Nair,vihaan.nair182@yahoo.com,7852556648,Pune,Female,19,2021-03-16
2808,Ananya Bhatt,ananya.bhatt426@gmail.com,9503071420,Lucknow,Male,62,2019-01-23
2809,Reyansh Nair,reyansh.nair225@outlook.com,7273143226,Chennai,Other,55,2024-08-11
2810,Kavya Joshi,kavya.joshi62@yahoo.com,9129678826,Indore,Other,47,2022-02-23
2811,Riya Bansal,riya.bansal566@hotmail.com,8507704319,Nagpur,Other,46,2020-03-29
2812,Aditya Iyer,aditya.iyer80@rediffmail.com,7236111476,Ludhiana,Female,40,2022-08-02
2813,Aadhya Chopra,aadhya.chopra799@rediffmail.com,7349688794,Indore,Other,56,2024-06-30
2814,Ramesh Kumar,ramesh.kumar522@rediffmail.com,7137009770,Agra,Female,51,2023-07-15
2815,Vivaan Bhatt,vivaan.bhatt306@yahoo.com,9275896946,Nagpur,Male,61,2021-01-15
2816,Ishaan Mehta,ishaan.mehta198@gmail.com,9394693191,Bengaluru,Female,18,2024-10-12
2817,Sunita Iyer,sunita.iyer645@gmail,7674234730,Mumbai,Female,37,2019-09-09
2818,Suresh Patel,suresh.patel383@rediffmail.com,8010860758,Chennai,Male,24,2024-04-02
2819,Pooja Patel,pooja.patel91@outlook.com,9694044144,Ahmedabad,Male,36,2024-03-28
2820,Ananya Nair,ananya.nair515@yahoo.com,7685317093,Ahmedabad,Female,45,2023-05-02
2821,Reyansh Sharma,reyansh.sharma624@outlook.com,9370594042,Bengaluru,Male,21,2021-12-10
2822,Ananya Joshi,ananya.joshi546@outlook.com,91326841,Pune,Other,62,2022-07-03
2823,Krishna Gupta,krishna.gupta530@outlook.com,9671069366,Agra,Male,30,2024-10-30
2824,Pari Iyer,pari.iyer422@yahoo.com,9233728996,Nagpur,Male,30,2024-07-07
2825,Amit Kumar,amit.kumar826@hotmail.com,9278149503,Hyderabad,Other,49,2020-11-25
2826,Isha Bhatt,isha.bhatt998@outlook.com,8899037692,Patna,Female,69,2024-08-03
2827,Sanjay Verma,sanjay.verma908@rediffmail.com,7479093299,Ludhiana,Male,19,2020-03-25
2828,Sanjay Kumar,sanjay.kumar65@yahoo.com,7120061365,Kanpur,Female,29,2024-05-24
2829,Saanvi Kapoor,saanvi.kapoor657@rediffmail.com,7966369947,Ludhiana,Female,69,2024-02-20
2830,Krishna Rao,krishna.rao788@gmail.com,9362417281,Bengaluru,Other,32,2020-10-15
2831,Suresh Chopra,suresh.chopra470@rediffmail,9442252179,Jaipur,Other,51,2019-11-11
2832,Pari Bhatt,pari.bhatt673@yahoo.com,8461852493,Hyderabad,Other,16,2021-04-30
2833,Sanjay Chopra,sanjay.chopra863@rediffmail.com,8763696964,Ludhiana,Other,36,2019-10-04
2834,Meera Patel,meera.patel235@hotmail.com,8213184307,Jaipur,Female,51,2024-08-27
2835,Vihaan Bhatt,vihaan.bhatt693@gmail.com,7652939623,Ludhiana,Other,17,2021-05-15
2836,Ramesh Singh,ramesh.singh758@gmail.com,8965135617,Hyderabad,Male,38,2022-07-20
2836,Ramesh Singh,ramesh.singh758@gmail.com,8965135617,Hyderabad,Male,38,2022-07-20
2837,,pooja.bhatt707@outlook.com,9301929159,patna,Female,133,2020-02-15
2838,Amit Desai,amit.desai274@hotmail.com,9269527635,Surat,Male,33,2020-11-06
2839,Divya Desai,divya.desai970@outlook.com,9318334550,Nashik,Male,27,2019-10-11
2840,Aarav Kumar,aarav.kumar515@gmail.com,7242020738,Nagpur,Other,34,2024-04-03
2841,Ananya Verma,ananya.verma127@hotmail.com,9980771090,Nagpur,Female,53,2019-06-03
2842,Vihaan Rao,vihaan.rao440@rediffmail.com,9058278969,Ahmedabad,Female,32,2022-10-04
2843,Neha Gupta,neha.gupta823@outlook.com,9221949166,Ludhiana,Other,44,2021-09-14
2844,Kritika Reddy,kritika.reddy55@outlook.com,7818561802,Kanpur,Female,55,2020-11-27
2845,Suresh Verma,suresh.verma562@yahoo.com,7306574352,Ludhiana,Female,61,2024-01-13
2846,Arjun Rao,arjun.rao726@hotmail.com,+91-9867221035,Kolkata,Other,69,2019-07-15
2847,Meera Rao,meera.rao969@hotmail.com,9373386563,Kanpur,Female,21,2024-09-06
2848,,shreya.bhatt115@rediffmail.com,8058962702,Jaipur  ,Male,129,2021-06-02
2849,Pooja Desai,pooja.desai793@gmail.com,9118448138,Bhopal,Female,48,2022-04-03
2850,Nikhil Gupta,nikhil.gupta335@yahoo.com,8841311830,Pune,Other,48,2021-06-18
2851,Divya Agarwal,divya.agarwal385@outlook.com,9845346263,Nashik,Other,18,2023-02-22
2852,Ishaan Pillai,ishaan.pillai402@gmail.com,9935293350,Pune,Female,45,2022-05-14
2853,Manish Chopra,manish.chopra792@hotmail.com,8486501594,Pune,Other,19,2024-06-14
2854,Isha Agarwal,isha.agarwal339@rediffmail.com,9521395,Ludhiana,Male,45,2021-03-15
2855,Ishaan Rao,ishaan.rao532@hotmail.com,7634293345,Delhi,Female,24,2023-09-07
2856,Aarav Kumar,aarav.kumar57@rediffmail.com,7766975565,Kanpur,Female,70,2021-06-28
2857,Sai Kapoor,sai.kapoor9@outlook.com,+91-8104062499,Agra,Other,18,2019-06-26
2858,Sai Nair,sai.nair496@hotmail.com,7394033140,Nashik,Female,46,2023-03-27
2859,Neha Desai,neha.desai428@gmail.com,8337731352,Jaipur,Other,35,2019-10-05
2860,Ishaan Kumar,ishaan.kumar494outlook.com,7632840698,Hyderabad,Female,52,2022-07-07
2861,Aarav Malhotra,aarav.malhotra436@gmail.com,9431705065,Agra,Male,54,2024-05-23
2862,Priya Kumar,priya.kumar88@yahoo.com,+91-9797232925,Kanpur,Other,41,2019-02-23
2863,Kavya Patel,kavya.patel293@rediffmail.com,7309765177,Lucknow,Female,48,2021-10-14
2864,Divya Desai,divya.desai992@gmail.com,9740599519,Ludhiana,Male,32,2020-05-08
2865,Aditya Nair,aditya.nair465@hotmail.com,8600781287,Kolkata,Other,68,2019-11-19
2866,Aadhya Bhatt,aadhya.bhatt377@gmail.com,7596066910,Mumbai,Male,62,2022-03-20
2867,Pooja Gupta,pooja.gupta995@outlook.com,7109531197,Ludhiana,Male,53,2023-05-27
2868,Myra Agarwal,myra.agarwal449@hotmail.com,9487043566,Surat,Male,54,2024-05-04
2869,Nikhil Patel,nikhil.patel567outlook.com,9878737353,Patna,Female,21,2023-09-19
2870,Krishna Chopra,krishna.chopra90@rediffmail,9160308289,Ahmedabad,Other,46,2023-12-28
2871,Karan Singh,karan.singh293@rediffmail.com,9305931372,Delhi,Female,22,2022-09-03
2872,Karan Bansal,karan.bansal389@outlook.com,7712578164,Surat,Male,41,2021-02-03
2873,Manish Bhatt,manish.bhatt593@yahoo.com,8268221863,Patna,Female,21,2020-11-09
2874,Riya Iyer,riya.iyer776gmail.com,9703315109,Patna,Female,47,2024-08-20
2875,Manish Mehta,manish.mehta685@outlook.com,9802688373,Patna,Other,27,2024-10-18
2876,Pari Reddy,pari.reddy192@rediffmail.com,+91-8587187607,Nashik,Other,36,2020-05-12
2877,Saanvi Patel,saanvi.patel962@gmail,9295155433,Vadodara,Male,66,2022-04-19
2878,Vivaan Bhatt,vivaan.bhatt78@rediffmail.com,7617345325,Ahmedabad,Male,62,2022-07-25
2879,Vivaan Bansal,vivaan.bansal920@outlook.com,9167152481,Hyderabad,Male,37,2019-07-30
2880,Myra Verma,myra.verma902@gmail.com,7800435084,Ahmedabad,Male,19,2023-05-03
2881,Sai Reddy,sai.reddy800@hotmail.com,8028868283,Chennai,Male,20,2021-06-26
2882,Anika Sharma,anika.sharma400@outlook,7050469159,Vadodara,Male,23,2023-07-14
2883,Priya Sharma,priya.sharma807@gmail,7250388405,Ahmedabad,Male,65,2024-05-15
2884,Priya Agarwal,priya.agarwal855@gmail.com,9017089742,Vadodara,Other,69,2023-10-17
2885,Ramesh Pillai,ramesh.pillai734@outlook.com,7432903223,Mumbai,Other,26,2020-04-29
2886,Deepak Desai,deepak.desai472@rediffmail.com,8803481459,Bhopal,Female,31,2024-09-06
2887,Aarav Reddy,aarav.reddy757@rediffmail.com,9411527474,Indore,Other,18,2022-05-05
2888,Saanvi Iyer,saanvi.iyer538@yahoo.com,7564568798,Hyderabad,Other,19,2023-04-24
2889,Reyansh Verma,reyansh.verma282@hotmail.com,7039071187,Hyderabad,Female,34,2022-06-19
2890,,divya.mehta529rediffmail.com,7976376727,ludhiana,Male,130,2023-08-04
2891,Rohan Joshi,rohan.joshi623@hotmail.com,8973652224,Agra,Male,39,2021-09-21
2892,Krishna Iyer,krishna.iyer838@rediffmail.com,7778396089,Mumbai,Female,32,2023-06-28
2892,Krishna Iyer,krishna.iyer838@rediffmail.com,7778396089,Mumbai,Female,32,2023-06-28
2893,,diya.kumar625@rediffmail.com,8057303778,nashik,Other,183,2021-09-21
2894,Sneha Chopra,sneha.chopra762@rediffmail.com,87316863,Hyderabad,Other,69,2023-07-28
2895,Anika Kumar,anika.kumar225rediffmail.com,7133497469,Surat,Female,42,2023-10-25
2896,Pooja Bhatt,pooja.bhatt989@rediffmail.com,9957937960,Patna,Other,49,2023-07-10
2897,Ananya Agarwal,ananya.agarwal936@outlook.com,9792356921,Patna,Male,26,2019-07-31
2898,Myra Singh,myra.singh466@gmail.com,9698673151,Kanpur,Female,56,2024-05-17
2899,Vihaan Desai,vihaan.desai500gmail.com,8024869720,Nashik,Male,51,2021-11-04
2900,Krishna Mehta,krishna.mehta146@rediffmail,7818601670,Bengaluru,Female,42,2021-07-13
2901,Rohan Sharma,rohan.sharma825@outlook.com,7635239347,Surat,Female,44,2019-04-15
2902,Suresh Verma,suresh.verma354@gmail.com,9982019,Pune,Other,57,2019-06-24
2903,Sneha Singh,sneha.singh792@yahoo.com,7871711588,Hyderabad,Male,44,2024-02-05
2904,Kritika Singh,kritika.singh39@yahoo.com,8151032663,Mumbai,Other,39,2020-10-26
2905,Priya Bansal,priya.bansal70@hotmail,7485262156,Patna,Other,36,2024-03-03
2906,Deepak Kumar,deepak.kumar199@rediffmail.com,7228800125,Kolkata,Male,62,2021-12-05
2907,Saanvi Bansal,saanvi.bansal900@gmail.com,7971636997,Hyderabad,Male,20,2020-11-30
2908,Sai Gupta,sai.gupta95@rediffmail.com,9170887974,Patna,Male,39,2020-03-24
2909,Manish Rao,manish.rao294@rediffmail.com,8705747346,Bengaluru,Other,26,2021-10-02
2910,Divya Iyer,divya.iyer49@gmail,7295643268,Chennai,Other,28,2022-11-14
2911,Krishna Pillai,krishna.pillai165@yahoo.com,7038617187,Nashik,Female,52,2019-01-25
2912,Nikhil Malhotra,nikhil.malhotra271@gmail.com,8301530707,Indore,Male,45,2020-04-10
2913,Manish Kapoor,manish.kapoor549@outlook.com,7340127125,Agra,Male,28,2019-03-05
2914,Nikhil Rao,nikhil.rao671@outlook.com,8478486768,Patna,Female,59,2022-06-08
2915,Reyansh Bansal,reyansh.bansal140@rediffmail.com,7537317461,Nashik,Other,32,2021-03-19
2916,Sneha Kapoor,sneha.kapoor52@rediffmail.com,9271953949,Agra,Female,39,2023-01-30
2917,Ayaan Joshi,ayaan.joshi235@yahoo.com,8154531139,Bengaluru,Male,69,2022-02-01
2918,Amit Verma,amit.verma501@hotmail.com,8407442357,Vadodara,Female,66,2020-02-10
2919,Reyansh Mehta,reyansh.mehta389@gmail.com,7285205166,Lucknow,Male,38,2019-03-10
2920,Arjun Desai,arjun.desai848@yahoo.com,8411038346,Ludhiana,Female,53,2020-04-10
2921,Arjun Kumar,arjun.kumar979@yahoo.com,7992648163,Mumbai,Other,27,2023-04-14
2922,Diya Mehta,diya.mehta798outlook.com,8096050996,Chennai,Female,67,2021-02-19
2923,Vivaan Bhatt,vivaan.bhatt243@hotmail.com,8217792946,Nashik,Female,26,2020-12-08
2924,Aarav Sharma,aarav.sharma745@yahoo.com,9510690674,Nagpur,Female,21,2020-09-30
2925,Pooja Kumar,pooja.kumar941@hotmail.com,9370119705,Ahmedabad,Other,51,2021-09-14
2926,Ayaan Desai,ayaan.desai976@outlook.com,8035569825,Nashik,Male,27,2020-06-01
2927,,krishna.sharma963@outlook.com,8224802189,Jaipur  ,Female,145,2020-03-24
2928,Sunita Iyer,sunita.iyer499@rediffmail,7371843607,Bhopal,Other,37,2019-05-28
2929,Aarav Agarwal,aarav.agarwal923@rediffmail.com,8297540032,Vadodara,Female,51,2021-11-27
2930,Arjun Iyer,arjun.iyer249@yahoo.com,8805755214,Agra,Female,37,2022-09-24
2931,Isha Gupta,isha.gupta101@gmail.com,7185526439,Ahmedabad,Other,39,2019-03-04
2932,Pooja Singh,pooja.singh171@yahoo.com,7602721528,Chennai,Male,63,2021-01-01
2933,Amit Gupta,amit.gupta411@rediffmail.com,8719471093,Patna,Other,63,2023-10-05
2934,Myra Pillai,myra.pillai917@hotmail.com,9453347496,Lucknow,Other,40,2020-08-01
2935,Vihaan Singh,vihaan.singh24@gmail.com,8159108600,Kolkata,Other,66,2024-10-27
2936,Sunita Desai,sunita.desai236@hotmail.com,7287615623,Ahmedabad,Female,20,2020-08-29
2937,Pari Bansal,pari.bansal458@gmail.com,723795114,Kolkata,Male,22,2019-02-07
2938,Karan Patel,karan.patel349@hotmail.com,8055170145,Chennai,Female,60,2022-04-26
2939,Aarav Nair,aarav.nair970@gmail,8630687223,Jaipur,Female,58,2022-03-30
2940,Isha Reddy,isha.reddy752@hotmail.com,7845637899,Ahmedabad,Female,34,2022-07-06
2940,Isha Reddy,isha.reddy752@hotmail.com,7845637899,Ahmedabad,Female,34,2022-07-06
2941,,ayaan.sharma194@gmail.com,9630608909,chennai,Male,146,2020-08-02
2942,Karan Singh,karan.singh413@rediffmail.com,9268241885,Jaipur,Female,63,2023-12-25
2943,Aditya Kapoor,aditya.kapoor129@rediffmail.com,9508634221,Indore,Other,45,2020-07-08
2944,Pooja Agarwal,pooja.agarwal933@rediffmail.com,8002646843,Lucknow,Male,24,2019-12-09
2945,Divya Kapoor,divya.kapoor874@yahoo.com,8788510942,Ludhiana,Other,67,2024-02-04
2946,Ishaan Singh,ishaan.singh851@outlook.com,7514916811,Bhopal,Male,66,2024-05-26
2947,Karan Verma,karan.verma470@gmail.com,9677379906,Nagpur,Other,46,2024-01-21
2948,Aarav Singh,aarav.singh710@rediffmail.com,8188671970,Lucknow,Other,51,2019-04-28
2949,Riya Verma,riya.verma355@hotmail.com,8299619067,Nashik,Male,47,2024-02-09
2950,Priya Kapoor,priya.kapoor285@gmail.com,7907651192,Agra,Male,39,2021-01-25
2951,Sunita Bansal,sunita.bansal639@yahoo.com,9139081107,Pune,Other,22,2019-07-07
2952,Karan Mehta,karan.mehta705@rediffmail.com,9832060934,Nagpur,Female,67,2021-01-22
2953,Aditya Chopra,aditya.chopra191@hotmail.com,8585965888,Mumbai,Female,44,2019-01-27
2954,Saanvi Singh,saanvi.singh259@gmail.com,7213942435,Surat,Male,45,2022-05-31
2955,Aadhya Kapoor,aadhya.kapoor72@gmail.com,8877919934,Bhopal,Other,55,2021-10-17
2956,Myra Kapoor,myra.kapoor595@rediffmail.com,9706017289,Agra,Male,23,2021-05-26
2957,Saanvi Gupta,saanvi.gupta541@hotmail.com,8727712944,Bhopal,Female,19,2021-04-30
2958,Neha Verma,neha.verma846@yahoo.com,8680293217,Chennai,Other,41,2021-01-22
2959,Vihaan Rao,vihaan.rao20@yahoo.com,9443585845,Nagpur,Male,69,2021-06-19
2960,Rohan Mehta,rohan.mehta833@rediffmail.com,7622776097,Patna,Male,70,2024-10-06
2961,Sai Iyer,sai.iyer124@yahoo.com,9196668481,Nashik,Female,57,2024-09-01
2962,Pari Bhatt,pari.bhatt984@gmail.com,8704147402,Nagpur,Male,52,2022-02-01
2963,Ayaan Bansal,ayaan.bansal760@rediffmail.com,7269277372,Delhi,Female,24,2024-02-26
2964,Sneha Reddy,sneha.reddy689@rediffmail.com,8311621344,Kanpur,Other,52,2019-12-11
2965,Saanvi Singh,saanvi.singh80@rediffmail.com,9498615891,Hyderabad,Other,68,2022-09-16
2966,Vivaan Agarwal,vivaan.agarwal707@outlook.com,9008817585,Bhopal,Female,36,2022-03-15
2967,Amit Rao,amit.rao255@gmail.com,8162323014,Bengaluru,Other,45,2021-02-23
2968,Pooja Verma,pooja.verma235@gmail.com,+91-7065380104,Nagpur,Female,59,2024-02-24
2969,Nikhil Bhatt,nikhil.bhatt427@outlook.com,7361603203,Bengaluru,Other,42,2024-04-13
2970,Kavya Patel,kavya.patel492@outlook.com,8641572990,Mumbai,Female,65,2023-12-08
2971,Rohan Pillai,rohan.pillai715@gmail.com,7318912036,Agra,Male,62,2020-12-14
2972,Ananya Nair,ananya.nair638@gmail.com,8913415019,Lucknow,Female,37,2024-09-26
2973,Aadhya Patel,aadhya.patel82@rediffmail.com,7872508387,Agra,Male,65,2021-02-26
2974,Divya Pillai,divya.pillai584@rediffmail.com,7520314895,Bengaluru,Male,57,2021-04-23
2975,Rahul Rao,rahul.rao831@gmail.com,9586325595,Nashik,Other,70,2022-12-24
2976,Reyansh Agarwal,reyansh.agarwal511@yahoo.com,8258497648,Kolkata,Male,25,2023-10-23
2977,Riya Joshi,riya.joshi689@gmail.com,7837924770,Bhopal,Female,69,2023-01-19
2978,Myra Agarwal,myra.agarwal274@yahoo.com,9920602272,Surat,Other,35,2022-12-17
2979,Sai Chopra,sai.chopra227rediffmail.com,9437776501,Ahmedabad,Male,32,2021-06-15
2980,Arjun Pillai,arjun.pillai539@outlook.com,7784141840,Bhopal,Male,42,2022-07-14
2981,Ishaan Reddy,ishaan.reddy32@rediffmail.com,8892560954,Hyderabad,Female,50,2022-02-15
2982,Kavya Bhatt,kavya.bhatt664@rediffmail.com,813701471,Ludhiana,Other,18,2021-11-15
2983,Isha Agarwal,isha.agarwal662gmail.com,9356575994,Bengaluru,Other,58,2020-07-21
2984,Meera Pillai,meera.pillai817gmail.com,7243605126,Delhi,Female,61,2019-07-07
2985,Vihaan Rao,vihaan.rao85@rediffmail.com,9077799613,Pune,Other,58,2023-08-04
2986,Karan Bansal,karan.bansal736@yahoo.com,9918702347,Surat,Male,55,2022-11-13
2987,Ishaan Mehta,ishaan.mehta626@rediffmail.com,8098786167,Ahmedabad,Female,61,2024-04-07
2988,Ishaan Reddy,ishaan.reddy684@rediffmail.com,7327026014,Jaipur,Female,43,2020-11-06
2989,Krishna Kumar,krishna.kumar772@hotmail.com,9869450922,Bengaluru,Male,69,2023-03-28
2990,Reyansh Malhotra,reyansh.malhotra547@yahoo.com,+91-8395540716,Pune,Female,66,2024-01-30
2991,Amit Kumar,amit.kumar21@gmail.com,8539289396,Ahmedabad,Male,66,2021-03-19
2992,Manish Desai,manish.desai758@hotmail.com,7713127497,Ahmedabad,Other,26,2020-09-14
2993,Kritika Reddy,kritika.reddy908@rediffmail.com,8074485753,Patna,Male,47,2024-11-26
2994,Sunita Gupta,sunita.gupta244@gmail.com,8510127996,Chennai,Male,33,2019-11-12
2995,,krishna.nair21@hotmail.com,89995473,Nagpur  ,Male,145,2019-07-10
2996,Sai Singh,sai.singh147@gmail.com,+91-8889354084,Ahmedabad,Male,22,2021-01-31
2997,Shreya Rao,shreya.rao172@rediffmail.com,8192250778,Kanpur,Female,61,2021-08-27
2998,Deepak Sharma,deepak.sharma976@rediffmail.com,7460091843,Hyderabad,Female,41,2021-06-02
2999,Aditya Singh,aditya.singh447@gmail.com,8778235559,Bengaluru,Female,56,2019-12-01
3000,Sanjay Verma,sanjay.verma902@outlook.com,7344539609,Surat,Female,42,2024-01-23
3001,Reyansh Iyer,reyansh.iyer353@hotmail.com,9846442684,Bengaluru,Male,32,2019-06-25
3002,Aadhya Bhatt,aadhya.bhatt492@outlook.com,8871595765,Agra,Female,30,2024-06-24
3003,Krishna Gupta,krishna.gupta590@hotmail.com,9974160587,Indore,Male,60,2019-12-08
3003,Krishna Gupta,krishna.gupta590@hotmail.com,9974160587,Indore,Male,60,2019-12-08
3004,,saanvi.agarwal455@gmail.com,8719932687,bhopal,Female,151,2023-10-19
3005,Isha Mehta,isha.mehta843@gmail.com,+91-8419046611,Nashik,Female,56,2024-01-28
3006,Anika Patel,anika.patel22@outlook.com,7621199201,Vadodara,Male,33,2022-12-01
3007,Ishaan Patel,ishaan.patel342hotmail.com,7515476193,Vadodara,Male,62,2019-09-24
3008,Deepak Kumar,deepak.kumar530@rediffmail.com,9662745503,Pune,Female,21,2019-09-11
3009,Karan Reddy,karan.reddy552@yahoo.com,8361935237,Surat,Other,30,2021-07-20
3010,Pooja Singh,pooja.singh957@rediffmail.com,9895240302,Nagpur,Male,46,2019-11-13
3011,Aarav Rao,aarav.rao84@gmail.com,9205128,Patna,Female,40,2021-07-22
3012,Priya Agarwal,priya.agarwal550@gmail.com,7598650427,Chennai,Male,67,2019-10-17
3013,Diya Chopra,diya.chopra144@yahoo.com,7924652331,Chennai,Male,28,2024-06-08
3014,Aditya Mehta,aditya.mehta674@yahoo.com,8513716637,Agra,Male,51,2024-08-04
3015,Anjali Reddy,anjali.reddy715@yahoo.com,7448417797,Delhi,Other,58,2021-11-08
3016,Neha Kapoor,neha.kapoor230@hotmail.com,7852150002,Delhi,Male,45,2023-01-19
3016,Neha Kapoor,neha.kapoor230@hotmail.com,7852150002,Delhi,Male,45,2023-01-19
3017,,shreya.pillai26@outlook.com,8617411890,PUNE,Male,175,2021-09-03
3018,Pooja Bansal,pooja.bansal976@yahoo.com,8932470065,Bhopal,Male,19,2024-04-11
3019,Aadhya Joshi,aadhya.joshi852@rediffmail.com,7270471576,Surat,Male,28,2023-02-18
3020,Suresh Reddy,suresh.reddy397@hotmail.com,7318321909,Chennai,Male,59,2024-09-02
3021,Nikhil Rao,nikhil.rao96@gmail.com,8985081040,Nashik,Male,48,2023-01-17
3022,Suresh Singh,suresh.singh131@rediffmail.com,7464055523,Pune,Female,52,2019-09-10
3023,Diya Kumar,diya.kumar158@yahoo.com,+91-9066457297,Pune,Male,42,2021-12-24
3024,Pooja Chopra,pooja.chopra363@rediffmail.com,+91-8655466739,Bengaluru,Other,50,2024-06-04
3025,Sai Patel,sai.patel50@yahoo.com,7297870888,Lucknow,Other,40,2019-04-04
3026,Ishaan Rao,ishaan.rao88@yahoo.com,9169698737,Bengaluru,Female,17,2023-03-26
3027,Anjali Malhotra,anjali.malhotra585@hotmail.com,8360905614,Pune,Male,26,2019-12-27
3028,Sneha Joshi,sneha.joshi707@rediffmail.com,9406299441,Ludhiana,Male,16,2022-10-10
3029,Rohan Sharma,rohan.sharma75@hotmail.com,7571496057,Bhopal,Female,26,2022-07-16
3030,Sneha Verma,sneha.verma68yahoo.com,7709951169,Jaipur,Female,17,2023-07-26
3031,Vihaan Pillai,vihaan.pillai733@hotmail.com,7330353833,Pune,Other,42,2019-01-30
3032,Ramesh Bansal,ramesh.bansal56@yahoo.com,8810680795,Nashik,Female,59,2023-01-12
3033,Aditya Pillai,aditya.pillai946@outlook.com,7846866004,Agra,Male,63,2021-08-05
3034,Diya Kumar,diya.kumar856@hotmail.com,813199651,Ahmedabad,Male,35,2023-10-01
3035,Ramesh Reddy,ramesh.reddy131yahoo.com,8420665903,Mumbai,Female,40,2022-06-28
3036,Meera Nair,meera.nair27@yahoo.com,8337898143,Delhi,Female,16,2022-04-01
3037,Ananya Kapoor,ananya.kapoor124@outlook.com,9886949275,Ahmedabad,Male,55,2024-10-10
3038,Anjali Iyer,anjali.iyer234@gmail,9254344389,Vadodara,Other,64,2021-07-31
3039,Sanjay Nair,sanjay.nair699@yahoo.com,7312651819,Kolkata,Male,70,2019-12-11
3040,Diya Iyer,diya.iyer899@yahoo.com,9373405342,Delhi,Other,55,2021-06-16
3041,Ramesh Nair,ramesh.nair434@outlook.com,+91-7596334024,Surat,Other,55,2023-04-19
3042,Sai Iyer,sai.iyer143@outlook,7559073313,Kolkata,Female,41,2021-10-24
3042,Sai Iyer,sai.iyer143@outlook,7559073313,Kolkata,Female,41,2021-10-24
3043,,aarav.nair188@gmail.com,9833329883, Mumbai ,Male,200,2020-12-18
3044,Ishaan Pillai,ishaan.pillai977@hotmail.com,9032617456,Patna,Other,54,2023-07-24
3045,Sai Agarwal,sai.agarwal577@gmail.com,7603099197,Pune,Other,62,2021-06-01
3046,Sneha Malhotra,sneha.malhotra731@rediffmail.com,8254897883,Bhopal,Female,55,2022-09-26
3047,Aditya Joshi,aditya.joshi508@hotmail.com,7636901371,Ahmedabad,Other,18,2021-03-25
3048,Saanvi Malhotra,saanvi.malhotra850@yahoo.com,9718602065,Nagpur,Female,67,2024-07-05
3049,Ramesh Kapoor,ramesh.kapoor74@hotmail.com,797996840,Lucknow,Male,66,2021-04-15
3050,Aditya Sharma,aditya.sharma180@outlook.com,+91-9748067946,Delhi,Male,57,2022-06-22
3051,Suresh Singh,suresh.singh543@gmail.com,8689642866,Kolkata,Female,21,2024-11-22
3052,Kavya Gupta,kavya.gupta513@hotmail.com,7568390917,Chennai,Female,69,2024-10-06
3053,Myra Singh,myra.singh116@hotmail.com,9759425037,Ludhiana,Other,18,2024-11-28
3054,Ishaan Iyer,ishaan.iyer253@rediffmail.com,+91-7503671650,Patna,Female,41,2024-04-25
3055,Sai Desai,sai.desai622@hotmail.com,7449225957,Kanpur,Female,40,2022-08-21
3056,Meera Bansal,meera.bansal388@rediffmail.com,834523444,Pune,Male,19,2019-01-11
3057,Reyansh Bhatt,reyansh.bhatt619@yahoo.com,7990072693,Patna,Male,17,2020-07-04
3058,Ananya Bansal,ananya.bansal779@gmail.com,7705206781,Bhopal,Male,58,2020-07-28
3059,Aditya Singh,aditya.singh192@gmail.com,8481075479,Surat,Other,64,2020-01-19
3060,Sneha Kapoor,sneha.kapoor566@rediffmail.com,9505867,Kolkata,Other,28,2023-08-21
3061,Sanjay Joshi,sanjay.joshi591@yahoo.com,7003414839,Mumbai,Male,31,2021-05-16
3062,Arjun Kapoor,arjun.kapoor293@hotmail.com,9744616753,Bengaluru,Other,20,2021-04-16
3063,Suresh Singh,suresh.singh485@yahoo.com,7980251313,Kolkata,Other,67,2022-09-29
3064,Myra Joshi,myra.joshi528@outlook.com,9251046098,Pune,Female,20,2019-03-28
3065,Aadhya Malhotra,aadhya.malhotra928@hotmail.com,7559195244,Pune,Male,46,2024-11-14
3066,Ayaan Agarwal,ayaan.agarwal519@hotmail.com,7950641681,Kolkata,Male,16,2019-11-02
3067,Myra Mehta,myra.mehta379@gmail.com,7316008325,Nashik,Other,63,2022-12-12
3068,Kavya Malhotra,kavya.malhotra893@rediffmail.com,8990869884,Patna,Female,66,2024-12-15
3069,Priya Kumar,priya.kumar934@outlook.com,9106766594,Indore,Female,61,2022-08-07
3070,Ishaan Kumar,ishaan.kumar280@rediffmail.com,+91-7018424688,Agra,Female,28,2022-06-05
3071,Pooja Sharma,pooja.sharma539@hotmail.com,8297783670,Agra,Female,40,2023-02-08
3072,Ananya Agarwal,ananya.agarwal877@gmail,9321280123,Agra,Male,50,2019-12-18
3073,Rohan Pillai,rohan.pillai879@gmail.com,7042918018,Bhopal,Female,20,2019-12-18
3074,Pari Gupta,pari.gupta403@outlook.com,9259052136,Ludhiana,Other,19,2022-09-18
3075,Diya Patel,diya.patel765@hotmail.com,8797826,Pune,Other,47,2020-06-06
3076,Rahul Kapoor,rahul.kapoor551@rediffmail.com,7555401438,Lucknow,Female,20,2023-11-01
3077,Ananya Verma,ananya.verma589@outlook.com,8367272962,Nagpur,Male,69,2023-08-23
3078,Karan Chopra,karan.chopra739@hotmail.com,9210737424,Bengaluru,Female,51,2024-10-06
3079,Vihaan Kapoor,vihaan.kapoor399@outlook.com,9350050544,Vadodara,Male,18,2020-11-19
3080,Neha Nair,neha.nair875gmail.com,729417878,Nashik,Male,24,2022-02-08
3080,Neha Nair,neha.nair875gmail.com,729417878,Nashik,Male,24,2022-02-08
3081,,priya.patel553@hotmail.com,8615131970,Indore  ,Male,123,2022-08-09
3082,Reyansh Pillai,reyansh.pillai557@outlook.com,7789357503,Bengaluru,Other,70,2019-05-18
3083,Kritika Joshi,kritika.joshi788@yahoo.com,9590122617,Lucknow,Other,49,2021-08-12
3084,Kavya Bhatt,kavya.bhatt283hotmail.com,7536441687,Bhopal,Male,23,2020-01-02
3085,Nikhil Nair,nikhil.nair3@yahoo.com,9160327735,Surat,Female,60,2019-07-06
3086,Diya Singh,diya.singh115@yahoo.com,7999133220,Nagpur,Male,29,2023-10-19
3087,Rohan Reddy,rohan.reddy662@hotmail.com,8661826211,Hyderabad,Other,56,2022-04-15
3088,Ramesh Patel,ramesh.patel2@hotmail.com,+91-9592177831,Kolkata,Female,48,2024-04-06
3089,Ramesh Rao,ramesh.rao346@outlook.com,7479689388,Hyderabad,Female,43,2020-03-28
3090,Pari Kumar,pari.kumar463@gmail.com,8509331446,Pune,Female,27,2024-07-18
3091,Saanvi Desai,saanvi.desai726@hotmail.com,9025952477,Ludhiana,Female,64,2024-03-03
3092,Myra Nair,myra.nair591@rediffmail.com,9954927698,Lucknow,Other,69,2022-12-22
3093,Diya Rao,diya.rao652@gmail.com,7204295212,Ahmedabad,Male,36,2024-03-20
3094,Rahul Chopra,rahul.chopra25@hotmail.com,9628356468,Kanpur,Male,18,2024-02-28
3095,Divya Pillai,divya.pillai883@outlook.com,7586224262,Vadodara,Female,36,2019-05-28
3096,Suresh Patel,suresh.patel155@yahoo.com,9758371077,Ludhiana,Male,41,2021-05-22
3097,Shreya Mehta,shreya.mehta855@gmail.com,7992639257,Kolkata,Other,48,2022-10-19
3098,Aditya Agarwal,aditya.agarwal506@hotmail.com,8554528025,Nashik,Female,62,2024-12-25
3099,Aarav Verma,aarav.verma610@yahoo.com,8641118140,Surat,Male,52,2022-08-02
3100,Suresh Joshi,suresh.joshi771@outlook.com,9215787352,Kanpur,Other,37,2024-08-23
3101,Pari Mehta,pari.mehta854@rediffmail.com,7300666396,Mumbai,Female,64,2023-04-22
3102,Aarav Sharma,aarav.sharma771@hotmail.com,8155208768,Delhi,Other,57,2023-08-19
3103,Suresh Verma,suresh.verma653@gmail.com,8550770148,Ludhiana,Female,31,2022-06-14
3104,Aditya Nair,aditya.nair784@yahoo.com,8082939519,Surat,Female,56,2021-07-28
3105,Deepak Agarwal,deepak.agarwal443@gmail.com,9567115033,Kolkata,Male,42,2021-11-21
3106,Sanjay Verma,sanjay.verma104@rediffmail.com,9668216858,Ludhiana,Female,53,2023-01-16
3107,Kritika Joshi,kritika.joshi677@hotmail.com,8383474445,Mumbai,Female,68,2022-10-13
3108,Sai Kapoor,sai.kapoor922@hotmail.com,9279903093,Nashik,Male,63,2019-02-18
3109,Manish Pillai,manish.pillai811hotmail.com,7180180195,Chennai,Female,69,2021-02-17
3110,Sai Kapoor,sai.kapoor701@rediffmail.com,9343233166,Lucknow,Female,60,2019-11-28
3111,Diya Desai,diya.desai618@hotmail.com,7438357802,Delhi,Male,26,2022-10-01
3112,Ananya Sharma,ananya.sharma97@yahoo.com,7812847791,Hyderabad,Female,53,2023-02-13
3113,Vivaan Rao,vivaan.rao458@yahoo.com,9516331498,Agra,Female,52,2021-08-31
3114,Kavya Bansal,kavya.bansal542@yahoo.com,8590151821,Hyderabad,Female,49,2020-04-14
3115,Pooja Joshi,pooja.joshi782@gmail.com,+91-9495819743,Chennai,Female,63,2021-06-20
3116,Amit Bhatt,amit.bhatt853@rediffmail.com,8235628225,Hyderabad,Other,22,2020-10-13
3117,Ananya Rao,ananya.rao246@hotmail.com,9608756354,Jaipur,Male,33,2023-04-16
3118,Amit Desai,amit.desai336@outlook.com,9634177480,Ahmedabad,Female,30,2024-05-07
3119,Arjun Bansal,arjun.bansal85@yahoo.com,9781182305,Lucknow,Female,16,2021-09-09
3120,Kavya Bansal,kavya.bansal600@yahoo.com,7753593273,Surat,Male,21,2020-01-12
3121,Divya Verma,divya.verma464@hotmail.com,+91-7982565337,Nagpur,Female,62,2021-05-24
3122,Diya Agarwal,diya.agarwal125@rediffmail.com,8617117954,Jaipur,Male,61,2023-04-23
3123,Kavya Kapoor,kavya.kapoor389@outlook.com,7347440406,Lucknow,Female,28,2021-01-23
3124,Krishna Reddy,krishna.reddy561@rediffmail.com,8770911477,Chennai,Female,61,2024-03-24
3125,Manish Bansal,manish.bansal747@rediffmail.com,7493792244,Ahmedabad,Other,26,2019-04-27
3126,Kavya Patel,kavya.patel183@rediffmail.com,8457180468,Ahmedabad,Other,48,2022-05-02
3127,Krishna Nair,krishna.nair525@yahoo.com,7815156924,Patna,Female,66,2021-09-11
3128,Nikhil Kapoor,nikhil.kapoor192@hotmail.com,7772215633,Nagpur,Male,21,2021-04-14
3129,Divya Reddy,divya.reddy463yahoo.com,9329133348,Delhi,Male,66,2024-12-29
3130,Meera Bhatt,meera.bhatt456@outlook.com,8672332873,Indore,Female,57,2023-08-11
3131,Rahul Nair,rahul.nair617@rediffmail.com,8629299410,Chennai,Male,60,2021-04-25
3132,Divya Agarwal,divya.agarwal211@gmail.com,+91-7314156539,Surat,Other,20,2021-05-28
3133,Aditya Verma,aditya.verma39@hotmail.com,7469434946,Kolkata,Other,32,2019-06-27
3134,Meera Kumar,meera.kumar288@gmail.com,8091816160,Kolkata,Other,68,2023-10-26
3135,Pari Kumar,pari.kumar718@hotmail.com,8385494527,Nagpur,Female,70,2019-08-21
3136,Shreya Kumar,shreya.kumar411@gmail.com,7266996778,Hyderabad,Male,30,2020-02-02
3137,Vihaan Malhotra,vihaan.malhotra80@rediffmail.com,798496036,Bhopal,Other,20,2021-02-09
3138,Krishna Malhotra,krishna.malhotra410@rediffmail.com,9567167099,Mumbai,Male,57,2021-04-26
3139,Ramesh Chopra,ramesh.chopra650@outlook.com,7139976793,Nagpur,Other,26,2020-06-05
3140,Sneha Pillai,sneha.pillai457@rediffmail.com,7515305086,Pune,Male,65,2019-02-11
3141,Sanjay Bhatt,sanjay.bhatt571@hotmail.com,7065398398,Patna,Female,68,2021-04-13
3142,Riya Bhatt,riya.bhatt28@yahoo.com,+91-8605827709,Surat,Male,21,2019-11-10
3143,Sneha Reddy,sneha.reddy907@hotmail.com,9690352816,Bengaluru,Female,37,2020-02-02
3144,Ananya Agarwal,ananya.agarwal403@hotmail.com,8643663138,Pune,Male,65,2020-01-22
3145,Reyansh Sharma,reyansh.sharma780@gmail.com,8674910689,Indore,Male,16,2021-01-06
3146,Myra Patel,myra.patel902@outlook.com,9614375327,Ahmedabad,Male,69,2024-11-01
3147,,ishaan.singh92@gmail.com,9131655317,NAGPUR,Male,145,2019-12-30
3148,Sneha Rao,sneha.rao238@outlook.com,9813758119,Bengaluru,Other,56,2023-04-17
3149,Aadhya Desai,aadhya.desai898@hotmail.com,8689937985,Jaipur,Male,41,2023-10-14
3150,Pari Nair,pari.nair654@yahoo.com,9763086370,Nagpur,Female,68,2023-12-23
3151,Aadhya Singh,aadhya.singh557@outlook.com,9348948378,Bhopal,Male,46,2021-08-22
3152,Amit Singh,amit.singh348@gmail.com,9495612786,Kanpur,Female,26,2021-09-05
3153,Ayaan Reddy,ayaan.reddy647@rediffmail.com,7882096148,Delhi,Male,40,2022-04-05
3154,Ayaan Joshi,ayaan.joshi963@yahoo.com,8320077277,Jaipur,Male,21,2019-08-19
3155,Ananya Gupta,ananya.gupta650@outlook.com,7791011326,Agra,Male,53,2023-10-01
3156,Ayaan Desai,ayaan.desai925@yahoo.com,9045510107,Hyderabad,Male,47,2019-11-20
3157,Aarav Mehta,aarav.mehta689@hotmail.com,7662411671,Mumbai,Other,44,2022-07-05
3158,Sai Kumar,sai.kumar817@yahoo.com,8679626562,Pune,Female,58,2020-12-18
3159,Ramesh Patel,ramesh.patel356@hotmail.com,9768514572,Patna,Male,58,2019-03-03
3160,Meera Verma,meera.verma129@rediffmail.com,8652494488,Nagpur,Male,33,2022-07-23
3161,Suresh Desai,suresh.desai787gmail.com,8346908285,Delhi,Male,21,2021-01-03
3162,Sanjay Reddy,sanjay.reddy552@gmail.com,9235735660,Lucknow,Male,55,2023-02-08
3163,Ramesh Desai,ramesh.desai442@gmail.com,9049501002,Patna,Other,64,2021-08-24
3164,Diya Verma,diya.verma37@hotmail.com,9106404215,Bengaluru,Female,36,2024-06-20
3165,Nikhil Bhatt,nikhil.bhatt188@hotmail.com,7456854286,Bhopal,Other,37,2019-02-25
3166,Meera Sharma,meera.sharma206@gmail,8313090572,Nashik,Male,33,2022-10-10
3167,Neha Verma,neha.verma33@gmail.com,7239820783,Nashik,Other,23,2023-12-11
3168,Karan Reddy,karan.reddy332@hotmail.com,9973531666,Vadodara,Other,57,2021-10-16
3169,Aadhya Agarwal,aadhya.agarwal219@yahoo.com,9627415254,Surat,Female,37,2023-04-01
3170,Krishna Reddy,krishna.reddy452@yahoo.com,7031049212,Patna,Male,37,2020-03-15
3171,Kavya Singh,kavya.singh445@gmail.com,9697140998,Patna,Female,69,2021-09-09
3172,Priya Mehta,priya.mehta454@outlook.com,7569049219,Indore,Other,37,2019-11-16
3173,Ananya Patel,ananya.patel938@yahoo.com,+91-8025819752,Agra,Other,27,2024-07-28
3174,Anjali Kumar,anjali.kumar969outlook.com,7805316984,Nashik,Other,19,2024-10-13
3175,Nikhil Mehta,nikhil.mehta654@rediffmail.com,8816862126,Ludhiana,Male,40,2023-08-08
3176,Ishaan Iyer,ishaan.iyer208@yahoo.com,9743146123,Kanpur,Male,61,2021-03-01
3177,Kavya Kumar,kavya.kumar423@rediffmail.com,7417770026,Vadodara,Male,47,2024-03-15
3178,Ramesh Kumar,ramesh.kumar455@hotmail.com,7651073619,Pune,Female,63,2023-04-06
3179,Nikhil Singh,nikhil.singh160@gmail.com,8370344997,Patna,Male,35,2023-06-13
3180,Kavya Chopra,kavya.chopra247@yahoo.com,7758029037,Hyderabad,Other,42,2021-05-14
3181,Reyansh Mehta,reyansh.mehta363@gmail.com,7996416485,Agra,Other,40,2023-04-16
3182,Kavya Gupta,kavya.gupta235outlook.com,8989039130,Agra,Male,17,2023-07-24
3183,Meera Chopra,meera.chopra921@yahoo.com,9796814718,Indore,Other,37,2019-06-08
3184,Arjun Desai,arjun.desai193gmail.com,7753609969,Hyderabad,Other,46,2024-09-14
3185,Ayaan Singh,ayaan.singh274@yahoo.com,8356011250,Vadodara,Other,51,2022-02-12
3186,Ayaan Chopra,ayaan.chopra406@yahoo.com,8334324136,Delhi,Male,58,2024-10-29
3187,Kavya Joshi,kavya.joshi205hotmail.com,8749833881,Lucknow,Other,25,2021-06-17
3188,Deepak Nair,deepak.nair286@gmail.com,+91-7978400709,Patna,Female,50,2023-11-08
3189,Divya Sharma,divya.sharma219@rediffmail.com,9393054729,Nashik,Female,57,2019-09-11
3190,Nikhil Bansal,nikhil.bansal472@hotmail.com,71382424,Hyderabad,Female,24,2021-04-20
3191,Krishna Verma,krishna.verma265@outlook.com,8854774716,Bhopal,Female,18,2019-09-14
3192,Sanjay Desai,sanjay.desai512@outlook.com,7174470269,Surat,Other,20,2024-10-21
3193,Sunita Kumar,sunita.kumar764@yahoo.com,7024151328,Surat,Other,34,2022-11-26
3194,Sneha Agarwal,sneha.agarwal226@gmail.com,8318691200,Bengaluru,Female,50,2021-06-07
3195,Isha Kapoor,isha.kapoor227outlook.com,8336258642,Bhopal,Male,37,2020-06-08
3196,Anika Pillai,anika.pillai930@outlook.com,+91-8018385044,Nagpur,Male,53,2020-07-01
3197,Neha Bhatt,neha.bhatt649yahoo.com,8848700212,Patna,Female,31,2021-02-27
3198,Aditya Verma,aditya.verma120@gmail.com,7955833348,Mumbai,Other,41,2021-02-07
3199,Vivaan Rao,vivaan.rao136@gmail.com,9904631755,Ludhiana,Other,49,2024-05-23
3200,Ramesh Nair,ramesh.nair237rediffmail.com,7599449367,Ludhiana,Other,45,2024-05-05
3201,Deepak Sharma,deepak.sharma922@hotmail.com,7809463563,Delhi,Other,40,2021-01-01
3202,Arjun Agarwal,arjun.agarwal191@hotmail.com,8968969013,Bengaluru,Other,31,2023-10-29
3203,Anjali Malhotra,anjali.malhotra225@rediffmail.com,9868889031,Surat,Male,38,2019-11-06
3204,Arjun Agarwal,arjun.agarwal940@rediffmail.com,9136777831,Ahmedabad,Female,33,2024-07-28
3205,Anjali Gupta,anjali.gupta656@rediffmail.com,9798877120,Bhopal,Male,25,2023-08-13
3206,Ramesh Bhatt,ramesh.bhatt908@yahoo.com,8217945689,Nagpur,Other,37,2020-05-27
3207,Vivaan Verma,vivaan.verma93@gmail.com,8821137113,Lucknow,Male,28,2020-01-26
3208,Rohan Chopra,rohan.chopra703@outlook.com,9839529784,Ahmedabad,Female,54,2020-07-12
3209,Deepak Malhotra,deepak.malhotra908@yahoo.com,9646910017,Kolkata,Female,59,2021-09-26
3210,Krishna Nair,krishna.nair324@gmail.com,7297841367,Kolkata,Other,26,2019-12-23
3211,Pari Gupta,pari.gupta825@outlook.com,7151121586,Patna,Male,58,2020-01-13
3212,Ishaan Gupta,ishaan.gupta208@rediffmail.com,7970260978,Vadodara,Other,54,2019-03-19
3213,Amit Verma,amit.verma12@rediffmail.com,9891637672,Bengaluru,Female,35,2020-02-03
3214,Manish Mehta,manish.mehta238@gmail.com,8877795225,Indore,Female,27,2019-11-11
3215,Sneha Pillai,sneha.pillai959@gmail.com,7976664826,Jaipur,Other,20,2021-12-14
3216,Kritika Desai,kritika.desai26@rediffmail.com,8869868930,Delhi,Female,25,2020-08-30
3217,Diya Chopra,diya.chopra424@gmail.com,9960117488,Nashik,Female,68,2022-01-30
3218,Anika Sharma,anika.sharma182@gmail.com,8096410412,Bhopal,Male,31,2019-03-13
3219,Pooja Verma,pooja.verma902@gmail.com,7665803834,Pune,Female,16,2019-01-13
3220,Anjali Rao,anjali.rao298@gmail.com,7541602918,Kanpur,Male,18,2024-01-05
3221,Ayaan Bansal,ayaan.bansal842@gmail.com,7846156981,Bhopal,Female,68,2022-01-14
3222,Kritika Kapoor,kritika.kapoor711@yahoo.com,8239347258,Delhi,Female,17,2023-12-07
3223,Diya Malhotra,diya.malhotra301@gmail.com,9527523625,Surat,Female,38,2021-04-12
3224,Ayaan Bhatt,ayaan.bhatt417@outlook.com,9665578631,Nagpur,Female,49,2021-08-12
3225,Riya Pillai,riya.pillai470@rediffmail.com,9017087986,Agra,Other,45,2020-09-05
3226,Deepak Nair,deepak.nair999rediffmail.com,9956353623,Indore,Female,64,2023-07-31
3227,Karan Patel,karan.patel756@gmail.com,7951054691,Patna,Male,45,2023-04-05
3228,Pari Mehta,pari.mehta706@gmail.com,8611009868,Agra,Female,41,2019-06-15
3229,Sanjay Patel,sanjay.patel802@yahoo.com,7367783677,Lucknow,Other,30,2020-01-20
3230,Sai Desai,sai.desai920@outlook.com,960096443,Delhi,Male,40,2021-08-14
3231,Kavya Malhotra,kavya.malhotra979@hotmail.com,8329982955,Nashik,Female,29,2021-05-15
3232,Divya Singh,divya.singh812@hotmail.com,8710257515,Lucknow,Female,27,2019-05-13
3233,Deepak Mehta,deepak.mehta455@rediffmail.com,767886891,Lucknow,Other,49,2022-01-04
3234,Reyansh Reddy,reyansh.reddy555@yahoo.com,7986763855,Patna,Male,38,2019-02-04
3235,Divya Mehta,divya.mehta139@hotmail.com,8597299735,Vadodara,Female,38,2021-02-09
3236,Rahul Nair,rahul.nair70@gmail.com,9513191928,Jaipur,Female,22,2023-05-09
3237,Ishaan Kumar,ishaan.kumar640@outlook.com,9198359290,Vadodara,Female,67,2020-12-21
3238,Amit Nair,amit.nair791@outlook.com,8497528001,Lucknow,Female,33,2024-01-16
3239,Manish Bansal,manish.bansal676@outlook.com,9156812394,Nagpur,Female,41,2023-09-11
3240,Sanjay Chopra,sanjay.chopra459@outlook.com,8248948644,Indore,Female,51,2020-12-05
3241,Vivaan Chopra,vivaan.chopra546@hotmail.com,+91-8437344320,Ahmedabad,Other,60,2019-02-02
3242,Sunita Gupta,sunita.gupta772@yahoo.com,7157389239,Mumbai,Male,61,2019-09-18
3243,Amit Agarwal,amit.agarwal63@rediffmail,7774759581,Patna,Male,54,2023-02-11
3244,Karan Agarwal,karan.agarwal533@yahoo.com,9433406815,Agra,Female,54,2019-03-03
3245,Meera Reddy,meera.reddy67@hotmail.com,7911579631,Vadodara,Male,26,2021-09-19
3246,Rahul Singh,rahul.singh934@outlook.com,9283546928,Agra,Female,48,2024-05-11
3247,Vivaan Pillai,vivaan.pillai470@rediffmail.com,9197522373,Nashik,Female,27,2021-01-06
3248,Krishna Nair,krishna.nair138@hotmail.com,8402465961,Ahmedabad,Male,67,2023-07-16
3249,Sai Sharma,sai.sharma637@hotmail.com,9609598168,Ludhiana,Male,19,2022-10-06
3250,Aadhya Bhatt,aadhya.bhatt321@hotmail.com,9575862176,Lucknow,Male,57,2021-09-06
3251,Sunita Agarwal,sunita.agarwal532@gmail.com,7521336267,Surat,Female,52,2024-02-01
3252,Vihaan Reddy,vihaan.reddy262@gmail.com,9461613632,Vadodara,Female,47,2020-04-05
3253,Meera Mehta,meera.mehta349@outlook.com,8944766204,Indore,Other,39,2019-05-06
3254,Aadhya Agarwal,aadhya.agarwal830@hotmail.com,9551600067,Agra,Male,40,2023-06-27
3255,Nikhil Bansal,nikhil.bansal750@outlook.com,8616144730,Hyderabad,Male,42,2019-09-04
3256,Ayaan Kapoor,ayaan.kapoor493@rediffmail.com,9822108104,Bhopal,Female,19,2020-07-17
3257,Arjun Pillai,arjun.pillai33@yahoo.com,8384487771,Ahmedabad,Male,60,2020-07-10
3258,Karan Sharma,karan.sharma547@yahoo.com,8255997,Kanpur,Male,65,2021-05-30
3259,Meera Iyer,meera.iyer876@gmail.com,7749900265,Kanpur,Male,17,2020-02-13
3260,Ananya Sharma,ananya.sharma420@yahoo.com,+91-8909133035,Surat,Male,49,2021-12-25
3261,Manish Verma,manish.verma860@hotmail.com,9953002621,Lucknow,Male,43,2023-09-17
3262,Manish Rao,manish.rao495@outlook.com,9343336037,Kanpur,Male,43,2023-01-31
3263,Ananya Bhatt,ananya.bhatt776@outlook.com,8287500864,Chennai,Male,38,2020-06-08
3264,Karan Mehta,karan.mehta92@rediffmail.com,9871705519,Mumbai,Female,39,2021-01-17
3265,Shreya Singh,shreya.singh87@rediffmail.com,8675432236,Mumbai,Male,47,2024-09-07
3266,Shreya Singh,shreya.singh302yahoo.com,7210028364,Mumbai,Female,27,2023-10-21
3267,Arjun Kapoor,arjun.kapoor970@rediffmail.com,7085729766,Chennai,Other,56,2024-06-23
3268,Saanvi Verma,saanvi.verma989@hotmail.com,7916279500,Bengaluru,Other,17,2024-03-08
3269,Isha Desai,isha.desai319@outlook.com,9466471751,Bhopal,Male,36,2024-12-05
3270,Krishna Sharma,krishna.sharma859@outlook.com,9738946382,Delhi,Other,62,2019-05-01
3271,Anika Kumar,anika.kumar572@rediffmail.com,8857462258,Pune,Female,60,2023-11-18
3272,Neha Nair,neha.nair119@gmail.com,9933805457,Indore,Other,41,2024-11-17
3272,Neha Nair,neha.nair119@gmail.com,9933805457,Indore,Other,41,2024-11-17
3273,,ayaan.singh353@hotmail.com,+91-8366697662,PUNE,Male,130,2019-06-17
3274,Vivaan Chopra,vivaan.chopra623@gmail.com,8485344662,Patna,Other,61,2020-08-06
3275,Pari Singh,pari.singh984@outlook.com,9056650704,Mumbai,Other,56,2019-09-22
3276,Rohan Verma,rohan.verma762@yahoo,7381494800,Jaipur,Other,35,2023-08-10
3277,Isha Iyer,isha.iyer527@rediffmail.com,7087284862,Nagpur,Female,41,2021-12-29
3278,Suresh Malhotra,suresh.malhotra850@gmail.com,9652568519,Nagpur,Other,18,2021-11-10
3279,Rahul Bhatt,rahul.bhatt355@hotmail.com,7968713132,Vadodara,Female,62,2022-01-13
3280,Krishna Bhatt,krishna.bhatt820@rediffmail.com,9706013894,Kolkata,Other,52,2024-05-02
3281,Rahul Desai,rahul.desai916@outlook.com,8557020508,Patna,Other,69,2023-03-15
3282,Manish Kapoor,manish.kapoor42@hotmail.com,9911008734,Kolkata,Male,67,2023-04-18
3283,Neha Joshi,neha.joshi548@hotmail.com,9259167701,Agra,Female,62,2023-02-15
3284,Saanvi Desai,saanvi.desai930@yahoo.com,9641700708,Bhopal,Female,26,2024-08-19
3285,Reyansh Sharma,reyansh.sharma781@yahoo.com,7894758278,Bhopal,Female,27,2023-08-21
3286,Amit Agarwal,amit.agarwal723@outlook.com,8780792800,Chennai,Female,64,2023-02-08
3287,Ramesh Bansal,ramesh.bansal769@outlook.com,8900196861,Lucknow,Other,38,2021-04-14
3288,Nikhil Gupta,nikhil.gupta382@outlook.com,8412757603,Kolkata,Female,68,2019-07-07
3288,Nikhil Gupta,nikhil.gupta382@outlook.com,8412757603,Kolkata,Female,68,2019-07-07
3289,,ananya.mehta11@yahoo.com,7870853644,agra,Male,136,2023-11-13
3290,Divya Singh,divya.singh106@outlook.com,8760250290,Lucknow,Male,28,2024-12-30
3291,Aarav Malhotra,aarav.malhotra916@hotmail.com,8517905327,Patna,Male,48,2024-01-13
3292,Ananya Verma,ananya.verma322@rediffmail.com,7642805916,Kolkata,Other,35,2020-04-28
3293,Shreya Chopra,shreya.chopra304@hotmail.com,9584151739,Ahmedabad,Female,41,2020-07-17
3294,Manish Patel,manish.patel886@hotmail.com,7319396672,Ahmedabad,Other,34,2022-08-07
3295,Divya Chopra,divya.chopra368@yahoo.com,+91-8208747428,Kanpur,Other,61,2021-04-28
3296,Riya Reddy,riya.reddy984@yahoo.com,8522193018,Chennai,Female,68,2021-02-08
3297,Riya Desai,riya.desai234@outlook.com,812238739,Bengaluru,Female,69,2019-08-19
3298,Arjun Mehta,arjun.mehta245@gmail.com,7108255644,Hyderabad,Male,62,2024-06-15
3299,Sai Desai,sai.desai461@gmail.com,9065725191,Kanpur,Male,50,2019-08-15
3300,Neha Kapoor,neha.kapoor322@hotmail.com,9333713058,Delhi,Female,34,2020-08-07
3301,Ayaan Nair,ayaan.nair489@gmail.com,+91-9255886206,Lucknow,Female,64,2020-03-01
3302,Sanjay Bansal,sanjay.bansal226@gmail.com,7394600792,Surat,Male,40,2024-09-30
3303,Vihaan Nair,vihaan.nair545@yahoo.com,9118442314,Agra,Other,26,2024-06-23
3304,Isha Kapoor,isha.kapoor102@yahoo.com,9354197020,Pune,Male,43,2022-09-22
3305,Ramesh Gupta,ramesh.gupta768@outlook.com,7798819624,Indore,Female,70,2024-08-30
3306,Saanvi Malhotra,saanvi.malhotra762@yahoo.com,7303780149,Hyderabad,Other,23,2023-06-12
3306,Saanvi Malhotra,saanvi.malhotra762@yahoo.com,7303780149,Hyderabad,Other,23,2023-06-12
3307,,karan.verma921@gmail.com,+91-7225611916, Hyderabad ,Other,180,2021-11-28
3308,Rohan Sharma,rohan.sharma443@gmail.com,8741716862,Bengaluru,Female,46,2021-07-07
3309,Amit Kumar,amit.kumar964@outlook.com,+91-8955579520,Ahmedabad,Male,21,2022-05-14
3310,Aarav Iyer,aarav.iyer838@hotmail.com,9253419400,Mumbai,Other,18,2019-05-20
3311,Vihaan Desai,vihaan.desai759@gmail.com,8734455579,Jaipur,Female,62,2019-06-06
3312,Pari Sharma,pari.sharma572@rediffmail.com,7204230218,Vadodara,Male,55,2022-12-23
3313,Sai Pillai,sai.pillai352@outlook.com,7444723341,Kanpur,Male,52,2020-11-27
3314,Anika Kumar,anika.kumar16@yahoo.com,8746078934,Jaipur,Other,44,2019-11-01
3315,Amit Sharma,amit.sharma122@outlook.com,7142134639,Chennai,Male,31,2019-11-28
3316,Reyansh Iyer,reyansh.iyer39@outlook.com,8327728439,Indore,Other,65,2019-04-15
3317,Sai Bansal,sai.bansal188rediffmail.com,9502702635,Lucknow,Male,35,2024-11-29
3318,Krishna Joshi,krishna.joshi435@gmail.com,8108417986,Agra,Other,46,2023-04-20
3319,Ishaan Rao,ishaan.rao287@hotmail.com,7177783059,Bhopal,Male,47,2020-11-17
3320,,sai.verma823@outlook.com,9428291208,Indore,Female,170,2020-07-15
3321,Suresh Bansal,suresh.bansal745@gmail.com,7276931009,Ahmedabad,Male,36,2019-08-16
3322,Pooja Sharma,pooja.sharma759@yahoo.com,9938799197,Mumbai,Other,28,2019-03-10
3323,Pari Desai,pari.desai522@hotmail.com,7794069753,Jaipur,Male,37,2023-12-22
3324,Anjali Desai,anjali.desai960@yahoo.com,7910125942,Lucknow,Female,64,2019-05-11
3325,Saanvi Agarwal,saanvi.agarwal204@hotmail.com,8875829973,Bhopal,Female,29,2023-11-16
3326,Arjun Iyer,arjun.iyer350@outlook.com,7776460989,Nashik,Female,49,2020-04-04
3327,Vihaan Gupta,vihaan.gupta29@rediffmail.com,7031762828,Kanpur,Female,57,2019-06-04
3328,Pari Agarwal,pari.agarwal275@gmail.com,7963137238,Surat,Female,34,2022-02-18
3329,Deepak Malhotra,deepak.malhotra592@yahoo.com,+91-9760082698,Patna,Male,50,2022-08-17
3330,Sunita Mehta,sunita.mehta895@rediffmail.com,7150461292,Chennai,Male,27,2024-06-02
3331,Ishaan Joshi,ishaan.joshi913@yahoo.com,+91-8149648921,Patna,Male,59,2021-08-04
3332,Aditya Agarwal,aditya.agarwal858@hotmail.com,7639883926,Lucknow,Female,32,2019-08-10
3333,Saanvi Verma,saanvi.verma407@gmail.com,7738124762,Patna,Male,19,2019-05-29
3334,,ishaan.bansal649@outlook.com,8790268268,LUDHIANA,Female,169,2022-06-01
3335,Meera Pillai,meera.pillai603@outlook.com,8837393291,Vadodara,Other,41,2023-11-25
3336,Meera Gupta,meera.gupta40@rediffmail.com,8383448318,Lucknow,Male,68,2021-07-04
3337,,arjun.kumar533@outlook.com,9110107069, Bhopal ,Female,132,2023-09-24
3338,Reyansh Malhotra,reyansh.malhotra111@yahoo.com,9429531257,Indore,Female,43,2022-08-27
3339,Meera Nair,meera.nair926@hotmail.com,9841862984,Mumbai,Female,60,2021-10-10
3340,Diya Malhotra,diya.malhotra460@outlook.com,9364480076,Pune,Female,33,2020-11-15
3341,Aadhya Desai,aadhya.desai579@gmail.com,7605868982,Mumbai,Male,34,2021-04-17
3342,Priya Pillai,priya.pillai618@gmail.com,8435125771,Lucknow,Male,56,2023-09-18
3343,Shreya Pillai,shreya.pillai91@rediffmail.com,8962632170,Pune,Other,39,2019-02-04
3344,Arjun Kumar,arjun.kumar194@outlook.com,8909787915,Bengaluru,Male,65,2024-11-18
3345,Ananya Pillai,ananya.pillai791@gmail.com,7481531121,Surat,Other,46,2022-03-15
3346,Ishaan Pillai,ishaan.pillai112@yahoo.com,7203326249,Kanpur,Other,48,2023-11-22
3347,Myra Singh,myra.singh369@yahoo.com,8470900647,Nagpur,Other,57,2024-06-02
3348,Aditya Reddy,aditya.reddy498@gmail,7599246061,Nashik,Male,16,2023-10-09
3349,Ramesh Pillai,ramesh.pillai15@gmail.com,7028954734,Patna,Other,59,2020-10-17
3350,Priya Reddy,priya.reddy814@gmail.com,8012622730,Delhi,Male,70,2021-02-04
3351,Meera Bhatt,meera.bhatt811@rediffmail,9864804064,Indore,Other,24,2021-05-24
3352,Rohan Gupta,rohan.gupta503@outlook.com,7160355536,Delhi,Other,40,2019-08-28
3353,,amit.patel407@rediffmail.com,9576979701, Ludhiana ,Male,177,2019-05-02
3354,Karan Singh,karan.singh81@outlook.com,7401872817,Pune,Female,25,2021-05-18
3355,Aditya Joshi,aditya.joshi417@gmail.com,7937008306,Pune,Other,63,2022-02-09
3356,Saanvi Bhatt,saanvi.bhatt52@yahoo.com,9504364193,Jaipur,Female,68,2021-02-23
3357,Sunita Desai,sunita.desai951@rediffmail.com,7036700096,Pune,Female,16,2020-08-26
3358,Rohan Kapoor,rohan.kapoor149@rediffmail,8714467467,Chennai,Other,37,2021-06-30
3359,Pooja Bansal,pooja.bansal938yahoo.com,8620281829,Ludhiana,Male,52,2020-12-04
3360,Rohan Rao,rohan.rao419@yahoo.com,8605779943,Indore,Male,49,2023-11-25
3361,Saanvi Gupta,saanvi.gupta343@hotmail.com,7740510659,Patna,Other,28,2022-11-11
3362,Ananya Gupta,ananya.gupta594@yahoo.com,8345613264,Vadodara,Female,50,2022-02-16
3363,Ayaan Kumar,ayaan.kumar742@rediffmail.com,7669525759,Pune,Female,19,2023-01-18
3364,Ramesh Kapoor,ramesh.kapoor252hotmail.com,8417356254,Surat,Other,55,2021-07-24
3365,Isha Chopra,isha.chopra61yahoo.com,74283523,Kolkata,Other,70,2024-01-11
3366,Anika Bhatt,anika.bhatt869@outlook.com,8059078338,Bhopal,Female,29,2019-03-04
3367,Riya Rao,riya.rao500@outlook.com,7807531614,Pune,Other,52,2024-12-25
3368,Kritika Gupta,kritika.gupta5@yahoo.com,7461993386,Surat,Male,62,2023-10-23
3369,Vivaan Desai,vivaan.desai318@outlook.com,8290578664,Lucknow,Other,24,2024-10-03
3370,Arjun Bhatt,arjun.bhatt183@outlook.com,8255613374,Kanpur,Male,48,2020-02-07
3371,Isha Sharma,isha.sharma485@outlook.com,7103218351,Surat,Male,60,2023-04-09
3372,Karan Rao,karan.rao951@gmail.com,8096578979,Patna,Other,30,2022-10-27
3373,Sai Verma,sai.verma2@hotmail,7873708819,Lucknow,Male,35,2020-07-24
3374,Kavya Iyer,kavya.iyer202@rediffmail.com,8209362611,Kanpur,Other,69,2023-07-07
3375,Diya Kapoor,diya.kapoor327@gmail.com,9998801737,Agra,Other,31,2022-10-02
3376,Anika Bhatt,anika.bhatt560@gmail.com,7157880,Indore,Female,68,2019-04-11
3377,Krishna Singh,krishna.singh187@gmail.com,7263658819,Vadodara,Male,16,2024-05-18
3378,Aadhya Patel,aadhya.patel80@outlook.com,70138372,Patna,Female,47,2021-07-19
3379,Riya Rao,riya.rao821@outlook,9342971,Nagpur,Female,24,2019-11-14
3380,Ramesh Rao,ramesh.rao444@yahoo.com,7559276130,Mumbai,Other,53,2019-08-25
3381,Amit Agarwal,amit.agarwal532@gmail.com,8299698688,Kanpur,Female,17,2023-01-25
3382,Aarav Nair,aarav.nair158@gmail.com,8695540016,Ludhiana,Other,16,2022-08-23
3383,Vihaan Desai,vihaan.desai320@gmail.com,7217032460,Delhi,Male,21,2022-10-16
3384,Divya Iyer,divya.iyer949@hotmail.com,9848205872,Kolkata,Male,23,2022-10-17
3385,Rahul Gupta,rahul.gupta808@hotmail.com,7496577635,Lucknow,Other,52,2024-03-29
3385,Rahul Gupta,rahul.gupta808@hotmail.com,7496577635,Lucknow,Other,52,2024-03-29
3386,,karan.joshi64@hotmail.com,7510471593,Ahmed@b@d,Male,134,2020-02-08
3387,Karan Patel,karan.patel317@yahoo.com,9834113938,Surat,Other,53,2021-09-10
3388,Neha Patel,neha.patel54@hotmail.com,8574429862,Nagpur,Other,52,2019-12-28
3389,Kavya Gupta,kavya.gupta462@rediffmail.com,7646301321,Delhi,Male,57,2020-02-24
3390,Aadhya Singh,aadhya.singh191@yahoo.com,7895851285,Agra,Female,61,2019-06-19
3391,Diya Kapoor,diya.kapoor37@hotmail.com,9740098564,Nagpur,Other,56,2020-03-05
3392,Anika Gupta,anika.gupta971@outlook.com,9836847487,Chennai,Female,41,2021-08-28
3393,Kritika Bansal,kritika.bansal450@outlook.com,9206008462,Chennai,Other,28,2022-09-09
3394,Diya Iyer,diya.iyer976@outlook.com,7014053319,Bhopal,Other,41,2020-10-17
3395,Aadhya Kapoor,aadhya.kapoor212@yahoo.com,8955887975,Ludhiana,Female,69,2020-09-21
3396,Priya Kumar,priya.kumar89@outlook.com,8579878321,Kanpur,Other,28,2019-02-18
3397,Ayaan Mehta,ayaan.mehta363@outlook.com,8593360039,Pune,Other,23,2023-09-12
3398,Diya Patel,diya.patel11@yahoo.com,7753251753,Nagpur,Other,37,2024-04-02
3399,Ananya Bansal,ananya.bansal944@gmail.com,7167548506,Kolkata,Female,44,2020-04-25
3400,Aditya Malhotra,aditya.malhotra624@hotmail.com,7389033264,Vadodara,Other,37,2020-11-18
3401,Myra Sharma,myra.sharma406@outlook.com,7801625184,Jaipur,Female,31,2021-08-22
3402,Ayaan Malhotra,ayaan.malhotra34@hotmail.com,9783334372,Ahmedabad,Male,35,2021-03-20
3403,Riya Malhotra,riya.malhotra348@rediffmail.com,9138785042,Vadodara,Female,20,2023-10-11
3404,Reyansh Chopra,reyansh.chopra830@hotmail.com,7409011712,Bhopal,Male,66,2019-10-07
3405,Aditya Patel,aditya.patel403@gmail.com,7653674203,Indore,Female,31,2021-08-25
3406,Aadhya Singh,aadhya.singh210@yahoo.com,9510039624,Ahmedabad,Male,28,2019-03-14
3407,Kavya Rao,kavya.rao699@gmail.com,9370931700,Hyderabad,Male,38,2023-10-12
3408,Aditya Pillai,aditya.pillai403@gmail.com,8178990886,Indore,Male,46,2022-09-24
3409,Sai Agarwal,sai.agarwal161@hotmail,8342304193,Mumbai,Other,67,2024-07-17
3410,Kritika Reddy,kritika.reddy35@yahoo.com,+91-8628072292,Indore,Other,61,2020-08-01
3411,Divya Reddy,divya.reddy291@rediffmail,7727841120,Kanpur,Female,18,2024-11-18
3412,Aarav Gupta,aarav.gupta4@gmail.com,7029154611,Nagpur,Other,56,2024-09-14
3413,Manish Rao,manish.rao211@yahoo.com,840381737,Patna,Other,23,2020-05-04
3414,Rohan Gupta,rohan.gupta553@outlook.com,7541441926,Delhi,Female,34,2022-12-11
3415,Saanvi Chopra,saanvi.chopra756@yahoo.com,+91-7830219228,Chennai,Other,29,2021-03-12
3416,Suresh Iyer,suresh.iyer506@gmail.com,8946706554,Bhopal,Other,26,2022-11-29
3417,Diya Iyer,diya.iyer491@outlook.com,9169956079,Vadodara,Male,28,2023-12-06
3418,Ananya Joshi,ananya.joshi16@outlook.com,8536214120,Chennai,Male,29,2019-05-02
3419,Ayaan Mehta,ayaan.mehta213@hotmail.com,8046624422,Bhopal,Male,44,2024-03-23
3420,Ayaan Bhatt,ayaan.bhatt810@hotmail.com,7751845440,Bhopal,Other,46,2023-12-28
3421,Riya Iyer,riya.iyer153@yahoo.com,8292621681,Surat,Female,17,2021-05-07
3422,Suresh Verma,suresh.verma402@yahoo.com,8960648130,Ahmedabad,Other,60,2024-03-23
3423,Aadhya Kapoor,aadhya.kapoor114@gmail.com,9812622957,Nashik,Other,37,2023-05-08
3424,Karan Sharma,karan.sharma784@rediffmail.com,9803549402,Kolkata,Male,68,2019-08-29
3425,Reyansh Patel,reyansh.patel388@gmail.com,9355500858,Agra,Other,56,2023-09-20
3426,Ananya Joshi,ananya.joshi159@gmail.com,8474950643,Kolkata,Female,33,2023-06-29
3427,Riya Mehta,riya.mehta182@outlook.com,8903926601,Lucknow,Other,60,2023-11-08
3427,Riya Mehta,riya.mehta182@outlook.com,8903926601,Lucknow,Other,60,2023-11-08
3428,,sneha.bhatt953@gmail.com,8811954859,kanpur,Female,183,2019-07-15
3429,Ramesh Reddy,ramesh.reddy207@outlook.com,8359635801,Nashik,Male,26,2024-09-21
3430,Aditya Chopra,aditya.chopra744@rediffmail.com,8330593185,Indore,Male,22,2023-01-11
3431,Aarav Chopra,aarav.chopra713@hotmail.com,7088300540,Patna,Other,33,2022-01-11
3431,Aarav Chopra,aarav.chopra713@hotmail.com,7088300540,Patna,Other,33,2022-01-11
3432,,diya.malhotra919@yahoo.com,8419794113, Bhopal ,Other,126,2022-10-23
3433,Sneha Bhatt,sneha.bhatt769@outlook.com,9758398441,Nagpur,Male,34,2020-02-04
3434,Aarav Kumar,aarav.kumar374@yahoo.com,7417396230,Nagpur,Male,24,2019-12-28
3435,Ishaan Pillai,ishaan.pillai951@rediffmail.com,8449194654,Nashik,Female,40,2024-06-03
3436,Anika Nair,anika.nair957@hotmail.com,7057289562,Vadodara,Male,58,2023-03-30
3437,Riya Verma,riya.verma961@outlook.com,9130329235,Lucknow,Male,35,2021-04-23
3438,Sai Nair,sai.nair251@hotmail.com,8021464638,Bengaluru,Male,61,2023-03-01
3439,Pooja Patel,pooja.patel331@outlook.com,795102555,Vadodara,Male,27,2022-09-09
3440,Neha Verma,neha.verma612@rediffmail.com,8029864207,Pune,Female,21,2022-06-28
3441,Reyansh Nair,reyansh.nair409@hotmail.com,8984392351,Nashik,Other,54,2020-06-26
3442,Anjali Kumar,anjali.kumar376@yahoo.com,7151608227,Nashik,Female,60,2023-01-22
3443,Arjun Pillai,arjun.pillai71@hotmail.com,7716945258,Patna,Male,56,2021-02-21
3444,Nikhil Kapoor,nikhil.kapoor702@rediffmail.com,9339155259,Nagpur,Male,57,2024-01-21
3445,Sanjay Iyer,sanjay.iyer423@gmail.com,+91-8936415180,Kolkata,Male,36,2020-07-15
3446,Aditya Iyer,aditya.iyer86@gmail.com,7445273499,Indore,Male,24,2020-12-06
3447,Suresh Mehta,suresh.mehta49@outlook.com,9986348688,Bengaluru,Female,27,2022-11-11
3448,Ayaan Iyer,ayaan.iyer751@yahoo.com,9684716071,Surat,Male,49,2020-02-19
3449,Neha Gupta,neha.gupta115@gmail.com,8351056648,Mumbai,Other,52,2020-04-25
3449,Neha Gupta,neha.gupta115@gmail.com,8351056648,Mumbai,Other,52,2020-04-25
3450,,anjali.singh49@hotmail.com,+91-7189094236, Bengaluru ,Male,131,2021-08-31
3451,Anjali Verma,anjali.verma131@rediffmail.com,8608128552,Nagpur,Other,26,2023-01-07
3452,Neha Joshi,neha.joshi357@gmail.com,7645177608,Chennai,Other,17,2023-10-24
3453,Vihaan Chopra,vihaan.chopra339@yahoo.com,9154648322,Hyderabad,Female,39,2020-10-29
3454,Sneha Joshi,sneha.joshi633@outlook.com,9493682436,Delhi,Other,32,2019-06-07
3455,Sneha Patel,sneha.patel26@yahoo.com,8201492950,Patna,Male,23,2024-09-12
3456,Suresh Agarwal,suresh.agarwal280@outlook.com,7337491600,Kanpur,Female,39,2020-12-30
3457,Deepak Rao,deepak.rao501@hotmail.com,9306292883,Mumbai,Other,20,2023-12-18
3457,Deepak Rao,deepak.rao501@hotmail.com,9306292883,Mumbai,Other,20,2023-12-18
3458,,sanjay.desai426@hotmail.com,7275767169, Delhi ,Other,150,2020-01-01
3459,Saanvi Rao,saanvi.rao708@rediffmail.com,7833073414,Jaipur,Other,69,2019-10-14
3460,Aditya Agarwal,aditya.agarwal864@hotmail.com,9863648656,Kolkata,Female,67,2020-02-28
3461,Nikhil Singh,nikhil.singh558@rediffmail.com,7547699497,Hyderabad,Male,23,2019-07-06
3462,Sai Bhatt,sai.bhatt444@rediffmail.com,8882757486,Bhopal,Female,48,2024-03-18
3463,Myra Verma,myra.verma38@gmail.com,7821697299,Kanpur,Male,17,2023-02-04
3464,Sai Bansal,sai.bansal102@outlook.com,8930597242,Agra,Other,22,2022-10-15
3465,Karan Pillai,karan.pillai330@rediffmail.com,8862191590,Nashik,Female,53,2024-03-02
3466,Vihaan Iyer,vihaan.iyer917@hotmail.com,8730600636,Chennai,Other,40,2021-12-03
3467,Aarav Agarwal,aarav.agarwal271@outlook.com,7552148611,Ludhiana,Male,68,2024-03-19
3468,Sai Pillai,sai.pillai65@outlook.com,8242956426,Bhopal,Male,23,2019-04-14
3469,Isha Desai,isha.desai687@rediffmail.com,7665132498,Bengaluru,Female,28,2021-05-18
3470,Sunita Joshi,sunita.joshi761@hotmail.com,9563480791,Vadodara,Male,55,2024-02-24
3470,Sunita Joshi,sunita.joshi761@hotmail.com,9563480791,Vadodara,Male,55,2024-02-24
3471,,riya.gupta294@yahoo.com,9501712795,AHMEDABAD,Other,162,2024-10-01
3472,Kritika Sharma,kritika.sharma326@rediffmail.com,8788392351,Pune,Female,63,2021-09-17
3473,Pari Desai,pari.desai936@rediffmail.com,7665270092,Agra,Female,28,2019-06-09
3474,Anjali Kapoor,anjali.kapoor184@gmail.com,7740781630,Kanpur,Other,18,2023-08-18
3475,Aarav Desai,aarav.desai884@gmail.com,7594810313,Jaipur,Female,21,2023-10-11
3476,Anika Sharma,anika.sharma348@outlook.com,+91-9348143925,Hyderabad,Female,22,2024-06-22
3477,Ayaan Kumar,ayaan.kumar404@hotmail.com,+91-7174550152,Ludhiana,Female,20,2020-01-18
3478,Sneha Bhatt,sneha.bhatt832@yahoo.com,9116486415,Ludhiana,Female,58,2023-02-07
3479,,aarav.verma72@outlook.com,8554711919,BENGALURU,Other,140,2020-03-11
3480,Anika Mehta,anika.mehta204@hotmail.com,9129198381,Chennai,Other,58,2023-10-20
3481,Pari Gupta,pari.gupta844@outlook.com,7200573854,Agra,Other,32,2024-03-24
3482,Rohan Singh,rohan.singh925@hotmail.com,7050365375,Vadodara,Male,27,2019-05-24
3483,Karan Malhotra,karan.malhotra611@outlook.com,8989935462,Agra,Female,16,2023-07-04
3484,Nikhil Mehta,nikhil.mehta391@rediffmail.com,7835832418,Delhi,Other,19,2024-05-31
3485,Rahul Mehta,rahul.mehta938@gmail.com,7705960150,Chennai,Other,42,2023-10-24
3486,Priya Agarwal,priya.agarwal513@yahoo.com,9667551502,Mumbai,Male,32,2024-01-09
3487,Aditya Rao,aditya.rao566@hotmail.com,9836867334,Bhopal,Male,53,2019-03-16
3488,Reyansh Pillai,reyansh.pillai602@yahoo.com,9851708225,Vadodara,Male,42,2024-08-14
3489,Neha Rao,neha.rao634@outlook.com,7548232419,Delhi,Female,28,2020-01-10
3490,Vivaan Bansal,vivaan.bansal680@yahoo.com,8133722879,Mumbai,Other,56,2024-02-27
3491,Rahul Verma,rahul.verma492@rediffmail.com,9646033048,Bhopal,Male,20,2020-12-13
3492,Diya Reddy,diya.reddy22@gmail,+91-7279940816,Hyderabad,Male,45,2020-05-01
3493,Vihaan Agarwal,vihaan.agarwal962@hotmail.com,7199680955,Kolkata,Male,50,2020-03-17
3494,Meera Verma,meera.verma988@yahoo.com,9162282530,Indore,Male,70,2023-07-30
3495,Kritika Sharma,kritika.sharma254@rediffmail.com,9088373621,Lucknow,Male,50,2024-09-25
3496,Arjun Pillai,arjun.pillai580@rediffmail.com,8084552218,Bengaluru,Female,43,2024-07-01
3497,Manish Joshi,manish.joshi455@gmail,9428665316,Surat,Other,50,2023-01-26
3498,Manish Joshi,manish.joshi932@gmail.com,8039267949,Kolkata,Other,47,2019-10-11
3499,Arjun Joshi,arjun.joshi707rediffmail.com,7983514964,Ludhiana,Male,29,2024-06-22
3500,Amit Agarwal,amit.agarwal664@hotmail.com,8360574150,Kolkata,Female,19,2020-04-07
3501,Priya Desai,priya.desai866@yahoo.com,8659863826,Mumbai,Female,52,2023-01-15
3502,Amit Malhotra,amit.malhotra569@yahoo.com,8602963332,Nagpur,Female,59,2021-11-07
3503,Shreya Bansal,shreya.bansal496@yahoo.com,9120485409,Bhopal,Other,54,2020-12-10
3504,Sneha Nair,sneha.nair657@hotmail.com,9690610085,Ahmedabad,Other,67,2019-01-30
3505,Krishna Mehta,krishna.mehta560@outlook.com,+91-7506991086,Hyderabad,Male,38,2022-02-17
3506,Anjali Verma,anjali.verma660@rediffmail.com,7533369195,Agra,Male,57,2024-07-11
3507,Isha Kapoor,isha.kapoor440@hotmail.com,9315917810,Delhi,Male,46,2022-03-08
3507,Isha Kapoor,isha.kapoor440@hotmail.com,9315917810,Delhi,Male,46,2022-03-08
3508,,ayaan.singh629@gmail.com,9327850999, Lucknow ,Other,196,2023-10-28
3509,Riya Gupta,riya.gupta887rediffmail.com,7678910001,Vadodara,Female,67,2019-07-15
3510,Meera Kumar,meera.kumar730@yahoo.com,7501412633,Vadodara,Other,59,2023-01-31
3511,Manish Bansal,manish.bansal242@outlook.com,8842040242,Kanpur,Male,19,2019-01-22
3511,Manish Bansal,manish.bansal242@outlook.com,8842040242,Kanpur,Male,19,2019-01-22
3512,,meera.bansal57@gmail.com,9780732120, Kolkata ,Other,180,2022-06-01
3513,Diya Malhotra,diya.malhotra149@outlook.com,9930211832,Lucknow,Male,62,2019-12-03
3514,Pari Gupta,pari.gupta999@rediffmail.com,90867139,Kanpur,Other,42,2023-06-16
3515,Reyansh Bansal,reyansh.bansal545yahoo.com,9048591523,Vadodara,Male,66,2024-01-25
3516,Meera Pillai,meera.pillai428@rediffmail.com,7782663692,Bhopal,Female,17,2019-07-07
3517,Ayaan Malhotra,ayaan.malhotra146@hotmail.com,8636772994,Surat,Female,52,2022-12-09
3518,Ramesh Bhatt,ramesh.bhatt713@outlook.com,8519695789,Patna,Female,57,2023-01-16
3519,Shreya Bansal,shreya.bansal983@hotmail.com,7066558133,Mumbai,Female,22,2020-12-07
3520,Manish Pillai,manish.pillai73@gmail.com,7398947737,Bhopal,Other,21,2019-02-02
3521,Myra Desai,myra.desai485@rediffmail.com,8114882654,Delhi,Male,45,2020-05-05
3522,Rahul Kapoor,rahul.kapoor917@gmail.com,7281763267,Kolkata,Other,64,2020-06-09
3523,Deepak Malhotra,deepak.malhotra737@yahoo.com,9847341503,Delhi,Other,59,2021-09-23
3524,Ramesh Malhotra,ramesh.malhotra555@outlook,9697068707,Kolkata,Female,19,2021-03-29
3525,Shreya Rao,shreya.rao515@gmail.com,7960304260,Nashik,Female,24,2020-01-07
3526,Krishna Malhotra,krishna.malhotra731@yahoo.com,+91-9473347178,Nagpur,Male,25,2022-12-04
3527,Ananya Rao,ananya.rao10@outlook.com,9186549348,Nashik,Other,18,2024-06-11
3528,Suresh Verma,suresh.verma670@yahoo.com,7886945887,Ludhiana,Other,26,2023-05-09
3529,Aarav Kapoor,aarav.kapoor794@yahoo.com,7526235789,Kanpur,Other,27,2021-04-17
3530,Aarav Sharma,aarav.sharma896@outlook.com,8932357480,Indore,Other,26,2024-01-13
3531,Ishaan Nair,ishaan.nair579@gmail.com,8086431351,Indore,Female,23,2020-02-11
3532,Isha Rao,isha.rao289@yahoo.com,8106957998,Bengaluru,Female,65,2021-07-28
3533,Rahul Iyer,rahul.iyer787@outlook.com,7951800398,Hyderabad,Female,59,2024-02-19
3534,Pari Singh,pari.singh58@rediffmail.com,7229329243,Patna,Male,53,2020-07-31
3535,Shreya Patel,shreya.patel858@gmail.com,7659877895,Nagpur,Other,31,2023-03-09
3536,Nikhil Kumar,nikhil.kumar675@outlook.com,9058824668,Vadodara,Male,54,2021-06-06
3537,Anjali Bhatt,anjali.bhatt57@hotmail.com,7809946409,Kolkata,Other,47,2021-02-23
3538,Anjali Bansal,anjali.bansal261@yahoo.com,747606666,Kolkata,Other,22,2021-04-09
3539,Reyansh Rao,reyansh.rao825@rediffmail.com,9933958383,Hyderabad,Male,38,2023-09-11
3540,Priya Agarwal,priya.agarwal513@rediffmail.com,7170690647,Ludhiana,Male,63,2023-04-30
3541,Neha Kumar,neha.kumar48@outlook.com,8934728377,Bengaluru,Male,50,2019-11-02
3542,Pari Joshi,pari.joshi155@rediffmail.com,7032899747,Patna,Female,48,2024-08-29
3543,Aadhya Joshi,aadhya.joshi482@outlook.com,9065695286,Surat,Female,28,2024-11-09
3544,Anjali Malhotra,anjali.malhotra32@outlook.com,7379854,Indore,Female,24,2024-07-20
3545,Saanvi Bhatt,saanvi.bhatt593@gmail.com,8634895237,Delhi,Other,16,2022-03-11
3546,Saanvi Joshi,saanvi.joshi91@rediffmail.com,9467406666,Bengaluru,Other,64,2024-07-12
3547,Priya Patel,priya.patel582@gmail.com,7015432,Patna,Male,33,2019-09-08
3548,Krishna Mehta,krishna.mehta289@gmail,7295121620,Surat,Male,33,2022-05-30
3549,Neha Verma,neha.verma952@outlook.com,8030906571,Nagpur,Other,25,2024-02-17
3550,Amit Malhotra,amit.malhotra727@hotmail.com,8611424469,Pune,Male,54,2022-08-22
3551,Shreya Pillai,shreya.pillai599gmail.com,9444273344,Chennai,Other,37,2023-04-04
3552,Sneha Reddy,sneha.reddy228@yahoo.com,9016641172,Ludhiana,Female,41,2022-07-02
3553,Riya Reddy,riya.reddy523@outlook,7301449319,Hyderabad,Other,49,2019-11-06
3554,Anika Kapoor,anika.kapoor459@rediffmail.com,9154234872,Hyderabad,Other,68,2023-11-09
3555,Divya Joshi,divya.joshi254@hotmail.com,7403841704,Agra,Male,24,2022-06-03
3556,Ishaan Kapoor,ishaan.kapoor712@rediffmail.com,8297280755,Pune,Other,22,2022-12-30
3557,Ramesh Kapoor,ramesh.kapoor134@outlook.com,7403293038,Indore,Female,33,2022-05-01
3558,Sunita Iyer,sunita.iyer196hotmail.com,9399327224,Chennai,Female,25,2022-03-17
3559,Shreya Kapoor,shreya.kapoor745@gmail.com,9786741786,Kolkata,Female,28,2022-11-13
3560,Meera Joshi,meera.joshi189@outlook.com,8046901301,Bhopal,Male,49,2024-04-14
3561,Meera Agarwal,meera.agarwal428@hotmail.com,8805767588,Bengaluru,Male,66,2023-05-24
3562,,reyansh.verma599@rediffmail.com,7849975056, Ludhiana ,Female,184,2021-02-02
3563,Isha Bansal,isha.bansal878@rediffmail.com,7753137261,Kolkata,Other,55,2022-10-31
3564,Priya Iyer,priya.iyer870@outlook.com,9261679676,Agra,Other,68,2023-12-19
3565,Suresh Pillai,suresh.pillai787@yahoo.com,7606224900,Indore,Other,41,2021-08-03
3566,Diya Reddy,diya.reddy355@yahoo.com,8858641609,Hyderabad,Male,38,2020-03-11
3567,Reyansh Joshi,reyansh.joshi273yahoo.com,9951588079,Hyderabad,Female,67,2023-02-15
3568,Sunita Bhatt,sunita.bhatt854@yahoo.com,7586789912,Nagpur,Female,65,2021-08-25
3569,Aadhya Agarwal,aadhya.agarwal966@hotmail,8964909150,Indore,Female,28,2024-02-20
3570,Anika Malhotra,anika.malhotra573@outlook.com,8757764303,Lucknow,Female,44,2024-10-21
3571,Myra Bhatt,myra.bhatt721@hotmail.com,8682016781,Ahmedabad,Male,18,2022-06-12
3572,Riya Patel,riya.patel502@gmail.com,8200862297,Nagpur,Other,58,2021-01-22
3573,Priya Patel,priya.patel385@gmail.com,7769479676,Delhi,Male,47,2022-02-02
3574,Divya Patel,divya.patel992@rediffmail.com,7201447804,Jaipur,Female,35,2020-08-11
3575,Riya Pillai,riya.pillai724@hotmail.com,8252837677,Delhi,Male,46,2024-12-19
3576,Priya Nair,priya.nair701@outlook.com,9031534392,Bhopal,Male,33,2022-04-15
3577,Diya Kapoor,diya.kapoor232outlook.com,7315344973,Chennai,Other,47,2023-10-25
3578,Karan Iyer,karan.iyer671@hotmail.com,8616214293,Mumbai,Male,24,2024-02-05
3578,Karan Iyer,karan.iyer671@hotmail.com,8616214293,Mumbai,Male,24,2024-02-05
3579,,shreya.nair101@hotmail.com,9175862,BENGALURU,Other,188,2024-11-24
3580,Sai Desai,sai.desai471@yahoo.com,9732264948,Indore,Female,59,2021-07-06
3581,Deepak Gupta,deepak.gupta958@hotmail.com,8475390594,Ludhiana,Female,29,2023-07-15
3582,Diya Bansal,diya.bansal181yahoo.com,8325838554,Pune,Male,51,2021-01-30
3583,Nikhil Sharma,nikhil.sharma776hotmail.com,9745003628,Bengaluru,Female,66,2021-10-05
3584,Diya Singh,diya.singh809yahoo.com,7599864494,Indore,Other,49,2019-03-17
3585,Amit Verma,amit.verma866@outlook.com,7897148404,Kolkata,Female,24,2023-08-14
3585,Amit Verma,amit.verma866@outlook.com,7897148404,Kolkata,Female,24,2023-08-14
3586,,saanvi.chopra869@gmail.com,7777949353, Mumbai ,Female,123,2020-11-10
3587,Priya Gupta,priya.gupta959@outlook.com,9341004052,Delhi,Female,61,2022-03-02
3588,Pari Rao,pari.rao868@yahoo.com,7800327249,Patna,Male,57,2023-10-06
3589,Vihaan Joshi,vihaan.joshi901@hotmail.com,9189928973,Patna,Other,50,2023-08-24
3589,Vihaan Joshi,vihaan.joshi901@hotmail.com,9189928973,Patna,Other,50,2023-08-24
3590,,kritika.singh920@rediffmail.com,9869118959,HYDERABAD,Male,167,2024-03-28
3591,Ramesh Bansal,ramesh.bansal936@yahoo.com,7019112171,Jaipur,Other,40,2019-03-11
3592,Reyansh Desai,reyansh.desai426@outlook.com,7401413031,Surat,Male,44,2022-11-02
3593,Sanjay Reddy,sanjay.reddy728@outlook,9629630646,Indore,Other,27,2020-09-02
3594,Anika Agarwal,anika.agarwal94@yahoo.com,7717458060,Lucknow,Other,24,2021-01-04
3595,Sunita Sharma,sunita.sharma166@gmail.com,+91-9458966561,Patna,Other,22,2019-05-13
3596,Reyansh Chopra,reyansh.chopra310yahoo.com,8248771946,Surat,Male,30,2020-07-09
3597,Aarav Patel,aarav.patel631@hotmail.com,9393510218,Patna,Male,20,2024-08-08
3598,Divya Verma,divya.verma735@outlook.com,9624165308,Nashik,Female,31,2023-02-24
3599,Ananya Patel,ananya.patel119@rediffmail.com,8386909499,Mumbai,Male,28,2024-04-19
3600,Priya Verma,priya.verma522@outlook.com,9733230686,Kolkata,Female,63,2023-10-23
3600,Priya Verma,priya.verma522@outlook.com,9733230686,Kolkata,Female,63,2023-10-23
3601,,ishaan.rao951@gmail.com,8439109355, Patna ,Other,163,2022-09-16
3602,Reyansh Iyer,reyansh.iyer545@gmail.com,+91-7353292761,Indore,Male,34,2023-02-19
3603,Reyansh Chopra,reyansh.chopra113@rediffmail.com,7109556868,Mumbai,Other,33,2024-01-19
3604,Sai Rao,sai.rao77@hotmail.com,8773873780,Nagpur,Female,67,2019-07-30
3605,Arjun Joshi,arjun.joshi523hotmail.com,8692785764,Bengaluru,Female,48,2024-12-22
3606,Aditya Iyer,aditya.iyer964@gmail.com,9711036395,Vadodara,Male,43,2020-01-04
3607,Ayaan Mehta,ayaan.mehta90@hotmail.com,8401553520,Hyderabad,Female,60,2020-06-22
3608,Saanvi Bhatt,saanvi.bhatt637@hotmail.com,8688720192,Mumbai,Other,52,2021-05-16
3609,Diya Verma,diya.verma124@rediffmail.com,9514995422,Nashik,Male,33,2024-03-30
3610,Reyansh Desai,reyansh.desai4@hotmail.com,8988052626,Agra,Male,62,2020-12-19
3611,Anika Gupta,anika.gupta854@yahoo.com,7376315452,Bengaluru,Male,67,2022-07-18
3612,Rahul Singh,rahul.singh747@hotmail.com,7950304911,Mumbai,Female,22,2020-10-31
3613,Ramesh Patel,ramesh.patel599@rediffmail.com,7418780912,Surat,Other,30,2022-04-10
3614,Priya Singh,priya.singh828@yahoo.com,8873905376,Agra,Other,69,2024-03-20
3615,Sneha Joshi,sneha.joshi891@yahoo.com,+91-9848634456,Nagpur,Other,28,2021-08-30
3616,Amit Iyer,amit.iyer246@hotmail.com,7575001129,Pune,Male,66,2023-07-27
3617,Ayaan Bhatt,ayaan.bhatt352@yahoo.com,7890170489,Jaipur,Female,41,2022-02-01
3618,Suresh Kumar,suresh.kumar475@hotmail.com,9492017694,Bengaluru,Female,52,2021-09-08
3619,Reyansh Desai,reyansh.desai827@outlook.com,9809258360,Nagpur,Other,64,2020-12-15
3620,Isha Patel,isha.patel302@outlook.com,9649955985,Kolkata,Other,36,2021-04-16
3621,Sai Bansal,sai.bansal204@hotmail.com,7474784559,Nagpur,Other,16,2024-07-06
3622,Sanjay Chopra,sanjay.chopra148@yahoo.com,7129287515,Nagpur,Female,58,2023-10-24
3623,Arjun Patel,arjun.patel137@gmail.com,7574922583,Ludhiana,Male,70,2021-07-29
3624,Ishaan Verma,ishaan.verma317@gmail.com,8563288231,Nashik,Male,30,2022-10-04
3625,Karan Desai,karan.desai429@yahoo.com,7043193726,Surat,Male,16,2023-09-15
3626,Kritika Pillai,kritika.pillai417@gmail.com,9592983274,Vadodara,Female,63,2023-10-17
3627,Karan Iyer,karan.iyer455@yahoo.com,7903759396,Vadodara,Other,31,2023-09-30
3628,Shreya Patel,shreya.patel480@rediffmail.com,7319418,Agra,Other,20,2021-04-18
3629,Deepak Gupta,deepak.gupta268@rediffmail.com,770056594,Lucknow,Female,26,2022-01-06
3630,Kritika Reddy,kritika.reddy18@gmail.com,+91-8555804196,Kolkata,Female,58,2019-07-02
3631,Sanjay Agarwal,sanjay.agarwal666@gmail.com,9144007757,Delhi,Male,35,2022-10-22
3632,Deepak Bansal,deepak.bansal844@yahoo.com,9136202588,Ahmedabad,Female,18,2022-05-22
3633,Deepak Pillai,deepak.pillai34@outlook.com,8085500545,Patna,Male,37,2023-06-30
3633,Deepak Pillai,deepak.pillai34@outlook.com,8085500545,Patna,Male,37,2023-06-30
3634,,vihaan.patel517@outlook.com,8857638026,N@shik,Male,133,2019-12-18
3635,Kritika Sharma,kritika.sharma104@outlook.com,9333284389,Kolkata,Other,65,2021-06-27
3636,Saanvi Bansal,saanvi.bansal193@hotmail.com,9314622463,Nashik,Female,45,2021-07-04
3637,Deepak Pillai,deepak.pillai730@yahoo.com,9616861799,Pune,Other,40,2024-07-29
3638,Nikhil Chopra,nikhil.chopra865@outlook.com,7356557096,Surat,Other,57,2019-08-04
3639,Ayaan Kumar,ayaan.kumar43@yahoo.com,8731993348,Patna,Male,58,2021-12-16
3640,Reyansh Bhatt,reyansh.bhatt860@rediffmail.com,7351672305,Agra,Other,18,2022-08-06
3641,Arjun Malhotra,arjun.malhotra449@hotmail.com,9801286016,Kolkata,Other,16,2020-11-05
3642,Aarav Bansal,aarav.bansal495@outlook.com,9651337856,Ahmedabad,Other,57,2022-11-20
3643,Vivaan Kapoor,vivaan.kapoor541@gmail.com,7844943023,Ludhiana,Female,26,2020-12-02
3644,Riya Sharma,riya.sharma963@yahoo.com,8145015134,Ludhiana,Female,47,2023-01-15
3645,Ananya Rao,ananya.rao806@rediffmail.com,9164297180,Kanpur,Male,32,2023-05-11
3646,Sneha Kumar,sneha.kumar635@outlook.com,7822035079,Delhi,Other,40,2021-09-11
3647,Aditya Agarwal,aditya.agarwal292@rediffmail.com,8066683715,Pune,Female,45,2023-11-04
3648,Aditya Malhotra,aditya.malhotra841@yahoo.com,7954704048,Mumbai,Male,17,2020-05-06
3649,Rahul Gupta,rahul.gupta925@rediffmail.com,8580486129,Mumbai,Female,20,2023-10-27
3650,Kavya Kapoor,kavya.kapoor255@yahoo.com,8165912979,Hyderabad,Male,45,2023-04-19
3651,Shreya Reddy,shreya.reddy905@hotmail.com,7322012374,Bengaluru,Male,43,2021-07-17
3652,Neha Gupta,neha.gupta273@outlook.com,8089729694,Pune,Other,36,2021-08-09
3653,Anika Chopra,anika.chopra275@hotmail.com,7814328704,Kolkata,Female,30,2024-04-28
3654,Vivaan Gupta,vivaan.gupta625@yahoo.com,9308548117,Ahmedabad,Female,31,2021-02-24
3655,Amit Nair,amit.nair659@hotmail.com,+91-9425196057,Pune,Male,36,2024-01-22
3656,Myra Kumar,myra.kumar205@hotmail.com,8851335871,Mumbai,Male,24,2019-12-01
3657,Anika Bansal,anika.bansal180@gmail.com,9570252311,Bengaluru,Other,66,2021-07-16
3658,Neha Chopra,neha.chopra139@yahoo.com,9550881516,Ludhiana,Other,64,2023-07-04
3659,Rahul Rao,rahul.rao623@yahoo.com,7415526515,Ludhiana,Male,57,2024-05-24
3660,Isha Pillai,isha.pillai596@hotmail.com,7030909766,Kanpur,Male,55,2020-12-27
3661,Kavya Rao,kavya.rao727@rediffmail.com,7184757613,Agra,Other,31,2024-06-11
3662,Anjali Joshi,anjali.joshi951@yahoo.com,8644009508,Indore,Female,43,2023-09-23
3662,Anjali Joshi,anjali.joshi951@yahoo.com,8644009508,Indore,Female,43,2023-09-23
3663,,sai.kumar173@rediffmail.com,7082096917,pune,Male,192,2023-07-17
3664,Shreya Sharma,shreya.sharma759@outlook.com,8370421435,Bhopal,Other,37,2023-02-09
3664,Shreya Sharma,shreya.sharma759@outlook.com,8370421435,Bhopal,Other,37,2023-02-09
3665,,pooja.kapoor39outlook.com,9635638166, Pune ,Other,165,2023-06-17
3666,Diya Singh,diya.singh575@gmail.com,9939242248,Kolkata,Other,51,2021-07-05
3667,Rohan Bansal,rohan.bansal850hotmail.com,8274377597,Kanpur,Other,16,2023-07-08
3668,Divya Agarwal,divya.agarwal206yahoo.com,9864641847,Nagpur,Male,57,2022-10-18
3669,Nikhil Chopra,nikhil.chopra126@yahoo,7778292698,Nashik,Other,18,2021-05-09
3670,Aadhya Chopra,aadhya.chopra71@rediffmail.com,7427629350,Kolkata,Male,32,2021-06-22
3671,Anika Bhatt,anika.bhatt851@outlook.com,9179292930,Jaipur,Female,63,2021-02-15
3672,Ramesh Pillai,ramesh.pillai142@hotmail.com,9547738790,Agra,Female,37,2023-05-19
3673,Myra Iyer,myra.iyer439@outlook.com,7985857249,Ludhiana,Female,51,2022-08-16
3674,Ishaan Pillai,ishaan.pillai396@gmail.com,8142173052,Surat,Other,37,2021-07-02
3675,Suresh Kapoor,suresh.kapoor156@yahoo.com,7353915694,Hyderabad,Other,35,2019-07-25
3676,Arjun Singh,arjun.singh982hotmail.com,9609230242,Kanpur,Male,55,2022-07-02
3677,Anjali Singh,anjali.singh635@outlook.com,9090376811,Jaipur,Male,52,2023-07-10
3678,Kritika Nair,kritika.nair328@hotmail.com,9683314317,Delhi,Female,49,2019-02-25
3679,Shreya Reddy,shreya.reddy566@hotmail.com,9810172539,Kolkata,Other,19,2023-12-24
3680,Suresh Kumar,suresh.kumar719@rediffmail.com,9439274518,Surat,Male,27,2023-09-29
3681,Diya Bhatt,diya.bhatt851@yahoo.com,8240410226,Vadodara,Male,37,2019-07-14
3682,Shreya Sharma,shreya.sharma241@outlook.com,9642316076,Mumbai,Female,51,2021-04-22
3683,Kavya Patel,kavya.patel984@outlook.com,9842891599,Nashik,Male,70,2023-07-02
3684,Krishna Singh,krishna.singh794@yahoo.com,8096049438,Vadodara,Male,42,2020-04-03
3685,Sai Chopra,sai.chopra413@rediffmail.com,9139468384,Ahmedabad,Other,50,2024-01-25
3686,Anika Joshi,anika.joshi938@rediffmail.com,9855039671,Kolkata,Male,32,2024-04-05
3687,Pari Singh,pari.singh998@gmail.com,8297892605,Ludhiana,Male,20,2023-11-06
3688,Aadhya Verma,aadhya.verma222@gmail.com,7484906941,Indore,Other,39,2021-11-15
3689,Shreya Gupta,shreya.gupta527@rediffmail.com,8342848132,Bhopal,Other,22,2023-12-10
3690,Aadhya Patel,aadhya.patel713@gmail.com,7962133159,Bhopal,Other,48,2021-11-09
3691,Anika Pillai,anika.pillai655@hotmail.com,+91-9067841688,Vadodara,Male,61,2024-04-04
3692,Ramesh Patel,ramesh.patel657@yahoo,7786145320,Vadodara,Other,29,2020-07-05
3693,Diya Joshi,diya.joshi72@gmail.com,9175727757,Bengaluru,Male,25,2024-07-05
3694,Kritika Gupta,kritika.gupta699@outlook.com,7799421226,Surat,Male,23,2022-04-29
3695,Ayaan Nair,ayaan.nair51@yahoo.com,9625578895,Ludhiana,Male,69,2022-07-08
3696,Isha Sharma,isha.sharma8@yahoo.com,+91-9994196106,Ludhiana,Other,33,2020-01-20
3697,Reyansh Chopra,reyansh.chopra143@rediffmail.com,9506958930,Agra,Female,49,2023-03-09
3698,Suresh Nair,suresh.nair126@gmail,9607574142,Nashik,Other,65,2021-09-16
3699,Deepak Chopra,deepak.chopra731@gmail.com,9279158592,Delhi,Male,19,2021-06-17
3700,Ayaan Desai,ayaan.desai988@hotmail.com,9727155592,Nagpur,Female,54,2019-01-25
3701,Priya Malhotra,priya.malhotra69@rediffmail.com,8649431330,Lucknow,Other,51,2024-10-13
3702,Nikhil Desai,nikhil.desai160@gmail.com,7999365063,Ahmedabad,Female,64,2024-10-12
3703,Diya Kapoor,diya.kapoor912@gmail.com,9373951075,Bhopal,Female,47,2024-03-18
3704,Anjali Bhatt,anjali.bhatt940@rediffmail.com,7531325184,Hyderabad,Male,54,2024-05-17
3705,Pooja Sharma,pooja.sharma749@gmail.com,+91-8309314757,Bhopal,Male,17,2020-07-23
3706,Ananya Patel,ananya.patel121@gmail.com,7271286276,Nagpur,Other,22,2024-01-27
3707,Diya Reddy,diya.reddy922@hotmail.com,9552055465,Bengaluru,Female,36,2024-02-11
3708,Reyansh Bansal,reyansh.bansal642hotmail.com,9129391697,Chennai,Female,69,2020-09-11
3709,Deepak Joshi,deepak.joshi141@hotmail.com,8876981167,Nagpur,Female,27,2024-11-24
3710,Ishaan Nair,ishaan.nair814@rediffmail.com,7595373869,Mumbai,Male,41,2023-11-25
3711,Kritika Gupta,kritika.gupta402@hotmail.com,7626849609,Patna,Other,62,2020-08-23
3712,Ananya Chopra,ananya.chopra819@rediffmail.com,9652719369,Chennai,Other,37,2022-07-03
3712,Ananya Chopra,ananya.chopra819@rediffmail.com,9652719369,Chennai,Other,37,2022-07-03
3713,,arjun.sharma765@outlook.com,8503292337,LUCKNOW,Male,153,2021-09-27
3714,Neha Joshi,neha.joshi410@yahoo.com,+91-7622249252,Bengaluru,Male,56,2022-12-09
3715,Sanjay Sharma,sanjay.sharma371@gmail.com,7997603109,Indore,Other,32,2024-03-31
3716,Vihaan Pillai,vihaan.pillai283@outlook.com,8341324255,Bhopal,Other,61,2021-06-29
3717,Aditya Bansal,aditya.bansal926@outlook.com,9865777836,Vadodara,Female,38,2023-12-20
3718,Anjali Sharma,anjali.sharma628@rediffmail.com,8801564522,Jaipur,Male,52,2021-10-14
3719,Vivaan Iyer,vivaan.iyer714@outlook.com,7290546037,Delhi,Male,50,2022-02-19
3720,Sneha Singh,sneha.singh620@outlook.com,7566494423,Pune,Other,69,2019-07-30
3721,Rohan Kumar,rohan.kumar951@hotmail.com,8207111196,Kanpur,Female,20,2022-05-26
3722,Ananya Verma,ananya.verma432@outlook.com,8024146769,Chennai,Male,37,2021-07-28
3723,Ramesh Joshi,ramesh.joshi496@outlook.com,9305303557,Nashik,Other,50,2021-01-05
3724,Arjun Singh,arjun.singh823@yahoo.com,8617132,Patna,Other,41,2021-02-04
3725,Vihaan Singh,vihaan.singh866@hotmail.com,9671869056,Jaipur,Male,21,2023-11-02
3726,Aadhya Iyer,aadhya.iyer484@hotmail.com,8153330564,Patna,Female,64,2022-01-23
3727,Shreya Mehta,shreya.mehta457@hotmail.com,9823318462,Hyderabad,Female,52,2020-09-30
3728,Ananya Malhotra,ananya.malhotra305@hotmail.com,9185929389,Jaipur,Male,32,2023-11-21
3729,Saanvi Kumar,saanvi.kumar463@yahoo.com,8852230734,Lucknow,Male,27,2022-07-05
3730,Neha Nair,neha.nair400@yahoo.com,8858436532,Ahmedabad,Female,24,2022-07-07
3731,Nikhil Malhotra,nikhil.malhotra506@outlook.com,9425552242,Ahmedabad,Other,61,2024-06-23
3732,Divya Iyer,divya.iyer682@hotmail.com,7857670393,Kanpur,Female,28,2021-12-25
3733,Sneha Agarwal,sneha.agarwal780@hotmail.com,8479929576,Lucknow,Male,56,2023-09-23
3734,Aarav Kapoor,aarav.kapoor266@rediffmail.com,7256757981,Indore,Other,22,2021-01-29
3735,Manish Pillai,manish.pillai791@gmail.com,8186090845,Nashik,Female,69,2023-09-07
3736,Pari Joshi,pari.joshi826@outlook.com,8163629753,Kolkata,Other,27,2019-12-22
3737,Ayaan Sharma,ayaan.sharma768@rediffmail.com,8298277692,Mumbai,Other,34,2020-04-17
3738,Ayaan Kumar,ayaan.kumar726@rediffmail.com,8600667156,Bengaluru,Male,19,2020-03-26
3739,Pari Chopra,pari.chopra505@outlook.com,8625197100,Nagpur,Other,30,2022-04-29
3740,Rahul Agarwal,rahul.agarwal636@hotmail.com,9411406963,Jaipur,Female,24,2023-11-06
3741,Anjali Verma,anjali.verma71@rediffmail.com,8055233609,Nashik,Other,31,2019-01-11
3742,Isha Kumar,isha.kumar191@gmail.com,7130930617,Patna,Female,35,2024-10-04
3743,Deepak Patel,deepak.patel246@gmail.com,9777532654,Delhi,Male,20,2023-05-27
3744,Pari Rao,pari.rao877gmail.com,8855404697,Patna,Female,69,2024-01-28
3745,Sanjay Mehta,sanjay.mehta81@rediffmail.com,7008723751,Bengaluru,Other,69,2024-05-09
3746,Vivaan Pillai,vivaan.pillai235@gmail.com,9344254117,Kolkata,Male,39,2023-01-01
3747,Sai Patel,sai.patel837@hotmail.com,9466144702,Patna,Other,30,2019-09-28
3748,Ananya Malhotra,ananya.malhotra153@yahoo.com,7521818927,Nagpur,Other,70,2022-08-16
3749,Rahul Singh,rahul.singh11@rediffmail.com,8083702770,Hyderabad,Other,20,2024-06-05
3750,Shreya Rao,shreya.rao129@gmail.com,7684067849,Nashik,Female,44,2021-10-29
3751,Amit Kumar,amit.kumar231@yahoo.com,7759282817,Ahmedabad,Other,51,2024-03-09
3752,Aditya Rao,aditya.rao675@rediffmail.com,8968504224,Bengaluru,Male,47,2022-11-17
3753,Sanjay Agarwal,sanjay.agarwal634@hotmail.com,+91-9893519859,Delhi,Male,47,2024-03-10
3754,Ayaan Iyer,ayaan.iyer486@gmail.com,8870977966,Patna,Female,22,2022-12-26
3755,Aadhya Reddy,aadhya.reddy482@outlook.com,7183851340,Vadodara,Female,25,2020-11-18
3756,Arjun Bansal,arjun.bansal825@hotmail.com,7213142717,Nashik,Male,65,2023-03-03
3757,Vihaan Reddy,vihaan.reddy920@hotmail,8627997941,Surat,Male,16,2019-09-04
3758,Diya Pillai,diya.pillai653@yahoo.com,8720419482,Mumbai,Other,45,2019-06-18
3759,Rahul Sharma,rahul.sharma996@outlook.com,9376311689,Nagpur,Female,40,2024-08-18
3760,Sunita Singh,sunita.singh346@gmail.com,8675549236,Mumbai,Other,61,2019-11-08
3761,Sneha Nair,sneha.nair923@outlook.com,711403234,Ahmedabad,Male,51,2020-01-06
3762,Diya Joshi,diya.joshi173@hotmail.com,9924230417,Surat,Male,64,2022-11-13
3763,Rohan Verma,rohan.verma67yahoo.com,7015206838,Pune,Female,46,2020-01-30
3764,Ramesh Kapoor,ramesh.kapoor892@yahoo.com,7831888,Jaipur,Other,70,2020-04-07
3765,Riya Gupta,riya.gupta769@gmail.com,742216825,Chennai,Male,21,2021-12-27
3766,Pooja Agarwal,pooja.agarwal482@yahoo.com,8462502738,Kolkata,Other,20,2019-11-06
3766,Pooja Agarwal,pooja.agarwal482@yahoo.com,8462502738,Kolkata,Other,20,2019-11-06
3767,,priya.sharma769@yahoo.com,8092188771,Bhopal  ,Female,122,2021-07-29
3768,Karan Agarwal,karan.agarwal496@gmail.com,8078053925,Bengaluru,Other,25,2019-07-15
3769,Kritika Agarwal,kritika.agarwal862@gmail.com,7408580523,Jaipur,Female,62,2021-03-06
3770,Kritika Chopra,kritika.chopra70yahoo.com,9494827703,Bhopal,Male,70,2021-10-09
3771,Arjun Verma,arjun.verma27@gmail.com,8542671849,Ludhiana,Female,61,2024-06-03
3772,Pari Mehta,pari.mehta413@hotmail.com,9739366893,Hyderabad,Other,33,2022-06-23
3773,Ananya Verma,ananya.verma500@outlook.com,9988598381,Ludhiana,Male,50,2023-07-23
3774,Anika Sharma,anika.sharma168@rediffmail,7171498898,Lucknow,Female,43,2024-07-05
3775,Rohan Mehta,rohan.mehta769@rediffmail.com,8745080325,Hyderabad,Female,49,2019-07-23
3776,Sneha Pillai,sneha.pillai398@rediffmail.com,7261261009,Nagpur,Male,28,2023-11-10
3777,Rohan Desai,rohan.desai365@gmail.com,7564971721,Surat,Female,30,2020-11-27
3778,Sunita Joshi,sunita.joshi44@outlook.com,7150694079,Kolkata,Female,64,2022-02-02
3779,Manish Nair,manish.nair707@outlook.com,9083196503,Bengaluru,Male,62,2024-04-26
3780,Meera Kumar,meera.kumar376@yahoo.com,9088121039,Indore,Female,43,2021-07-11
3781,Sneha Nair,sneha.nair434yahoo.com,+91-7214684709,Lucknow,Other,16,2024-10-04
3782,Pari Desai,pari.desai878@gmail.com,7781707059,Mumbai,Male,29,2020-11-02
3783,Deepak Chopra,deepak.chopra897@rediffmail.com,7514125650,Nagpur,Female,59,2022-11-11
3784,Krishna Chopra,krishna.chopra16@rediffmail.com,8416902752,Kolkata,Other,51,2019-05-02
3785,Arjun Rao,arjun.rao5@rediffmail.com,8606613,Surat,Female,70,2023-05-11
3786,Saanvi Kumar,saanvi.kumar333gmail.com,7080113156,Kanpur,Other,22,2019-01-22
3787,Manish Agarwal,manish.agarwal448@hotmail.com,8928766355,Mumbai,Male,29,2023-04-22
3788,Neha Gupta,neha.gupta319@hotmail.com,+91-9827192587,Ahmedabad,Other,28,2023-11-10
3789,Anika Bhatt,anika.bhatt671@yahoo.com,9626778347,Lucknow,Other,27,2022-07-11
3790,Ramesh Verma,ramesh.verma611@hotmail.com,8373982663,Bengaluru,Male,44,2022-07-20
3791,Meera Agarwal,meera.agarwal171@outlook.com,9768788969,Vadodara,Male,60,2022-01-13
3792,Riya Malhotra,riya.malhotra872@yahoo.com,8733101315,Indore,Male,44,2022-04-02
3793,Anika Joshi,anika.joshi219@rediffmail.com,8473020643,Kanpur,Other,70,2024-02-03
3794,Aditya Verma,aditya.verma338@yahoo.com,+91-7637405161,Mumbai,Male,70,2022-01-10
3795,Rahul Verma,rahul.verma373@yahoo.com,7555059019,Ahmedabad,Male,39,2020-08-13
3796,Riya Kapoor,riya.kapoor674@gmail.com,8558604582,Vadodara,Female,38,2022-10-02
3797,Shreya Nair,shreya.nair88@outlook.com,7948412,Chennai,Other,61,2024-06-19
3798,Nikhil Gupta,nikhil.gupta384@hotmail.com,7019280177,Jaipur,Male,25,2022-04-25
3799,Diya Kapoor,diya.kapoor184@hotmail,8987699014,Kanpur,Other,40,2020-08-18
3800,Priya Reddy,priya.reddy125@gmail,8376750444,Indore,Other,46,2020-10-18
3801,Saanvi Reddy,saanvi.reddy650@yahoo.com,9370977689,Hyderabad,Male,23,2021-01-21
3802,Diya Desai,diya.desai694@gmail.com,8668367764,Nashik,Female,32,2021-02-08
3803,Arjun Verma,arjun.verma323@hotmail.com,7518710656,Surat,Other,62,2021-01-24
3804,Kritika Malhotra,kritika.malhotra105@outlook.com,+91-9804635424,Kolkata,Male,48,2020-08-01
3805,Pooja Reddy,pooja.reddy404@gmail.com,+91-8407991547,Kanpur,Female,25,2021-10-21
3806,Priya Singh,priya.singh264@yahoo.com,7566674803,Indore,Male,22,2022-03-12
3807,Anika Chopra,anika.chopra5@gmail.com,85238964,Lucknow,Male,68,2024-09-07
3807,Anika Chopra,anika.chopra5@gmail.com,85238964,Lucknow,Male,68,2024-09-07
3808,,pari.agarwal753@gmail.com,9356669507,bhopal,Male,182,2019-02-20
3809,Shreya Singh,shreya.singh102@yahoo.com,9341063839,Ahmedabad,Female,51,2020-05-12
3810,Riya Gupta,riya.gupta628@rediffmail.com,9048986745,Mumbai,Male,20,2021-11-28
3810,Riya Gupta,riya.gupta628@rediffmail.com,9048986745,Mumbai,Male,20,2021-11-28
3811,,pooja.joshi85@rediffmail.com,8529574648,chennai,Other,173,2024-05-25
3812,Neha Patel,neha.patel180@yahoo.com,7352607106,Bengaluru,Female,66,2021-05-13
3813,Ishaan Sharma,ishaan.sharma586@hotmail.com,8211837091,Nashik,Male,47,2023-01-14
3814,Reyansh Sharma,reyansh.sharma908@outlook.com,9533405629,Patna,Other,51,2023-03-29
3815,Suresh Bansal,suresh.bansal486@gmail,7389876250,Patna,Female,38,2022-10-04
3816,Amit Agarwal,amit.agarwal856@yahoo,9127954793,Indore,Other,31,2023-07-02
3817,Neha Iyer,neha.iyer423@outlook.com,9461972769,Kanpur,Male,17,2022-07-14
3818,Shreya Bansal,shreya.bansal269@rediffmail.com,+91-7577715473,Kanpur,Other,68,2022-09-12
3819,Manish Kapoor,manish.kapoor62@hotmail.com,8688822834,Surat,Male,70,2024-06-03
3820,Meera Verma,meera.verma645@outlook.com,9654657373,Chennai,Male,62,2023-10-19
3821,Ishaan Pillai,ishaan.pillai449@rediffmail.com,8955928277,Ahmedabad,Male,32,2020-03-26
3822,Pooja Joshi,pooja.joshi183@gmail.com,9643052161,Chennai,Other,46,2019-12-07
3823,Manish Sharma,manish.sharma732@outlook.com,7563339153,Nashik,Female,43,2024-01-12
3824,Vivaan Kumar,vivaan.kumar796@outlook.com,7216989093,Agra,Other,51,2020-09-02
3825,Anjali Joshi,anjali.joshi275@outlook.com,8056229597,Jaipur,Female,63,2022-09-14
3826,Manish Bhatt,manish.bhatt290@hotmail.com,8692652019,Pune,Female,46,2024-04-03
3827,Priya Verma,priya.verma307@hotmail.com,7137761166,Patna,Female,29,2022-07-15
3828,Anjali Sharma,anjali.sharma602@outlook.com,9526003158,Jaipur,Male,63,2023-06-10
3829,Divya Mehta,divya.mehta666@outlook.com,7351650356,Surat,Other,62,2020-06-04
3830,Aditya Rao,aditya.rao133@yahoo.com,9245970493,Pune,Other,43,2022-03-17
3831,Manish Iyer,manish.iyer999@gmail.com,9167887622,Bengaluru,Male,30,2021-10-28
3832,Saanvi Joshi,saanvi.joshi6rediffmail.com,9153683456,Pune,Other,32,2019-09-17
3832,Saanvi Joshi,saanvi.joshi6rediffmail.com,9153683456,Pune,Other,32,2019-09-17
3833,,anjali.desai813@gmail.com,9790833927,kolkata,Male,169,2021-02-23
3834,Aditya Verma,aditya.verma819@outlook.com,9244587554,Mumbai,Female,31,2020-06-08
3835,Krishna Patel,krishna.patel676@outlook.com,9520923814,Indore,Male,19,2020-02-14
3836,Kritika Chopra,kritika.chopra312@hotmail.com,7081816774,Nashik,Female,43,2023-03-31
3837,Riya Pillai,riya.pillai766@hotmail.com,8861539344,Jaipur,Other,65,2019-02-18
3838,Ramesh Gupta,ramesh.gupta208@yahoo.com,7132450599,Chennai,Female,20,2019-04-08
3839,Manish Bansal,manish.bansal967@rediffmail.com,7581897106,Delhi,Female,26,2020-08-24
3840,Divya Agarwal,divya.agarwal540@outlook.com,7940590612,Kanpur,Other,34,2024-06-17
3841,Manish Singh,manish.singh984@hotmail.com,7781616579,Bhopal,Other,30,2024-04-23
3842,Ramesh Bansal,ramesh.bansal201@gmail.com,+91-7344472948,Kanpur,Other,34,2023-12-22
3843,Myra Patel,myra.patel822hotmail.com,7276473343,Hyderabad,Male,47,2022-12-30
3844,Manish Verma,manish.verma506rediffmail.com,7685181124,Ahmedabad,Female,40,2019-07-29
3845,Riya Chopra,riya.chopra390@yahoo.com,8784969846,Surat,Female,44,2022-05-25
3846,Ananya Kumar,ananya.kumar238@rediffmail.com,8586570895,Chennai,Other,32,2022-12-03
3847,Sanjay Chopra,sanjay.chopra601@gmail.com,8461936844,Ahmedabad,Male,19,2024-05-11
3848,Karan Joshi,karan.joshi699@outlook.com,8719886920,Lucknow,Other,39,2021-04-03
3849,Rohan Kapoor,rohan.kapoor7@outlook.com,8466964836,Ludhiana,Other,41,2020-07-07
3850,Aditya Reddy,aditya.reddy166@gmail.com,9723580680,Ludhiana,Male,30,2024-03-04
3851,Krishna Joshi,krishna.joshi976@yahoo.com,981474988,Chennai,Other,61,2022-01-17
3852,Sanjay Mehta,sanjay.mehta920@hotmail.com,9418605619,Kolkata,Male,37,2021-12-02
3853,Nikhil Nair,nikhil.nair537@gmail.com,7604609101,Nashik,Other,67,2019-01-24
3854,Anika Kapoor,anika.kapoor828@hotmail.com,8915705412,Patna,Female,44,2020-04-30
3855,Nikhil Verma,nikhil.verma859@gmail.com,7347913427,Hyderabad,Female,51,2022-08-14
3856,Isha Patel,isha.patel647@gmail,9364040996,Lucknow,Other,53,2021-05-28
3856,Isha Patel,isha.patel647@gmail,9364040996,Lucknow,Other,53,2021-05-28
3857,,ramesh.patel80@rediffmail.com,7126413465,Chenn@i,Other,156,2021-02-25
3858,Arjun Kapoor,arjun.kapoor758@hotmail.com,8623519781,Kanpur,Other,29,2020-01-26
3859,Rahul Bansal,rahul.bansal800@outlook.com,7148680073,Delhi,Other,49,2023-09-20
3860,Deepak Desai,deepak.desai743@yahoo.com,8017149395,Nagpur,Other,25,2023-06-01
3861,Aarav Malhotra,aarav.malhotra368@gmail.com,7053103235,Kanpur,Female,17,2021-10-08
3862,Sunita Gupta,sunita.gupta443@outlook.com,8142684581,Ludhiana,Female,37,2024-12-07
3863,Aditya Bansal,aditya.bansal155@hotmail.com,9761756752,Nashik,Male,52,2022-02-19
3864,Isha Kapoor,isha.kapoor602@outlook.com,+91-9021223663,Patna,Male,34,2024-11-27
3865,Aadhya Bhatt,aadhya.bhatt379@gmail.com,8400067609,Hyderabad,Male,30,2023-11-29
3866,Deepak Verma,deepak.verma682@outlook.com,7894260354,Surat,Male,61,2024-06-20
3867,Krishna Verma,krishna.verma829@rediffmail.com,9746844935,Vadodara,Other,39,2023-06-04
3868,Isha Iyer,isha.iyer626@yahoo.com,7936028124,Lucknow,Female,36,2021-07-13
3869,Rahul Bhatt,rahul.bhatt863@hotmail.com,8999977772,Bhopal,Male,19,2021-04-13
3870,Nikhil Chopra,nikhil.chopra194@yahoo.com,8762748526,Agra,Female,42,2020-09-09
3871,Rahul Kumar,rahul.kumar340@rediffmail.com,9067524208,Patna,Female,49,2023-11-13
3872,Sneha Bhatt,sneha.bhatt517@outlook.com,8108291421,Kanpur,Male,64,2023-11-06
3873,Saanvi Patel,saanvi.patel720@outlook.com,8685398415,Delhi,Male,64,2022-08-09
3874,Manish Nair,manish.nair71@gmail.com,9963756,Pune,Female,25,2020-05-10
3875,Diya Malhotra,diya.malhotra579@outlook.com,9100443759,Pune,Male,22,2023-01-10
3876,Rohan Rao,rohan.rao628@outlook.com,9987011759,Vadodara,Other,52,2022-01-20
3877,Sai Patel,sai.patel56@outlook.com,+91-8899722004,Patna,Other,49,2022-05-14
3878,Pari Sharma,pari.sharma705@yahoo.com,9434138558,Delhi,Male,57,2021-07-01
3879,Suresh Bansal,suresh.bansal463outlook.com,8751007614,Ahmedabad,Other,48,2023-02-26
3880,Aditya Verma,aditya.verma324@hotmail.com,8470800133,Indore,Other,57,2022-11-28
3881,Krishna Kapoor,krishna.kapoor28@outlook.com,+91-8433838029,Surat,Female,40,2021-07-28
3882,Anika Iyer,anika.iyer127@rediffmail.com,8084788480,Mumbai,Male,69,2020-03-29
3883,Aditya Singh,aditya.singh39hotmail.com,7664840316,Kolkata,Other,34,2024-01-25
3884,Sai Verma,sai.verma723@outlook.com,9773242635,Jaipur,Female,45,2024-08-26
3885,Kritika Verma,kritika.verma208@gmail.com,9357698522,Agra,Female,55,2023-02-02
3886,Aadhya Sharma,aadhya.sharma230@outlook.com,7939332747,Lucknow,Other,64,2022-03-27
3887,Riya Desai,riya.desai277@hotmail.com,7429605922,Surat,Female,41,2021-11-14
3888,Meera Iyer,meera.iyer867@rediffmail.com,9340897717,Bhopal,Female,35,2022-11-09
3889,Sunita Sharma,sunita.sharma521@outlook.com,+91-8698356602,Ludhiana,Male,40,2022-07-26
3890,Priya Malhotra,priya.malhotra972@outlook.com,9262558852,Delhi,Male,56,2022-06-11
3891,Myra Nair,myra.nair647@outlook.com,9158968410,Ahmedabad,Other,26,2022-05-17
3892,Pari Singh,pari.singh280@yahoo.com,7316997598,Patna,Other,67,2021-07-05
3893,Pari Pillai,pari.pillai849@rediffmail.com,8149412866,Bhopal,Male,65,2023-05-15
3894,Diya Rao,diya.rao430@outlook,9564774240,Lucknow,Male,52,2019-04-09
3895,Sneha Singh,sneha.singh714@rediffmail.com,7427521670,Hyderabad,Male,57,2022-09-25
3896,Neha Joshi,neha.joshi747@gmail.com,7217069998,Indore,Other,33,2024-03-19
3897,Rohan Agarwal,rohan.agarwal840@rediffmail.com,8694626167,Delhi,Other,44,2024-03-19
3898,Ananya Mehta,ananya.mehta903@rediffmail.com,9396573267,Delhi,Other,18,2020-02-06
3899,Kritika Rao,kritika.rao444@rediffmail.com,8780617,Indore,Female,34,2021-12-03
3900,Rahul Nair,rahul.nair100@hotmail,9328952082,Lucknow,Female,18,2023-08-12
3901,Isha Patel,isha.patel501@outlook.com,7181762816,Hyderabad,Male,23,2023-07-31
3902,Isha Reddy,isha.reddy586@gmail.com,9122608323,Lucknow,Female,25,2023-07-16
3903,Divya Pillai,divya.pillai587@gmail.com,9421985837,Jaipur,Female,23,2024-10-19
3904,Anjali Reddy,anjali.reddy690@hotmail.com,7937951597,Mumbai,Male,27,2020-06-17
3905,Divya Mehta,divya.mehta718@gmail.com,7126915262,Delhi,Female,29,2023-02-21
3906,Vihaan Nair,vihaan.nair257@gmail.com,9464304344,Vadodara,Male,39,2022-08-07
3907,Krishna Iyer,krishna.iyer663@outlook.com,9482292987,Nashik,Other,17,2023-07-15
3908,Aadhya Iyer,aadhya.iyer17@outlook.com,9566796418,Hyderabad,Male,51,2023-06-01
3909,Sanjay Chopra,sanjay.chopra799@gmail.com,9964620162,Hyderabad,Female,53,2024-07-07
3910,Meera Verma,meera.verma63@rediffmail.com,9917024968,Pune,Female,70,2023-04-16
3911,Manish Iyer,manish.iyer739@yahoo.com,+91-9436054611,Vadodara,Female,64,2023-08-24
3912,Arjun Pillai,arjun.pillai873@outlook.com,9643251192,Ludhiana,Other,65,2024-02-08
3913,Rohan Pillai,rohan.pillai911@yahoo.com,8902473337,Pune,Other,27,2020-10-10
3914,Ananya Bansal,ananya.bansal714@yahoo.com,8409688282,Hyderabad,Male,29,2024-05-09
3915,Arjun Nair,arjun.nair318@rediffmail.com,7376670566,Delhi,Male,65,2021-10-03
3916,Karan Rao,karan.rao736@gmail.com,8453882571,Vadodara,Other,33,2019-06-03
3917,Diya Kapoor,diya.kapoor327hotmail.com,7613113469,Mumbai,Male,57,2019-09-21
3918,Sneha Joshi,sneha.joshi696@hotmail.com,9706264719,Lucknow,Other,44,2020-08-17
3919,Isha Agarwal,isha.agarwal249@rediffmail.com,7815558305,Kolkata,Female,40,2023-02-09
3920,Ananya Chopra,ananya.chopra201rediffmail.com,9216910988,Chennai,Other,22,2022-03-07
3921,Vivaan Agarwal,vivaan.agarwal45@rediffmail.com,7220279628,Patna,Other,30,2019-03-29
3922,Kavya Pillai,kavya.pillai27outlook.com,9858068081,Agra,Other,57,2021-02-17
3923,Amit Patel,amit.patel536@hotmail.com,8640294387,Kanpur,Female,55,2019-12-22
3924,Deepak Kumar,deepak.kumar461@rediffmail.com,7382017351,Hyderabad,Male,28,2023-09-18
3925,Sneha Bhatt,sneha.bhatt875@yahoo.com,8348649682,Patna,Other,56,2024-12-14
3926,Sunita Kapoor,sunita.kapoor114@yahoo.com,7991044028,Bengaluru,Male,59,2024-07-03
3927,Arjun Bansal,arjun.bansal558@outlook,8002898529,Kolkata,Other,67,2022-04-27
3928,Ananya Gupta,ananya.gupta938rediffmail.com,7392616645,Agra,Female,40,2019-09-23
3929,Pooja Patel,pooja.patel914@gmail.com,8754182470,Nashik,Female,50,2020-04-23
3930,Saanvi Mehta,saanvi.mehta3@hotmail.com,9117668402,Nagpur,Other,31,2023-01-21
3931,Meera Mehta,meera.mehta487@rediffmail.com,8141984675,Vadodara,Other,44,2020-12-02
3932,,sanjay.kumar813@gmail.com,7779525045,Bengaluru  ,Other,183,2023-03-28
3933,Sunita Rao,sunita.rao670@gmail.com,9418041862,Hyderabad,Male,50,2019-03-18
3934,Aarav Bhatt,aarav.bhatt191@hotmail.com,9192952559,Kanpur,Female,33,2019-09-28
3935,Nikhil Gupta,nikhil.gupta80@gmail.com,9384014934,Kolkata,Female,24,2020-06-05
3936,Ishaan Chopra,ishaan.chopra162@gmail.com,7069343627,Bhopal,Other,49,2023-10-17
3937,Amit Gupta,amit.gupta794@gmail.com,7513659975,Hyderabad,Male,33,2020-01-14
3938,Saanvi Verma,saanvi.verma572@outlook.com,8804653108,Indore,Male,29,2019-03-22
3939,Diya Rao,diya.rao441@outlook.com,9999851464,Pune,Other,37,2023-06-18
3940,Ananya Gupta,ananya.gupta372@gmail.com,9744520409,Indore,Female,31,2022-04-16
3941,Krishna Reddy,krishna.reddy182@yahoo.com,9864281887,Jaipur,Male,37,2021-12-11
3942,Arjun Desai,arjun.desai476@hotmail.com,8221587185,Surat,Other,64,2021-07-13
3943,Isha Verma,isha.verma75@gmail.com,+91-9298428938,Hyderabad,Female,44,2019-08-01
3944,Arjun Bhatt,arjun.bhatt718@hotmail,7753316220,Nashik,Female,53,2024-09-30
3945,Isha Gupta,isha.gupta833@gmail.com,8297261847,Indore,Female,42,2022-10-18
3946,Meera Singh,meera.singh898@rediffmail.com,+91-9719879236,Ludhiana,Male,38,2022-09-27
3947,Ananya Verma,ananya.verma502@hotmail.com,9133534740,Delhi,Other,52,2023-06-09
3948,Amit Patel,amit.patel456@hotmail.com,7116270113,Kolkata,Male,42,2022-02-14
3949,Suresh Pillai,suresh.pillai702@outlook.com,9084323555,Kanpur,Other,30,2024-06-08
3950,Kritika Bansal,kritika.bansal468@rediffmail.com,7131667337,Bhopal,Male,67,2022-10-14
3951,Riya Malhotra,riya.malhotra185@yahoo.com,9684066610,Mumbai,Male,52,2022-11-12
3952,Nikhil Mehta,nikhil.mehta726@hotmail.com,7902528560,Ahmedabad,Female,56,2023-10-25
3953,Manish Mehta,manish.mehta188@gmail.com,8036314608,Bengaluru,Other,17,2020-01-17
3954,Divya Kapoor,divya.kapoor750@outlook.com,9507881,Jaipur,Other,27,2020-12-14
3955,Myra Nair,myra.nair754@hotmail.com,9522442381,Agra,Male,49,2020-10-23
3956,Isha Kumar,isha.kumar983@outlook.com,84977036,Lucknow,Male,44,2020-09-28
3957,Riya Bhatt,riya.bhatt273@rediffmail.com,8397650913,Hyderabad,Female,47,2024-08-14
3958,Aadhya Pillai,aadhya.pillai865@yahoo.com,7697297566,Pune,Male,51,2020-01-31
3959,Kavya Gupta,kavya.gupta504@hotmail,9112084012,Pune,Female,53,2019-07-15
3960,Diya Kumar,diya.kumar801@hotmail.com,9546514828,Ludhiana,Female,21,2021-05-06
3961,Suresh Kapoor,suresh.kapoor426@gmail,+91-8043349992,Ludhiana,Other,57,2020-10-26
3962,Rohan Patel,rohan.patel570@rediffmail.com,8982711358,Patna,Other,60,2022-11-21
3963,Reyansh Kumar,reyansh.kumar297@rediffmail.com,+91-9773619401,Kolkata,Male,17,2022-02-15
3964,Rohan Singh,rohan.singh795@hotmail.com,7732613898,Indore,Female,66,2023-01-09
3965,Reyansh Kumar,reyansh.kumar140@outlook.com,9739975358,Delhi,Male,50,2021-08-06
3966,Amit Verma,amit.verma385@outlook.com,7258353098,Lucknow,Other,55,2019-10-02
3967,Arjun Verma,arjun.verma926@rediffmail.com,9790503224,Nagpur,Female,59,2023-03-22
3968,Myra Nair,myra.nair592@gmail.com,8639362391,Ahmedabad,Other,60,2020-09-24
3969,Riya Reddy,riya.reddy412gmail.com,8545385385,Kanpur,Other,23,2022-05-24
3970,Meera Reddy,meera.reddy274@outlook.com,8908151175,Indore,Female,26,2023-07-01
3971,Karan Bansal,karan.bansal565@yahoo.com,9639179817,Pune,Female,37,2023-03-11
3972,Meera Gupta,meera.gupta320@hotmail.com,+91-7661627949,Surat,Male,41,2019-10-19
3973,Suresh Kapoor,suresh.kapoor821@yahoo.com,7787435032,Kolkata,Female,42,2021-07-28
3974,Meera Verma,meera.verma268@gmail,8221100614,Delhi,Other,51,2024-01-26
3975,Saanvi Rao,saanvi.rao794@outlook.com,8987127211,Surat,Female,43,2023-07-05
3976,Isha Kumar,isha.kumar464@gmail.com,8921959145,Pune,Other,47,2024-01-19
3977,,anika.bhatt150@rediffmail.com,7185388492,INDORE,Male,146,2019-03-08
3978,Kritika Desai,kritika.desai306@yahoo.com,75347682,Ludhiana,Other,17,2024-12-27
3979,Neha Verma,neha.verma134@outlook.com,7120078648,Delhi,Female,22,2023-03-26
3980,Isha Iyer,isha.iyer699@yahoo.com,9434605824,Bhopal,Other,49,2022-06-24
3981,Aarav Mehta,aarav.mehta121@rediffmail.com,8426322239,Surat,Other,42,2020-09-11
3982,Anika Desai,anika.desai190@hotmail.com,7837084948,Ahmedabad,Female,28,2019-10-18
3983,Ayaan Mehta,ayaan.mehta126@rediffmail.com,9648685599,Kanpur,Female,45,2019-02-18
3984,Suresh Bhatt,suresh.bhatt156@gmail.com,9988917606,Kolkata,Female,65,2023-01-24
3985,Vivaan Kapoor,vivaan.kapoor201@hotmail.com,8114659025,Indore,Male,26,2021-07-22
3986,Pooja Kapoor,pooja.kapoor612@yahoo.com,7236633763,Hyderabad,Other,48,2023-02-05
3987,Ishaan Verma,ishaan.verma941@yahoo,7618033403,Kolkata,Female,59,2019-04-24
3988,Rohan Singh,rohan.singh505@yahoo.com,7258065333,Patna,Other,62,2019-03-01
3989,Sanjay Bansal,sanjay.bansal471@yahoo.com,7282455,Bengaluru,Female,44,2024-04-30
3990,Ananya Malhotra,ananya.malhotra747@outlook.com,8268663922,Patna,Male,42,2020-07-27
3991,Diya Patel,diya.patel508@yahoo.com,+91-7844949757,Bengaluru,Female,39,2022-02-28
3992,Pari Verma,pari.verma263@rediffmail.com,9779217538,Kolkata,Female,22,2022-07-14
3993,Diya Bhatt,diya.bhatt221@hotmail.com,9049344544,Lucknow,Male,49,2023-12-21
3994,Shreya Gupta,shreya.gupta156@hotmail.com,8102633063,Indore,Other,27,2023-03-17
3995,Neha Reddy,neha.reddy610@yahoo.com,9933136056,Bengaluru,Other,50,2020-02-18
3996,Aarav Iyer,aarav.iyer611@outlook.com,7851877173,Delhi,Male,23,2024-11-05
3997,Kritika Gupta,kritika.gupta335@outlook.com,72295885,Nagpur,Female,19,2024-10-12
3998,Sunita Pillai,sunita.pillai442@yahoo.com,7871055789,Surat,Female,55,2022-06-18
3999,Anjali Nair,anjali.nair416@gmail.com,9131608805,Kolkata,Male,60,2022-10-27
4000,Kavya Singh,kavya.singh77@gmail.com,9856603420,Patna,Other,35,2019-01-11
4001,Myra Gupta,myra.gupta880@outlook.com,7610099907,Surat,Other,34,2022-02-22
4002,Divya Malhotra,divya.malhotra212@gmail.com,9452542107,Bengaluru,Male,54,2024-02-11
4003,Isha Bansal,isha.bansal698@yahoo.com,+91-7071892814,Nashik,Male,53,2021-07-17
4004,Aadhya Reddy,aadhya.reddy56@gmail.com,9056703954,Kolkata,Other,61,2023-04-27
4005,Ramesh Pillai,ramesh.pillai967@outlook.com,8558399981,Bhopal,Male,27,2022-09-08
4006,Diya Gupta,diya.gupta628@hotmail.com,7071682382,Delhi,Male,69,2019-03-02
4007,Deepak Patel,deepak.patel758gmail.com,8803297764,Bhopal,Other,64,2020-11-02
4008,Aadhya Iyer,aadhya.iyer517@gmail.com,7000668734,Patna,Male,20,2024-06-03
4009,Sunita Malhotra,sunita.malhotra316@yahoo.com,9757200887,Nagpur,Male,22,2024-02-09
4010,Ishaan Kumar,ishaan.kumar667@outlook.com,8433914175,Ahmedabad,Female,41,2021-02-19
4011,Nikhil Kumar,nikhil.kumar543@gmail.com,8318395367,Kolkata,Male,30,2020-09-08
4012,Arjun Iyer,arjun.iyer383@hotmail.com,7294098725,Kolkata,Female,48,2022-05-10
4013,Priya Gupta,priya.gupta890@outlook.com,9502528115,Bhopal,Male,53,2019-08-17
4013,Priya Gupta,priya.gupta890@outlook.com,9502528115,Bhopal,Male,53,2019-08-17
4014,,aditya.patel233@gmail,9784240534,Hyder@b@d,Other,136,2023-06-15
4015,Rahul Sharma,rahul.sharma752@yahoo.com,7803646227,Kolkata,Female,32,2022-11-04
4016,Neha Pillai,neha.pillai853@yahoo.com,8154571747,Jaipur,Other,68,2020-01-06
4017,Sanjay Malhotra,sanjay.malhotra91@gmail.com,7978895037,Chennai,Other,53,2021-06-27
4018,Rahul Nair,rahul.nair677@yahoo.com,9613999445,Chennai,Male,42,2019-07-06
4019,Sanjay Agarwal,sanjay.agarwal158@gmail.com,8404928216,Hyderabad,Other,35,2021-07-28
4020,Rohan Mehta,rohan.mehta81@outlook.com,9823542345,Vadodara,Male,47,2019-01-02
4021,Karan Chopra,karan.chopra179yahoo.com,7605916983,Lucknow,Other,61,2020-05-13
4022,Ishaan Desai,ishaan.desai581@rediffmail.com,7612373250,Patna,Other,46,2024-12-08
4023,Pooja Patel,pooja.patel132@outlook.com,9491427,Patna,Female,48,2022-12-28
4024,Kritika Kapoor,kritika.kapoor461@outlook.com,9954305136,Indore,Male,30,2021-08-12
4025,Sai Desai,sai.desai824@yahoo.com,7955693031,Pune,Male,67,2019-12-19
4026,Sneha Sharma,sneha.sharma607@gmail.com,7021907143,Ahmedabad,Female,16,2022-09-24
4027,Arjun Reddy,arjun.reddy774@outlook.com,9870564614,Ludhiana,Other,21,2020-04-06
4028,Pari Iyer,pari.iyer723@outlook.com,8495162819,Vadodara,Female,16,2019-03-18
4029,Kavya Mehta,kavya.mehta303@yahoo.com,+91-7368319076,Surat,Female,69,2023-04-05
4030,Sai Kapoor,sai.kapoor582@rediffmail.com,9880269541,Ahmedabad,Other,44,2020-02-17
4031,Manish Sharma,manish.sharma195@gmail.com,+91-7887260470,Mumbai,Male,50,2019-03-08
4032,Kavya Malhotra,kavya.malhotra202@yahoo.com,77769943,Jaipur,Female,32,2020-10-08
4033,Sneha Gupta,sneha.gupta35@hotmail.com,8633287068,Nashik,Female,23,2021-08-05
4034,Diya Iyer,diya.iyer574@outlook.com,+91-7736056735,Pune,Female,57,2023-01-23
4035,Deepak Kapoor,deepak.kapoor263@rediffmail.com,9847580658,Vadodara,Other,19,2020-11-08
4036,Ramesh Singh,ramesh.singh705@hotmail.com,8777609689,Kanpur,Female,65,2024-10-29
4037,Vihaan Pillai,vihaan.pillai238@rediffmail.com,7753139686,Mumbai,Other,67,2024-01-13
4038,Kritika Nair,kritika.nair250@outlook,7961605851,Bhopal,Female,24,2024-06-18
4039,Pari Kapoor,pari.kapoor431@outlook.com,8749564655,Bhopal,Female,33,2023-09-03
4040,Kritika Mehta,kritika.mehta293@rediffmail.com,9408030476,Nagpur,Male,48,2020-01-21
4041,Sneha Nair,sneha.nair680@rediffmail.com,7456063009,Nagpur,Female,19,2022-05-02
4041,Sneha Nair,sneha.nair680@rediffmail.com,7456063009,Nagpur,Female,19,2022-05-02
4042,,arjun.patel255@rediffmail.com,7359966595,K@npur,Other,193,2021-09-05
4043,Vihaan Bhatt,vihaan.bhatt789@hotmail.com,827277972,Pune,Other,30,2019-05-12
4044,Riya Gupta,riya.gupta744@rediffmail.com,9650154224,Jaipur,Male,24,2024-01-26
4045,Aadhya Iyer,aadhya.iyer312@gmail.com,9746748645,Bhopal,Other,56,2020-08-20
4046,Anika Joshi,anika.joshi591@yahoo.com,8034965644,Lucknow,Female,31,2022-06-18
4047,Kavya Patel,kavya.patel546@yahoo.com,8906886229,Ludhiana,Female,26,2023-09-11
4048,Aadhya Chopra,aadhya.chopra419@yahoo.com,7855146359,Surat,Female,37,2023-03-15
4049,Sneha Chopra,sneha.chopra299@outlook.com,9870045171,Jaipur,Other,16,2019-04-11
4050,Riya Sharma,riya.sharma863@gmail.com,9408988232,Bengaluru,Other,54,2023-10-28
4051,Kavya Patel,kavya.patel995@yahoo.com,8986938191,Agra,Female,23,2022-04-12
4052,Meera Desai,meera.desai595@gmail.com,9466298406,Nagpur,Female,47,2023-07-27
4053,Aditya Malhotra,aditya.malhotra670@hotmail.com,9799792825,Nagpur,Female,35,2020-11-11
4054,Neha Reddy,neha.reddy605@outlook.com,+91-7417865239,Lucknow,Female,31,2021-08-26
4055,Nikhil Desai,nikhil.desai500@outlook.com,7469854303,Hyderabad,Female,23,2021-11-10
4056,Saanvi Bhatt,saanvi.bhatt747@outlook.com,7517060227,Vadodara,Other,34,2022-06-01
4057,Ananya Verma,ananya.verma110@yahoo.com,9046020671,Agra,Other,70,2021-07-03
4058,Arjun Chopra,arjun.chopra520@rediffmail.com,8320422326,Vadodara,Male,40,2020-03-27
4059,Karan Mehta,karan.mehta591@gmail.com,8914634929,Chennai,Female,40,2020-12-29
4060,,deepak.kumar508@yahoo.com,7115068088,agra,Male,197,2024-01-09
4061,Neha Bansal,neha.bansal164@hotmail.com,8956210071,Kolkata,Other,62,2019-10-12
4062,Neha Agarwal,neha.agarwal146@yahoo.com,9737506584,Bhopal,Other,41,2021-12-11
4063,Manish Joshi,manish.joshi40@gmail.com,7605025281,Bengaluru,Female,70,2021-12-01
4064,Ananya Kapoor,ananya.kapoor450@hotmail.com,7253194409,Bengaluru,Male,57,2024-11-24
4065,Sanjay Rao,sanjay.rao848@gmail.com,8162363688,Ahmedabad,Female,30,2024-01-08
4066,Anika Kumar,anika.kumar858@hotmail.com,7475576397,Lucknow,Male,67,2022-03-18
4067,Karan Bansal,karan.bansal240@rediffmail.com,9320450707,Nagpur,Other,49,2022-02-16
4068,Saanvi Desai,saanvi.desai246@gmail.com,7503017548,Ahmedabad,Other,52,2023-12-20
4069,Deepak Gupta,deepak.gupta712@yahoo.com,742382364,Bhopal,Male,23,2021-05-02
4070,Myra Iyer,myra.iyer756yahoo.com,7699167300,Kolkata,Male,36,2020-08-19
4071,Aarav Joshi,aarav.joshi149@outlook.com,9632093953,Pune,Other,56,2022-08-18
4072,Kritika Reddy,kritika.reddy182outlook.com,7817754990,Vadodara,Female,35,2021-12-20
4073,Aarav Sharma,aarav.sharma166@outlook.com,8537990039,Lucknow,Male,30,2019-10-24
4074,Krishna Reddy,krishna.reddy217@outlook.com,8272252485,Kolkata,Other,55,2021-08-05
4075,Kritika Sharma,kritika.sharma493@rediffmail.com,7450715455,Lucknow,Male,33,2023-05-15
4076,Sai Chopra,sai.chopra959@yahoo.com,924282295,Pune,Male,47,2020-01-03
4077,Saanvi Verma,saanvi.verma273@yahoo.com,+91-8334425402,Surat,Female,20,2020-08-26
4078,Manish Mehta,manish.mehta61@rediffmail.com,7154766025,Bhopal,Female,31,2022-06-30
4079,Kavya Bansal,kavya.bansal526@outlook.com,7174583,Bhopal,Male,22,2021-10-19
4080,Ayaan Chopra,ayaan.chopra656@rediffmail.com,927400391,Pune,Male,21,2022-07-14
4081,Arjun Nair,arjun.nair195@yahoo.com,8234959424,Nagpur,Female,67,2021-05-16
4082,Isha Pillai,isha.pillai487@outlook.com,8782476270,Delhi,Male,33,2023-02-01
4083,Nikhil Mehta,nikhil.mehta11@gmail.com,9339368113,Ahmedabad,Male,42,2019-02-21
4084,Ramesh Agarwal,ramesh.agarwal628@rediffmail.com,9673510629,Lucknow,Other,65,2019-11-18
4085,Aarav Gupta,aarav.gupta705@yahoo.com,9461253680,Indore,Female,66,2021-07-18
4086,Aditya Reddy,aditya.reddy431@gmail.com,7590879310,Nashik,Male,48,2021-05-10
4087,Anjali Kumar,anjali.kumar38@outlook.com,8708394362,Bengaluru,Male,45,2020-06-16
4088,Nikhil Bansal,nikhil.bansal607@hotmail.com,9602501640,Indore,Other,18,2019-10-30
4089,Priya Desai,priya.desai875gmail.com,9771462700,Kanpur,Male,45,2021-01-31
4090,Reyansh Malhotra,reyansh.malhotra26@outlook.com,9155218045,Delhi,Female,58,2024-07-18
4091,Myra Patel,myra.patel893@hotmail.com,7256679737,Bengaluru,Other,41,2021-04-23
4092,Nikhil Singh,nikhil.singh62@hotmail.com,7572205031,Nashik,Male,69,2023-04-27
4093,Vihaan Patel,vihaan.patel997@yahoo.com,7991839879,Ludhiana,Male,68,2023-09-01
4094,Ananya Rao,ananya.rao223@yahoo.com,7832026391,Kolkata,Other,17,2023-07-09
4095,Riya Joshi,riya.joshi445@yahoo.com,9625206356,Indore,Female,37,2020-07-31
4096,Saanvi Desai,saanvi.desai215@rediffmail.com,9800473338,Nagpur,Other,46,2021-02-13
4097,Pooja Agarwal,pooja.agarwal427@yahoo.com,9911472744,Ahmedabad,Male,25,2019-04-28
4098,Rohan Malhotra,rohan.malhotra73@gmail.com,8507079898,Pune,Other,57,2021-10-14
4099,Rahul Mehta,rahul.mehta525@rediffmail.com,8336357528,Nashik,Male,58,2022-06-26
4100,Manish Pillai,manish.pillai329@outlook.com,7821259475,Vadodara,Other,47,2022-08-06
4101,Deepak Kapoor,deepak.kapoor432@outlook.com,9137534557,Lucknow,Other,54,2022-05-24
4102,Ishaan Iyer,ishaan.iyer937@hotmail.com,7026533963,Jaipur,Other,64,2020-12-11
4103,Aarav Singh,aarav.singh239@hotmail.com,8170914442,Nagpur,Other,58,2020-03-17
4104,Priya Nair,priya.nair112@hotmail.com,7922239764,Chennai,Female,60,2019-02-01
4105,Diya Bhatt,diya.bhatt87@outlook.com,9794251201,Ludhiana,Female,30,2021-03-08
4106,Sai Singh,sai.singh134@yahoo.com,7860331403,Hyderabad,Female,52,2021-08-29
4107,Arjun Mehta,arjun.mehta578@rediffmail.com,8293902044,Kolkata,Male,27,2021-04-04
4108,Krishna Bhatt,krishna.bhatt767@yahoo.com,8711524419,Kolkata,Male,42,2022-12-30
4109,Aditya Gupta,aditya.gupta966@hotmail.com,8699427705,Vadodara,Male,54,2022-11-23
4110,Ayaan Chopra,ayaan.chopra633@hotmail.com,7728521891,Jaipur,Other,49,2024-06-24
4111,Arjun Desai,arjun.desai120@hotmail.com,8946331724,Agra,Other,38,2022-10-24
4112,Isha Pillai,isha.pillai59@rediffmail.com,7233573172,Patna,Male,24,2023-12-05
4113,Vivaan Verma,vivaan.verma41gmail.com,9483260,Pune,Male,53,2023-04-18
4114,Ananya Pillai,ananya.pillai857@outlook.com,9799644996,Bengaluru,Other,50,2020-08-26
4115,Ananya Agarwal,ananya.agarwal400@gmail.com,+91-7737149029,Surat,Male,59,2021-10-26
4116,Kavya Chopra,kavya.chopra852@outlook.com,7123656782,Surat,Female,55,2022-03-31
4117,,kritika.bhatt744@yahoo.com,8912548900,delhi,Other,160,2019-12-29
4118,Krishna Sharma,krishna.sharma479@gmail.com,8602148498,Indore,Female,56,2019-11-07
4119,Sunita Sharma,sunita.sharma349@gmail.com,7637749120,Bengaluru,Other,22,2021-10-25
4120,Suresh Agarwal,suresh.agarwal900@rediffmail.com,7527953144,Indore,Male,36,2023-08-21
4121,Priya Singh,priya.singh45outlook.com,9919925732,Ludhiana,Male,29,2019-08-19
4122,Divya Singh,divya.singh501@gmail.com,7848584876,Ludhiana,Other,61,2022-06-14
4123,Rahul Reddy,rahul.reddy192@yahoo.com,8741393928,Vadodara,Other,38,2020-09-25
4124,Nikhil Desai,nikhil.desai124@rediffmail,7433213995,Vadodara,Female,67,2021-06-09
4125,Ishaan Bhatt,ishaan.bhatt346@yahoo.com,9838472923,Mumbai,Male,59,2022-06-16
4126,Sanjay Pillai,sanjay.pillai96@outlook.com,8085643215,Surat,Female,47,2019-11-04
4127,Sneha Nair,sneha.nair675@outlook.com,7000544966,Patna,Female,36,2020-08-29
4128,Priya Chopra,priya.chopra572@outlook,8708136220,Lucknow,Male,46,2020-01-17
4129,Meera Patel,meera.patel36@rediffmail.com,9198195678,Indore,Female,61,2021-03-27
4130,Sunita Desai,sunita.desai219@outlook.com,7118133360,Hyderabad,Other,30,2022-05-13
4131,Vivaan Bansal,vivaan.bansal717@hotmail.com,70306806,Vadodara,Male,19,2019-05-20
4132,Ayaan Sharma,ayaan.sharma691@gmail.com,9228217448,Agra,Other,30,2023-09-23
4133,Vivaan Gupta,vivaan.gupta243@yahoo.com,9481343007,Bengaluru,Male,20,2020-12-25
4134,Saanvi Mehta,saanvi.mehta707@rediffmail.com,9589856594,Jaipur,Other,62,2019-04-18
4135,Pooja Desai,pooja.desai823@outlook.com,8268885397,Nagpur,Male,31,2019-07-31
4136,Kritika Bhatt,kritika.bhatt267@hotmail.com,7669116387,Indore,Male,35,2024-11-19
4137,Aarav Desai,aarav.desai268@rediffmail.com,86918730,Ludhiana,Female,17,2019-04-17
4138,Reyansh Desai,reyansh.desai822@rediffmail.com,9031827490,Surat,Male,25,2021-08-11
4139,Aarav Bansal,aarav.bansal679@outlook.com,8478291290,Pune,Male,52,2020-07-03
4140,Kavya Reddy,kavya.reddy563@outlook.com,+91-9985574584,Agra,Other,24,2020-09-20
4141,,ramesh.desai81@outlook.com,7389883214,kolkata,Female,147,2023-02-09
4142,Krishna Iyer,krishna.iyer633@rediffmail.com,7979715628,Delhi,Other,42,2021-03-04
4143,Suresh Nair,suresh.nair833@yahoo.com,8477808363,Pune,Male,65,2023-06-18
4144,Kritika Chopra,kritika.chopra506@outlook.com,7294967292,Agra,Male,37,2023-01-16
4145,Anika Gupta,anika.gupta902@rediffmail.com,8241334531,Kolkata,Other,59,2024-02-17
4146,Pooja Joshi,pooja.joshi880@hotmail.com,7862803802,Nashik,Male,58,2019-09-17
4147,Deepak Agarwal,deepak.agarwal655@gmail.com,7795709974,Kolkata,Other,47,2019-05-03
4148,Sunita Bhatt,sunita.bhatt363@outlook.com,9051535285,Pune,Male,17,2023-11-07
4149,Amit Sharma,amit.sharma34@yahoo.com,8392371324,Ludhiana,Female,37,2019-09-12
4150,Manish Mehta,manish.mehta298@yahoo.com,7211310943,Hyderabad,Female,31,2021-04-11
4151,Shreya Rao,shreya.rao751yahoo.com,7515888734,Bhopal,Male,56,2023-02-19
4152,Suresh Desai,suresh.desai677@yahoo.com,9039678200,Chennai,Other,49,2022-02-04
4152,Suresh Desai,suresh.desai677@yahoo.com,9039678200,Chennai,Other,49,2022-02-04
4153,,pari.verma32@hotmail.com,9836385606,Indore  ,Female,185,2021-12-10
4154,Sai Patel,sai.patel885@hotmail.com,7209643597,Vadodara,Female,67,2024-12-07
4155,Neha Malhotra,neha.malhotra748@hotmail.com,8339133972,Patna,Female,61,2024-04-15
4156,Aarav Rao,aarav.rao172@gmail,9843321968,Vadodara,Other,55,2023-02-05
4157,Pooja Kumar,pooja.kumar414@gmail.com,8823272944,Hyderabad,Male,29,2024-05-23
4158,Rahul Joshi,rahul.joshi529@yahoo.com,8951974227,Kolkata,Male,62,2020-03-13
4159,Rahul Mehta,rahul.mehta837@hotmail.com,9786952649,Ahmedabad,Other,57,2022-08-14
4160,Anjali Patel,anjali.patel465@rediffmail.com,8972844776,Bhopal,Other,26,2020-10-31
4161,Neha Kapoor,neha.kapoor926@hotmail.com,9875929279,Surat,Male,53,2021-01-13
4162,Sunita Kumar,sunita.kumar845@yahoo.com,783969647,Bengaluru,Female,39,2019-01-08
4163,Anjali Patel,anjali.patel809@yahoo.com,8993153153,Nashik,Female,58,2019-08-18
4164,Ayaan Pillai,ayaan.pillai515@hotmail.com,8296643523,Ahmedabad,Male,55,2023-04-22
4165,Ayaan Chopra,ayaan.chopra616outlook.com,9401691503,Patna,Other,32,2024-04-29
4166,Meera Patel,meera.patel778@yahoo.com,8858880550,Agra,Male,55,2020-07-25
4167,Myra Rao,myra.rao766@outlook.com,9720041071,Bengaluru,Female,58,2021-05-28
4168,Vihaan Singh,vihaan.singh445@outlook.com,7218546497,Mumbai,Female,49,2021-04-15
4169,Krishna Joshi,krishna.joshi984@outlook.com,8101417525,Ahmedabad,Other,61,2019-05-25
4170,Sai Mehta,sai.mehta441@yahoo.com,7034914215,Lucknow,Other,22,2019-04-29
4171,Priya Kumar,priya.kumar224@outlook.com,9797204116,Indore,Female,60,2023-08-12
4172,Karan Chopra,karan.chopra168@rediffmail.com,7022906587,Nagpur,Female,68,2024-02-15
4173,Kritika Gupta,kritika.gupta530@rediffmail.com,7612001932,Nagpur,Male,21,2021-03-08
4174,Aarav Bhatt,aarav.bhatt992@yahoo.com,8364584720,Pune,Male,66,2022-10-20
4175,Vihaan Mehta,vihaan.mehta916@hotmail.com,+91-9882754257,Patna,Other,58,2019-08-12
4176,Manish Nair,manish.nair265@rediffmail.com,7005974702,Indore,Female,61,2021-02-05
4177,Pari Bhatt,pari.bhatt176@hotmail.com,9738273435,Delhi,Other,62,2024-05-19
4178,Pooja Singh,pooja.singh860@yahoo.com,9573105960,Nashik,Male,44,2022-04-09
4179,Myra Bhatt,myra.bhatt430@outlook.com,9417264452,Nashik,Female,42,2021-07-08
4180,Manish Patel,manish.patel973@yahoo.com,7431481654,Nashik,Female,50,2023-09-02
4181,Arjun Bhatt,arjun.bhatt84@gmail.com,9155525512,Pune,Other,49,2020-03-13
4182,Riya Mehta,riya.mehta858@gmail.com,8020553475,Nashik,Female,41,2019-08-31
4183,Sai Kumar,sai.kumar523@rediffmail,8822957969,Nashik,Female,58,2019-10-04
4184,Vihaan Iyer,vihaan.iyer995@gmail.com,9710529308,Bengaluru,Female,43,2022-02-27
4185,Ishaan Bansal,ishaan.bansal42@gmail.com,8306263430,Hyderabad,Other,44,2023-09-21
4186,Kritika Verma,kritika.verma658@rediffmail.com,7480258550,Indore,Other,16,2023-03-11
4187,Ayaan Mehta,ayaan.mehta469@hotmail.com,9083518517,Kolkata,Male,35,2023-03-28
4188,Kritika Nair,kritika.nair549@gmail.com,9801310871,Jaipur,Other,69,2024-01-27
4189,Manish Patel,manish.patel715@yahoo.com,9555318346,Nashik,Male,38,2024-01-03
4190,Sunita Mehta,sunita.mehta903@gmail.com,8658029447,Chennai,Female,44,2020-12-25
4191,Sanjay Agarwal,sanjay.agarwal252@hotmail.com,7849539173,Vadodara,Male,65,2023-09-12
4192,Krishna Reddy,krishna.reddy90@hotmail.com,8729645282,Mumbai,Male,20,2020-02-21
4193,Rohan Chopra,rohan.chopra290@hotmail.com,9402345184,Patna,Male,33,2022-03-22
4194,Vihaan Bhatt,vihaan.bhatt282outlook.com,8078522608,Surat,Female,37,2020-06-20
4195,Aditya Malhotra,aditya.malhotra270@yahoo.com,7497229,Bengaluru,Male,58,2019-08-01
4196,Meera Reddy,meera.reddy452hotmail.com,7123810015,Patna,Female,39,2020-02-29
4197,Aditya Mehta,aditya.mehta160@hotmail.com,7037877324,Jaipur,Other,59,2024-04-18
4198,Karan Desai,karan.desai569@outlook.com,9938028400,Lucknow,Other,19,2020-11-29
4199,Arjun Bhatt,arjun.bhatt472@yahoo.com,7811995525,Vadodara,Female,68,2022-10-04
4200,Amit Reddy,amit.reddy508@yahoo.com,+91-9999201048,Kolkata,Other,65,2021-03-10
4201,Ayaan Singh,ayaan.singh104@hotmail.com,8710181354,Indore,Male,62,2020-07-21
4202,Isha Singh,isha.singh152@hotmail.com,8983441312,Jaipur,Female,64,2022-03-15
4203,Shreya Iyer,shreya.iyer366@outlook.com,9559513013,Delhi,Male,39,2021-11-07
4204,Neha Patel,neha.patel227@gmail.com,9610882642,Kanpur,Other,61,2022-09-22
4205,Vihaan Gupta,vihaan.gupta40@rediffmail.com,9228401061,Mumbai,Other,63,2021-02-22
4206,Neha Malhotra,neha.malhotra708@outlook.com,7524591936,Surat,Other,51,2024-07-13
4207,Anika Nair,anika.nair159@rediffmail.com,8161008113,Surat,Male,19,2024-02-05
4208,Pari Iyer,pari.iyer335@yahoo.com,7946510057,Jaipur,Male,35,2024-02-10
4209,Sai Mehta,sai.mehta16@yahoo.com,7838285394,Patna,Male,37,2021-04-28
4210,Sneha Malhotra,sneha.malhotra469@outlook.com,9701349910,Jaipur,Other,40,2020-10-29
4211,Sunita Mehta,sunita.mehta375@hotmail.com,7041549065,Nashik,Female,56,2019-12-15
4212,Nikhil Pillai,nikhil.pillai843@gmail.com,7165132821,Bengaluru,Male,53,2020-10-06
4213,Divya Nair,divya.nair543@yahoo.com,7257293241,Bhopal,Male,40,2020-09-15
4214,Aditya Malhotra,aditya.malhotra334@yahoo,8450125996,Agra,Female,43,2023-05-30
4215,Amit Mehta,amit.mehta338@gmail.com,7939136979,Kolkata,Other,21,2020-01-01
4216,Suresh Singh,suresh.singh316outlook.com,9977602709,Ludhiana,Male,39,2019-06-16
4217,Aadhya Malhotra,aadhya.malhotra640@yahoo.com,7203596351,Kolkata,Female,32,2020-01-19
4218,Reyansh Kumar,reyansh.kumar539@yahoo.com,872334246,Patna,Other,55,2024-11-22
4219,Deepak Patel,deepak.patel665@rediffmail.com,8493165976,Nagpur,Other,23,2020-10-21
4220,Amit Reddy,amit.reddy926@yahoo.com,9033418228,Vadodara,Other,38,2024-07-05
4221,Ishaan Joshi,ishaan.joshi629@yahoo.com,9463890281,Vadodara,Other,16,2019-03-11
4222,Reyansh Reddy,reyansh.reddy801@rediffmail.com,9344726572,Mumbai,Other,45,2020-10-18
4223,Ramesh Pillai,ramesh.pillai821@yahoo.com,8613205056,Ahmedabad,Other,56,2023-03-22
4224,Ramesh Sharma,ramesh.sharma160@rediffmail.com,9399476596,Mumbai,Other,63,2019-05-09
4225,Vivaan Iyer,vivaan.iyer662@yahoo.com,7559776541,Kanpur,Other,64,2023-01-18
4226,Aadhya Sharma,aadhya.sharma69@hotmail.com,+91-7835934104,Pune,Other,63,2020-01-14
4227,Kavya Malhotra,kavya.malhotra632@rediffmail.com,9231808843,Ludhiana,Male,65,2020-02-14
4228,Anjali Chopra,anjali.chopra92@hotmail.com,9793199116,Pune,Female,46,2024-10-12
4229,Manish Mehta,manish.mehta709@yahoo.com,8111642884,Indore,Female,58,2023-06-30
4230,Vihaan Agarwal,vihaan.agarwal12@gmail.com,8436915607,Indore,Male,70,2021-10-18
4231,Ananya Bansal,ananya.bansal513@rediffmail.com,9622048274,Kolkata,Female,17,2021-06-05
4232,Nikhil Mehta,nikhil.mehta20@yahoo.com,7625532581,Hyderabad,Female,25,2022-06-29
4233,Vihaan Chopra,vihaan.chopra590@hotmail.com,8176392164,Vadodara,Male,40,2021-11-26
4234,Priya Nair,priya.nair23@gmail.com,7961918814,Jaipur,Male,31,2021-03-23
4235,Nikhil Malhotra,nikhil.malhotra370hotmail.com,7038192680,Agra,Female,23,2024-10-18
4236,Suresh Verma,suresh.verma267@rediffmail.com,7287916362,Kolkata,Male,60,2023-01-12
4237,Rohan Malhotra,rohan.malhotra716@outlook.com,9581069331,Jaipur,Male,26,2024-08-10
4238,Kavya Agarwal,kavya.agarwal641outlook.com,7010197280,Lucknow,Female,47,2019-06-05
4239,Pooja Pillai,pooja.pillai521@outlook.com,8807123662,Ahmedabad,Female,42,2021-10-19
4240,Rahul Iyer,rahul.iyer928@rediffmail.com,7520001148,Chennai,Female,51,2019-03-22
4241,Anjali Bansal,anjali.bansal242@gmail.com,7708863453,Nagpur,Male,22,2019-11-19
4242,Neha Malhotra,neha.malhotra495@yahoo.com,9993152094,Bhopal,Female,29,2022-07-02
4243,Ananya Bhatt,ananya.bhatt281@rediffmail.com,7022500404,Indore,Female,20,2020-02-07
4244,Rohan Reddy,rohan.reddy953@yahoo.com,9476131776,Jaipur,Other,56,2020-02-27
4245,Aarav Nair,aarav.nair627@yahoo.com,9327097216,Kolkata,Other,53,2020-04-13
4246,Ananya Pillai,ananya.pillai735@outlook.com,7824368821,Agra,Male,43,2019-02-28
4247,Saanvi Pillai,saanvi.pillai368@yahoo.com,7572046263,Delhi,Other,44,2022-09-25
4248,Krishna Mehta,krishna.mehta858@hotmail.com,9373196110,Kolkata,Other,62,2019-12-22
4249,Diya Patel,diya.patel864@gmail.com,7450521473,Surat,Other,68,2020-02-20
4250,Sunita Patel,sunita.patel726@rediffmail.com,7266081839,Pune,Other,65,2024-04-27
4251,Ananya Bansal,ananya.bansal467yahoo.com,86894422,Lucknow,Other,55,2024-05-23
4252,Riya Kumar,riya.kumar453@outlook.com,9987662754,Jaipur,Other,42,2021-08-18
4253,Neha Nair,neha.nair617@yahoo.com,9380810600,Delhi,Male,67,2023-10-15
4254,Aarav Agarwal,aarav.agarwal220@gmail.com,7413709560,Kolkata,Other,65,2023-08-18
4255,Priya Malhotra,priya.malhotra134@rediffmail.com,9456445144,Lucknow,Male,41,2019-09-05
4256,Amit Rao,amit.rao493@gmail.com,9956116912,Indore,Other,30,2024-02-20
4257,Sai Bhatt,sai.bhatt138@hotmail.com,8238108495,Surat,Female,19,2019-12-28
4258,Rohan Verma,rohan.verma817@yahoo.com,7986494206,Mumbai,Other,51,2019-12-20
4259,Ananya Gupta,ananya.gupta636@gmail.com,84722114,Surat,Female,42,2021-11-27
4260,Saanvi Agarwal,saanvi.agarwal810@hotmail.com,9548256031,Pune,Male,44,2020-11-02
4261,Anika Singh,anika.singh697@hotmail.com,9067153663,Surat,Female,54,2021-03-26
4262,Sanjay Sharma,sanjay.sharma190@gmail.com,7087529754,Nashik,Male,45,2022-06-07
4263,Vivaan Desai,vivaan.desai489@hotmail.com,9673587957,Kanpur,Female,43,2024-08-11
4264,Isha Desai,isha.desai203@yahoo.com,8140337928,Kanpur,Other,24,2023-12-24
4265,Vihaan Chopra,vihaan.chopra617@yahoo.com,9199035785,Surat,Male,29,2022-09-30
4266,Krishna Kumar,krishna.kumar559@hotmail.com,9570388222,Agra,Male,41,2019-02-20
4267,Diya Nair,diya.nair245@gmail.com,9911990437,Nagpur,Female,62,2023-08-31
4268,Vihaan Reddy,vihaan.reddy64gmail.com,9738993503,Pune,Female,51,2019-04-12
4269,Deepak Mehta,deepak.mehta972@gmail,9718821571,Kolkata,Other,18,2023-10-31
4270,Neha Gupta,neha.gupta165@rediffmail.com,8948856591,Indore,Female,26,2019-07-18
4271,Ishaan Patel,ishaan.patel421@hotmail.com,9936639994,Nashik,Female,26,2019-06-30
4271,Ishaan Patel,ishaan.patel421@hotmail.com,9936639994,Nashik,Female,26,2019-06-30
4272,,ramesh.kumar924outlook.com,9723362115,PATNA,Male,123,2023-11-08
4273,Divya Iyer,divya.iyer436gmail.com,9306641742,Bhopal,Male,67,2020-05-25
4274,Ayaan Chopra,ayaan.chopra552@gmail.com,8743573080,Chennai,Female,46,2020-11-29
4275,Ayaan Rao,ayaan.rao67@hotmail.com,9856097132,Agra,Female,60,2023-11-08
4276,Divya Malhotra,divya.malhotra783@rediffmail.com,9110608242,Patna,Female,60,2024-07-30
4277,Sunita Reddy,sunita.reddy404@rediffmail,8331992334,Chennai,Male,23,2022-04-26
4278,Karan Singh,karan.singh965@yahoo.com,9599299522,Ahmedabad,Female,65,2022-10-25
4279,Anjali Pillai,anjali.pillai664@yahoo.com,8056455133,Agra,Male,29,2024-02-29
4280,Anika Bhatt,anika.bhatt306@yahoo,8939686842,Chennai,Other,68,2023-06-21
4281,Sai Bansal,sai.bansal61@outlook.com,8070612245,Lucknow,Male,33,2023-03-24
4282,Krishna Malhotra,krishna.malhotra950@gmail.com,7859922602,Bengaluru,Female,36,2020-05-26
4283,Ramesh Pillai,ramesh.pillai810@hotmail.com,+91-7372392213,Bhopal,Female,62,2021-07-31
4284,Ramesh Bansal,ramesh.bansal973@outlook.com,8493068609,Agra,Female,35,2019-06-06
4285,Aditya Bhatt,aditya.bhatt298@yahoo,9012245469,Delhi,Male,46,2019-07-23
4286,Pooja Agarwal,pooja.agarwal870@yahoo.com,8579856478,Indore,Other,43,2024-05-07
4287,Suresh Reddy,suresh.reddy340@rediffmail,9976692618,Ahmedabad,Female,43,2023-05-16
4288,Krishna Joshi,krishna.joshi768@hotmail.com,8480072036,Mumbai,Female,58,2022-12-24
4289,Karan Sharma,karan.sharma507@outlook.com,9653824485,Nashik,Female,43,2021-03-18
4290,Reyansh Verma,reyansh.verma921@yahoo.com,8689768229,Pune,Male,54,2023-05-16
4291,Sai Gupta,sai.gupta128@yahoo.com,9967381272,Mumbai,Female,28,2022-09-20
4292,Manish Patel,manish.patel720@yahoo.com,9252218013,Bhopal,Female,42,2024-07-04
4293,Anika Mehta,anika.mehta69@outlook.com,7851823632,Patna,Male,16,2022-12-16
4294,Vihaan Malhotra,vihaan.malhotra515@rediffmail.com,9730130985,Ahmedabad,Other,17,2023-05-10
4295,Pari Reddy,pari.reddy583@rediffmail.com,9714529808,Agra,Female,25,2024-10-26
4296,Manish Mehta,manish.mehta987@hotmail.com,+91-7434748707,Surat,Male,33,2021-08-30
4297,Pari Verma,pari.verma447hotmail.com,8389254972,Delhi,Female,56,2020-12-15
4298,Myra Gupta,myra.gupta579@outlook.com,7289676121,Agra,Other,56,2024-02-23
4299,,aditya.joshi933@gmail.com,7164411127,Sur@t,Other,170,2020-06-13
4300,Shreya Kapoor,shreya.kapoor515@rediffmail.com,8939369976,Hyderabad,Male,69,2023-02-17
4301,Neha Rao,neha.rao758hotmail.com,7748816690,Ludhiana,Other,17,2021-09-19
4302,Neha Iyer,neha.iyer586hotmail.com,9295199792,Kanpur,Other,25,2024-01-29
4303,Ananya Kapoor,ananya.kapoor319@hotmail.com,7387284789,Mumbai,Other,24,2021-01-24
4304,Ayaan Malhotra,ayaan.malhotra697@yahoo.com,9567309379,Chennai,Female,50,2024-10-17
4305,Sai Iyer,sai.iyer422@gmail.com,7280485516,Ludhiana,Male,18,2020-11-08
4306,Kavya Kapoor,kavya.kapoor297@yahoo.com,+91-8048576097,Ludhiana,Other,70,2024-07-17
4307,Ayaan Patel,ayaan.patel785@gmail.com,8628360574,Ludhiana,Female,46,2024-08-23
4308,Kritika Chopra,kritika.chopra992@outlook.com,8364344261,Nashik,Female,51,2019-07-05
4309,Ananya Singh,ananya.singh545@gmail.com,8195170390,Ahmedabad,Female,40,2019-03-11
4310,Divya Singh,divya.singh689@gmail.com,9622832880,Nagpur,Male,68,2022-02-19
4311,Riya Reddy,riya.reddy914@outlook.com,7256821098,Delhi,Male,43,2024-12-19
4312,Rahul Sharma,rahul.sharma122@yahoo.com,8214587247,Vadodara,Female,50,2020-03-12
4313,Isha Bhatt,isha.bhatt996@hotmail,7223838438,Bengaluru,Other,28,2023-03-21
4314,Meera Nair,meera.nair972@outlook.com,8733442241,Nashik,Other,49,2023-05-02
4315,Priya Nair,priya.nair418@outlook.com,9154784624,Nashik,Male,31,2020-03-05
4316,Myra Kumar,myra.kumar352@gmail.com,9588712620,Nashik,Other,55,2024-11-17
4317,Pari Bansal,pari.bansal346@yahoo.com,9401092979,Agra,Male,17,2024-12-03
4318,Ishaan Mehta,ishaan.mehta91@rediffmail.com,8866602286,Ludhiana,Male,68,2023-11-02
4319,Aarav Verma,aarav.verma897@hotmail.com,7557091321,Ahmedabad,Female,30,2019-07-23
4320,Meera Joshi,meera.joshi29@rediffmail.com,7750556290,Vadodara,Other,59,2019-03-31
4321,Ananya Sharma,ananya.sharma608@rediffmail.com,9987508062,Jaipur,Female,20,2019-07-28
4322,Suresh Kumar,suresh.kumar499@hotmail.com,9270155757,Indore,Other,34,2019-10-19
4323,Pooja Singh,pooja.singh807@hotmail.com,+91-7606021984,Indore,Male,18,2021-05-23
4324,Amit Verma,amit.verma254@outlook.com,9960799274,Patna,Other,68,2022-08-02
4325,Rohan Iyer,rohan.iyer695outlook.com,8819762590,Nagpur,Male,54,2022-05-28
4326,Deepak Bhatt,deepak.bhatt291@gmail.com,7714623395,Pune,Female,18,2019-11-10
4327,Vivaan Sharma,vivaan.sharma87@outlook.com,8019916083,Vadodara,Female,52,2021-11-05
4328,Vivaan Sharma,vivaan.sharma832@outlook.com,8997149865,Bhopal,Other,61,2020-07-28
4329,Sneha Patel,sneha.patel880@gmail.com,9527788479,Kolkata,Other,39,2019-05-03
4330,Aadhya Singh,aadhya.singh542@yahoo.com,9379872109,Nagpur,Other,55,2020-08-06
4331,Saanvi Rao,saanvi.rao179@hotmail.com,7509783592,Vadodara,Female,32,2023-06-30
4332,Karan Pillai,karan.pillai343@outlook.com,8126388313,Bengaluru,Other,49,2022-10-19
4333,Ramesh Bhatt,ramesh.bhatt913@hotmail.com,9828599209,Agra,Other,60,2021-02-13
4334,Ananya Kapoor,ananya.kapoor863@outlook.com,8187727602,Nagpur,Other,36,2024-12-19
4335,Kavya Gupta,kavya.gupta763@outlook,7826610034,Nagpur,Female,28,2024-01-03
4336,Pooja Kapoor,pooja.kapoor634@rediffmail.com,9019723010,Kanpur,Other,62,2019-08-31
4337,Ishaan Desai,ishaan.desai937hotmail.com,7396406375,Kolkata,Other,60,2020-02-29
4338,Reyansh Malhotra,reyansh.malhotra523@gmail.com,+91-8558483799,Nagpur,Female,16,2024-03-26
4339,Vivaan Singh,vivaan.singh735@yahoo.com,+91-7145602749,Bhopal,Male,42,2023-04-14
4340,Arjun Reddy,arjun.reddy144@gmail.com,+91-9834681592,Lucknow,Male,36,2022-12-30
4341,Nikhil Kumar,nikhil.kumar889@gmail.com,7160939007,Pune,Female,36,2021-04-17
4342,Amit Reddy,amit.reddy28@outlook.com,8439922110,Lucknow,Male,67,2023-09-14
4343,Sai Kumar,sai.kumar445@hotmail.com,9178912158,Indore,Female,64,2020-09-23
4344,Nikhil Kumar,nikhil.kumar458@hotmail.com,7334607218,Vadodara,Male,53,2022-08-19
4345,Ishaan Reddy,ishaan.reddy713@outlook.com,9450249163,Nagpur,Female,60,2024-01-17
4346,Nikhil Singh,nikhil.singh26@hotmail.com,+91-9526882393,Kanpur,Other,47,2022-02-16
4347,Rahul Singh,rahul.singh31@hotmail.com,8912755963,Lucknow,Female,18,2020-12-25
4348,Riya Gupta,riya.gupta599@hotmail.com,7241528403,Agra,Male,16,2022-07-08
4349,Myra Gupta,myra.gupta200@rediffmail.com,8958805981,Hyderabad,Other,52,2020-08-02
4350,Pooja Agarwal,pooja.agarwal914rediffmail.com,8865839997,Nagpur,Female,48,2020-07-05
4351,Riya Bansal,riya.bansal490@gmail.com,7013121778,Vadodara,Male,23,2022-01-03
4352,Ishaan Singh,ishaan.singh690@hotmail.com,8401493101,Agra,Male,26,2021-12-06
4353,Rohan Mehta,rohan.mehta745@yahoo.com,9806965838,Jaipur,Other,31,2020-06-13
4354,Shreya Pillai,shreya.pillai754@outlook.com,7124011371,Kolkata,Female,58,2020-10-10
4355,Manish Bhatt,manish.bhatt680@gmail.com,7601563570,Lucknow,Male,40,2024-03-10
4356,Ramesh Nair,ramesh.nair634@yahoo.com,8273403,Lucknow,Female,28,2024-05-26
4357,Anjali Bhatt,anjali.bhatt340@hotmail.com,996789399,Patna,Male,26,2022-04-30
4358,Anika Nair,anika.nair592@outlook.com,7041533427,Chennai,Other,37,2023-11-11
4359,Diya Joshi,diya.joshi543@gmail.com,9329428876,Lucknow,Female,36,2023-04-24
4360,Priya Bhatt,priya.bhatt562@hotmail.com,8849738054,Hyderabad,Other,20,2022-02-14
4361,Anika Kumar,anika.kumar744@hotmail.com,9472955766,Bengaluru,Female,27,2022-02-08
4362,Nikhil Kumar,nikhil.kumar799@rediffmail.com,7703695895,Kolkata,Male,65,2020-01-15
4363,Nikhil Desai,nikhil.desai285@hotmail.com,8134094970,Hyderabad,Other,66,2024-11-23
4364,Ayaan Mehta,ayaan.mehta602@rediffmail.com,7075497500,Chennai,Other,20,2021-01-15
4365,Vihaan Bhatt,vihaan.bhatt677@rediffmail.com,7936390794,Ahmedabad,Male,19,2024-01-09
4366,Meera Rao,meera.rao183@outlook.com,+91-9391901351,Nashik,Female,46,2020-12-20
4367,Rohan Mehta,rohan.mehta979@hotmail.com,7493039427,Indore,Male,24,2019-01-02
4368,Neha Verma,neha.verma294@yahoo.com,77514643,Hyderabad,Other,63,2022-11-28
4369,Ishaan Singh,ishaan.singh745@hotmail.com,8263745047,Chennai,Other,22,2019-09-27
4370,Aadhya Sharma,aadhya.sharma569@yahoo.com,9489881309,Vadodara,Other,68,2020-03-26
4371,Reyansh Reddy,reyansh.reddy455@gmail.com,7144929959,Ludhiana,Male,57,2019-08-30
4372,Riya Malhotra,riya.malhotra255@hotmail.com,7242741023,Jaipur,Other,60,2022-01-06
4373,Sai Bhatt,sai.bhatt128@hotmail.com,709777736,Delhi,Male,59,2021-04-22
4374,Vivaan Bhatt,vivaan.bhatt126@hotmail.com,7677803957,Ludhiana,Female,61,2019-10-24
4375,Nikhil Bhatt,nikhil.bhatt360@yahoo.com,9186382263,Bhopal,Male,65,2020-04-22
4376,Aditya Joshi,aditya.joshi879@hotmail.com,7709341971,Jaipur,Female,43,2024-04-04
4377,Shreya Sharma,shreya.sharma497@gmail.com,8145126,Pune,Other,40,2024-06-27
4378,Aarav Kumar,aarav.kumar711@gmail.com,8439386607,Kanpur,Female,46,2023-08-28
4379,Meera Reddy,meera.reddy950@outlook.com,8030550041,Agra,Other,26,2024-11-12
4380,Neha Bhatt,neha.bhatt263@hotmail.com,7769918426,Indore,Female,16,2022-03-03
4381,Isha Chopra,isha.chopra426gmail.com,8364732537,Surat,Other,56,2021-10-14
4382,Sanjay Verma,sanjay.verma905@yahoo.com,8071499632,Jaipur,Female,37,2019-04-05
4383,Riya Joshi,riya.joshi562@rediffmail.com,7165554421,Kanpur,Other,61,2020-06-08
4384,Aditya Joshi,aditya.joshi878@gmail.com,8876379183,Surat,Male,38,2020-10-12
4385,Priya Rao,priya.rao337@hotmail.com,9959095112,Ahmedabad,Other,20,2019-06-05
4386,Aditya Rao,aditya.rao701@rediffmail.com,9014723021,Indore,Other,35,2023-04-21
4387,Isha Verma,isha.verma883@yahoo.com,9228324074,Lucknow,Female,31,2023-01-30
4388,Sneha Kapoor,sneha.kapoor95@outlook.com,9581314810,Delhi,Other,27,2021-02-08
4389,Kavya Sharma,kavya.sharma107@gmail.com,8861654614,Agra,Female,59,2021-12-30
4390,Ananya Joshi,ananya.joshi269@hotmail.com,9628257637,Ahmedabad,Female,19,2021-02-14
4391,Arjun Verma,arjun.verma565@gmail.com,7199789752,Hyderabad,Male,36,2021-05-19
4392,Deepak Singh,deepak.singh713@yahoo.com,7723668909,Mumbai,Female,42,2019-08-19
4393,Aarav Rao,aarav.rao537yahoo.com,8812040761,Bhopal,Male,64,2019-12-13
4394,Neha Joshi,neha.joshi996@rediffmail.com,85521294,Indore,Other,50,2021-07-20
4395,Anjali Sharma,anjali.sharma647@outlook.com,8155644708,Hyderabad,Male,60,2019-02-19
4396,Amit Iyer,amit.iyer548@hotmail.com,8069981066,Surat,Other,16,2021-08-02
4397,Ishaan Gupta,ishaan.gupta337yahoo.com,8357522265,Surat,Female,21,2020-11-03
4398,Meera Bhatt,meera.bhatt719@yahoo.com,9941464065,Ahmedabad,Other,29,2021-11-02
4399,Sunita Rao,sunita.rao190@gmail.com,9309633741,Lucknow,Male,47,2019-06-22
4400,Aadhya Sharma,aadhya.sharma401@rediffmail.com,7661432909,Vadodara,Other,34,2021-02-24
4401,Aarav Iyer,aarav.iyer178@outlook.com,8106260838,Mumbai,Female,61,2021-06-14
4402,Riya Malhotra,riya.malhotra689@outlook.com,7337562,Kanpur,Female,43,2021-03-29
4403,Manish Rao,manish.rao101@gmail.com,8173772356,Agra,Female,16,2021-10-04
4404,,aditya.mehta835@yahoo.com,9528401093,INDORE,Other,160,2021-08-31
4405,Kritika Bhatt,kritika.bhatt125@outlook.com,9579950359,Delhi,Female,65,2023-06-22
4406,Amit Sharma,amit.sharma326@outlook.com,8675564191,Kanpur,Female,64,2023-09-27
4407,Vivaan Agarwal,vivaan.agarwal862@yahoo.com,8253717,Mumbai,Female,53,2022-08-18
4408,Sanjay Malhotra,sanjay.malhotra940@gmail.com,9425290088,Bhopal,Male,34,2020-07-09
4409,Suresh Reddy,suresh.reddy697@yahoo.com,9585486540,Pune,Female,56,2022-12-11
4410,Divya Desai,divya.desai396@rediffmail.com,7596187820,Hyderabad,Other,67,2021-09-18
4411,Isha Gupta,isha.gupta267@gmail.com,7451081832,Mumbai,Other,63,2019-10-11
4412,Aadhya Rao,aadhya.rao32@hotmail.com,7450269526,Kolkata,Female,68,2023-10-26
4413,Krishna Singh,krishna.singh16@yahoo.com,9059572324,Bengaluru,Other,61,2019-05-22
4414,Sanjay Mehta,sanjay.mehta559@outlook.com,7452145373,Lucknow,Male,51,2024-12-06
4415,Anjali Bhatt,anjali.bhatt682@yahoo.com,7783795676,Vadodara,Other,46,2019-09-05
4416,Sneha Malhotra,sneha.malhotra682@hotmail.com,7402884249,Ludhiana,Female,44,2023-11-24
4417,Pari Bhatt,pari.bhatt29@rediffmail.com,8043976546,Pune,Female,31,2019-03-21
4418,Isha Verma,isha.verma132@hotmail.com,7687843582,Kolkata,Male,62,2020-09-21
4419,Saanvi Verma,saanvi.verma178@yahoo.com,83123918,Bhopal,Other,40,2022-02-03
4420,Priya Reddy,priya.reddy350@hotmail.com,7007036910,Indore,Other,43,2021-08-08
4421,Ramesh Kumar,ramesh.kumar850@yahoo.com,9170109924,Bengaluru,Male,27,2024-10-12
4422,Myra Patel,myra.patel7gmail.com,9290884267,Mumbai,Female,55,2022-01-07
4423,Sai Bhatt,sai.bhatt232@yahoo.com,7278868470,Bhopal,Male,51,2022-08-30
4424,Suresh Sharma,suresh.sharma16@gmail.com,7456625789,Hyderabad,Female,41,2024-02-01
4425,Aadhya Mehta,aadhya.mehta166@outlook.com,9046078707,Ludhiana,Other,29,2019-10-08
4426,Manish Mehta,manish.mehta868@yahoo.com,7478752401,Bengaluru,Male,35,2024-12-07
4427,Neha Kumar,neha.kumar68@hotmail.com,7308511544,Bhopal,Male,23,2023-03-18
4428,Shreya Bhatt,shreya.bhatt359@outlook.com,8887853587,Lucknow,Male,44,2019-04-16
4429,Aarav Chopra,aarav.chopra813@gmail.com,8744607379,Kolkata,Female,43,2021-04-01
4430,Ayaan Verma,ayaan.verma922@yahoo.com,8511286123,Nashik,Male,33,2024-05-28
4431,Diya Reddy,diya.reddy876@outlook.com,8920913511,Nagpur,Male,39,2022-02-23
4432,Isha Joshi,isha.joshi366@hotmail.com,8099721036,Vadodara,Female,67,2020-08-24
4433,Riya Verma,riya.verma299@outlook.com,8486781674,Bengaluru,Male,62,2021-09-06
4434,Pari Mehta,pari.mehta330@rediffmail.com,8807137245,Nagpur,Female,24,2023-08-31
4435,Shreya Joshi,shreya.joshi688@outlook.com,7200690705,Mumbai,Male,22,2023-10-04
4436,Priya Nair,priya.nair330@hotmail.com,7083255575,Ahmedabad,Female,27,2019-02-07
4437,Aadhya Pillai,aadhya.pillai769@hotmail.com,8537179653,Kanpur,Male,37,2023-03-25
4438,Neha Reddy,neha.reddy920@gmail.com,7979093015,Agra,Other,23,2023-10-31
4439,Shreya Iyer,shreya.iyer203@outlook.com,7767199253,Hyderabad,Male,47,2019-10-05
4440,Meera Bhatt,meera.bhatt882@rediffmail.com,8734506467,Jaipur,Male,66,2019-10-20
4441,Aarav Verma,aarav.verma888@outlook.com,8225794733,Bengaluru,Female,56,2019-02-05
4442,Aadhya Mehta,aadhya.mehta121@rediffmail.com,9111355587,Patna,Female,26,2023-08-20
4443,Saanvi Bhatt,saanvi.bhatt570@gmail.com,8222223,Delhi,Female,21,2019-06-10
4444,Sneha Singh,sneha.singh893@gmail.com,7405351814,Mumbai,Other,67,2024-11-22
4445,Ramesh Rao,ramesh.rao608@gmail.com,7279700775,Surat,Other,48,2020-12-29
4446,Ananya Kumar,ananya.kumar804@rediffmail.com,8798225013,Delhi,Other,27,2021-08-23
4447,Ananya Rao,ananya.rao992hotmail.com,8430785910,Ahmedabad,Female,38,2021-05-30
4448,Saanvi Agarwal,saanvi.agarwal787@outlook.com,8412995684,Indore,Other,48,2021-10-30
4449,Neha Joshi,neha.joshi673@outlook.com,8463681018,Kolkata,Male,69,2022-08-20
4450,Shreya Sharma,shreya.sharma892@hotmail.com,+91-8524120029,Mumbai,Female,60,2022-01-08
4451,Priya Gupta,priya.gupta871yahoo.com,8451923341,Jaipur,Other,18,2020-06-03
4452,Arjun Bhatt,arjun.bhatt777@gmail.com,+91-7337426643,Delhi,Other,60,2022-06-06
4453,Vivaan Gupta,vivaan.gupta532@yahoo.com,9592909347,Delhi,Other,65,2022-01-25
4454,Aadhya Verma,aadhya.verma888@yahoo.com,7517266348,Agra,Other,64,2021-06-28
4455,Ayaan Sharma,ayaan.sharma702@outlook.com,+91-7091071276,Pune,Female,20,2022-11-10
4456,Aditya Joshi,aditya.joshi952@outlook.com,9258342677,Pune,Other,16,2019-11-07
4457,Manish Kapoor,manish.kapoor887@hotmail.com,+91-8554528128,Mumbai,Female,59,2023-03-28
4458,Anjali Malhotra,anjali.malhotra589@gmail.com,8872532512,Surat,Male,22,2024-11-10
4459,Pooja Agarwal,pooja.agarwal799@yahoo.com,9861793048,Bhopal,Female,16,2021-08-31
4460,Karan Agarwal,karan.agarwal405@gmail.com,7970472376,Nagpur,Other,28,2020-05-09
4461,Divya Singh,divya.singh980@rediffmail.com,9129828041,Lucknow,Female,16,2020-04-20
4462,Pari Verma,pari.verma226@rediffmail.com,7571634041,Bhopal,Male,38,2019-01-24
4463,Aadhya Pillai,aadhya.pillai129@outlook.com,7896043670,Surat,Male,28,2023-06-16
4464,Sneha Rao,sneha.rao575@rediffmail.com,8766201630,Ahmedabad,Male,61,2021-01-18
4465,Myra Agarwal,myra.agarwal555@rediffmail.com,8689113719,Jaipur,Other,31,2023-06-07
4466,Reyansh Mehta,reyansh.mehta473@outlook.com,8033703995,Lucknow,Other,28,2019-06-01
4467,Sneha Patel,sneha.patel370@gmail.com,8073732140,Hyderabad,Female,41,2023-04-01
4468,Aadhya Desai,aadhya.desai420@hotmail.com,+91-7304255191,Lucknow,Male,43,2023-01-14
4469,Sanjay Reddy,sanjay.reddy232@yahoo,7081039899,Pune,Other,40,2022-11-05
4470,Reyansh Iyer,reyansh.iyer186@outlook.com,9257909326,Pune,Male,50,2019-12-19
4471,Meera Pillai,meera.pillai648@yahoo.com,7389013595,Ahmedabad,Male,63,2021-04-08
4472,Arjun Mehta,arjun.mehta926@rediffmail.com,8479017338,Kolkata,Female,35,2019-09-30
4473,Ayaan Patel,ayaan.patel475outlook.com,+91-9237629387,Surat,Male,68,2023-04-07
4474,Riya Bansal,riya.bansal535@hotmail.com,9043052725,Pune,Male,21,2023-01-19
4475,Vihaan Mehta,vihaan.mehta866@outlook.com,9050355292,Jaipur,Female,26,2023-09-20
4476,Diya Nair,diya.nair380@outlook.com,9576754659,Mumbai,Male,35,2021-07-25
4477,Manish Reddy,manish.reddy291@yahoo,9915450754,Vadodara,Female,27,2020-12-21
4478,Krishna Reddy,krishna.reddy570@outlook.com,8800762997,Agra,Female,38,2024-05-23
4479,Divya Sharma,divya.sharma642hotmail.com,7518759255,Chennai,Other,60,2024-02-13
4480,Neha Kumar,neha.kumar346@yahoo.com,7808057026,Vadodara,Female,66,2024-05-05
4481,Anika Agarwal,anika.agarwal631@gmail.com,7058338622,Nashik,Female,53,2019-01-29
4482,Ishaan Gupta,ishaan.gupta871@outlook.com,7059740113,Kolkata,Other,67,2020-07-06
4483,Manish Patel,manish.patel621@hotmail.com,8814523168,Nagpur,Other,52,2023-04-10
4484,Reyansh Mehta,reyansh.mehta624@yahoo.com,7013384244,Hyderabad,Other,54,2020-10-13
4485,Amit Joshi,amit.joshi242@rediffmail.com,7359107302,Hyderabad,Male,64,2022-10-12
4486,Vivaan Kapoor,vivaan.kapoor479@gmail.com,993051011,Ludhiana,Male,22,2021-05-10
4487,Sai Reddy,sai.reddy119@outlook.com,922091248,Bhopal,Female,28,2021-03-23
4488,Meera Pillai,meera.pillai537@yahoo.com,7153250336,Nagpur,Male,63,2023-04-17
4489,Neha Pillai,neha.pillai361@gmail.com,7438929563,Hyderabad,Male,42,2023-05-12
4490,Aarav Kumar,aarav.kumar923@outlook.com,7729719743,Delhi,Female,50,2019-12-27
4491,Diya Joshi,diya.joshi188@rediffmail.com,7673677867,Indore,Male,59,2021-01-13
4492,Ananya Kapoor,ananya.kapoor300@yahoo.com,+91-7014761054,Chennai,Other,43,2021-09-26
4493,Reyansh Pillai,reyansh.pillai922@hotmail.com,8041859639,Chennai,Male,67,2023-10-17
4494,Amit Verma,amit.verma629@hotmail.com,7005614749,Bengaluru,Female,35,2020-03-03
4495,Vihaan Verma,vihaan.verma147@gmail.com,8985620741,Kanpur,Other,29,2022-12-19
4496,Diya Kumar,diya.kumar533@hotmail,7118559925,Mumbai,Other,16,2022-11-09
4497,Anjali Pillai,anjali.pillai793@gmail.com,7850394513,Nashik,Male,61,2021-10-07
4498,Isha Chopra,isha.chopra606@yahoo.com,8734253556,Hyderabad,Other,50,2022-10-16
4499,Karan Rao,karan.rao733@hotmail.com,9575471698,Nashik,Female,66,2024-06-16
4500,Divya Kumar,divya.kumar111@outlook.com,7844835492,Nashik,Female,63,2023-02-16
4501,Kavya Desai,kavya.desai56@rediffmail.com,9947062090,Hyderabad,Male,45,2021-05-22
4502,Ramesh Kapoor,ramesh.kapoor779rediffmail.com,8248186021,Agra,Male,65,2022-03-07
4503,Manish Singh,manish.singh924@outlook.com,8231030825,Chennai,Female,59,2023-03-17
4504,Saanvi Verma,saanvi.verma413@gmail.com,9926446531,Mumbai,Female,29,2021-04-20
4505,Sneha Joshi,sneha.joshi812yahoo.com,9242463843,Nagpur,Other,59,2022-04-19
4506,Karan Kapoor,karan.kapoor193@hotmail.com,8714910622,Hyderabad,Male,38,2023-03-15
4507,Reyansh Verma,reyansh.verma572gmail.com,7588752245,Kolkata,Other,54,2022-09-01
4508,Aditya Reddy,aditya.reddy631@rediffmail.com,7241758583,Agra,Female,32,2024-04-11
4509,Neha Verma,neha.verma831@hotmail.com,7937576008,Mumbai,Female,21,2022-05-08
4510,Neha Reddy,neha.reddy715@hotmail.com,7032587952,Patna,Male,28,2021-09-23
4511,Reyansh Patel,reyansh.patel475@yahoo.com,7659757066,Kanpur,Male,24,2022-05-01
4512,Karan Malhotra,karan.malhotra8@outlook.com,9270582377,Nashik,Other,51,2023-10-04
4513,Kavya Desai,kavya.desai58@hotmail.com,7635147049,Surat,Male,50,2021-06-03
4514,Amit Chopra,amit.chopra445@outlook.com,8987267393,Hyderabad,Female,29,2022-01-01
4515,Shreya Singh,shreya.singh612@outlook.com,8292090150,Vadodara,Other,23,2021-11-25
4516,Anika Gupta,anika.gupta825@gmail.com,9697427727,Patna,Other,62,2020-11-21
4517,Sanjay Iyer,sanjay.iyer220@hotmail,7684452657,Patna,Other,21,2020-10-01
4518,Reyansh Mehta,reyansh.mehta164@hotmail.com,+91-8765588575,Lucknow,Female,36,2021-12-06
4519,Ayaan Reddy,ayaan.reddy239@yahoo.com,8515944192,Bengaluru,Other,53,2021-07-18
4520,Neha Kapoor,neha.kapoor633@yahoo.com,9268226911,Delhi,Female,33,2024-01-19
4521,Sunita Rao,sunita.rao850@yahoo.com,8054128531,Hyderabad,Female,46,2019-12-25
4522,Aarav Rao,aarav.rao891@outlook.com,7276309437,Ahmedabad,Male,38,2024-01-26
4523,Ananya Pillai,ananya.pillai921@yahoo.com,8281820915,Kanpur,Other,60,2019-02-13
4524,Saanvi Mehta,saanvi.mehta448@hotmail.com,8235718009,Ludhiana,Male,70,2023-10-04
4525,Pooja Chopra,pooja.chopra768@gmail.com,8279589527,Surat,Female,63,2021-10-20
4526,Divya Kapoor,divya.kapoor884@yahoo.com,7124917258,Kanpur,Other,31,2023-09-03
4527,Krishna Agarwal,krishna.agarwal709@rediffmail.com,8549718329,Jaipur,Male,33,2022-08-20
4528,Sanjay Reddy,sanjay.reddy764@yahoo.com,8056300892,Pune,Other,65,2020-12-22
4529,Manish Verma,manish.verma19@yahoo.com,7992947237,Agra,Female,66,2019-05-28
4530,Aditya Chopra,aditya.chopra825@hotmail.com,7525628754,Kanpur,Other,49,2019-09-15
4531,Riya Sharma,riya.sharma651@rediffmail.com,9212418864,Ludhiana,Male,60,2019-04-29
4532,Karan Sharma,karan.sharma463@hotmail.com,8784813633,Surat,Other,40,2019-07-16
4533,Krishna Bansal,krishna.bansal217@yahoo.com,9808417,Mumbai,Female,29,2023-09-13
4534,Pooja Singh,pooja.singh859@outlook.com,8965362968,Nashik,Female,42,2023-07-20
4535,Isha Rao,isha.rao765@yahoo.com,8066028624,Bengaluru,Female,44,2019-09-24
4536,Rahul Rao,rahul.rao12@rediffmail.com,7247668812,Surat,Female,60,2023-11-21
4536,Rahul Rao,rahul.rao12@rediffmail.com,7247668812,Surat,Female,60,2023-11-21
4537,,deepak.sharma184@yahoo.com,8744414030,K@npur,Female,198,2020-10-17
4538,Karan Sharma,karan.sharma960@yahoo.com,7160889139,Ludhiana,Female,48,2022-07-17
4539,Pooja Bhatt,pooja.bhatt308@gmail.com,8788065361,Nagpur,Other,56,2019-10-10
4540,Saanvi Bansal,saanvi.bansal706@gmail.com,7220348793,Chennai,Other,36,2019-01-09
4541,Aadhya Chopra,aadhya.chopra255@gmail.com,8814422865,Patna,Male,18,2023-09-01
4542,Kavya Joshi,kavya.joshi159@hotmail.com,7249331733,Hyderabad,Male,37,2021-02-19
4542,Kavya Joshi,kavya.joshi159@hotmail.com,7249331733,Hyderabad,Male,37,2021-02-19
4543,,vihaan.sharma373@hotmail.com,7972168776,nashik,Male,178,2024-04-18
4544,Vihaan Joshi,vihaan.joshi361@rediffmail.com,7248237215,Mumbai,Other,68,2024-03-29
4545,Aarav Agarwal,aarav.agarwal376@hotmail.com,9293601068,Patna,Other,21,2023-09-15
4546,Reyansh Gupta,reyansh.gupta456@outlook.com,9383148560,Chennai,Other,45,2023-02-20
4547,Arjun Bansal,arjun.bansal176@yahoo.com,79037398,Agra,Male,50,2023-09-21
4548,Reyansh Iyer,reyansh.iyer855@outlook.com,8020546223,Nagpur,Female,18,2019-11-14
4549,Reyansh Joshi,reyansh.joshi798@yahoo.com,9421264173,Nashik,Male,46,2021-08-10
4550,Divya Mehta,divya.mehta960@gmail.com,8567965557,Nashik,Male,38,2020-07-11
4550,Divya Mehta,divya.mehta960@gmail.com,8567965557,Nashik,Male,38,2020-07-11
4551,,ramesh.rao688@gmail.com,9205753767,VADODARA,Male,184,2021-11-11
4552,Diya Agarwal,diya.agarwal728@outlook.com,7976355880,Bengaluru,Female,41,2021-11-19
4553,Ayaan Rao,ayaan.rao973@outlook.com,7098318384,Nashik,Male,68,2022-04-12
4554,Aditya Nair,aditya.nair874@rediffmail.com,8756431442,Indore,Other,32,2019-01-03
4555,Vihaan Desai,vihaan.desai455@yahoo.com,7362894737,Hyderabad,Male,53,2020-06-10
4556,Kritika Malhotra,kritika.malhotra139@outlook.com,9535079189,Indore,Male,21,2020-01-21
4557,Vihaan Nair,vihaan.nair510@rediffmail.com,7035332546,Delhi,Female,26,2022-06-11
4558,Sunita Nair,sunita.nair579@rediffmail.com,8839389147,Indore,Female,67,2020-05-22
4559,Diya Reddy,diya.reddy583@hotmail.com,+91-9248415450,Patna,Male,18,2022-02-25
4560,Karan Gupta,karan.gupta898@rediffmail.com,+91-7907365478,Chennai,Male,28,2021-03-25
4561,Neha Patel,neha.patel746@gmail.com,8484455111,Pune,Other,18,2023-10-28
4562,Vihaan Kapoor,vihaan.kapoor305@hotmail.com,8698583359,Pune,Female,70,2020-10-28
4563,Aadhya Sharma,aadhya.sharma816@yahoo.com,9077819969,Indore,Female,28,2022-11-16
4564,Arjun Singh,arjun.singh982@gmail.com,9295419123,Hyderabad,Other,22,2021-03-17
4565,Vihaan Reddy,vihaan.reddy158@yahoo.com,8571258584,Jaipur,Other,59,2019-05-20
4566,Vivaan Desai,vivaan.desai302@gmail.com,8115324554,Agra,Other,53,2021-04-13
4567,Meera Pillai,meera.pillai994@hotmail.com,7241319203,Kolkata,Other,37,2020-09-25
4568,Ramesh Bansal,ramesh.bansal38@rediffmail.com,7185273202,Bhopal,Other,37,2020-10-29
4569,Isha Iyer,isha.iyer235@yahoo.com,8061092216,Kanpur,Male,69,2020-10-18
4570,Neha Agarwal,neha.agarwal761@outlook.com,7908450386,Lucknow,Other,19,2021-09-20
4571,Aadhya Pillai,aadhya.pillai157@rediffmail.com,9541661255,Surat,Female,70,2023-09-03
4572,Saanvi Mehta,saanvi.mehta890@outlook.com,8047919411,Nashik,Female,24,2023-07-29
4573,Anika Sharma,anika.sharma887@outlook.com,9592490097,Hyderabad,Male,28,2019-03-06
4574,Diya Bhatt,diya.bhatt949gmail.com,7427937789,Agra,Other,16,2021-09-14
4575,Meera Verma,meera.verma532@rediffmail.com,9581302244,Lucknow,Male,56,2020-11-05
4576,Rahul Pillai,rahul.pillai345@outlook.com,8483421996,Hyderabad,Other,27,2020-06-27
4577,Aadhya Gupta,aadhya.gupta713@hotmail.com,9513976526,Lucknow,Female,22,2021-02-19
4578,Diya Sharma,diya.sharma520@yahoo.com,7858260657,Ludhiana,Male,21,2024-11-19
4579,Reyansh Patel,reyansh.patel381@gmail.com,9634468835,Chennai,Other,29,2021-06-07
4580,Nikhil Pillai,nikhil.pillai513@yahoo.com,8507491867,Kolkata,Other,19,2021-10-24
4581,Aadhya Agarwal,aadhya.agarwal581@yahoo.com,8063806826,Patna,Female,20,2024-09-20
4582,Anika Agarwal,anika.agarwal274@hotmail.com,8939167385,Hyderabad,Female,45,2024-05-27
4583,Suresh Mehta,suresh.mehta614@rediffmail.com,8286783071,Mumbai,Other,17,2024-09-02
4583,Suresh Mehta,suresh.mehta614@rediffmail.com,8286783071,Mumbai,Other,17,2024-09-02
4584,,ayaan.patel931@gmail,7370960446, Jaipur ,Other,138,2019-03-02
4585,Pooja Kapoor,pooja.kapoor787@yahoo.com,9029348343,Pune,Male,20,2020-06-24
4586,Saanvi Patel,saanvi.patel870@rediffmail.com,9448135521,Mumbai,Female,39,2022-03-11
4587,Anjali Kumar,anjali.kumar474@rediffmail,7427504862,Nagpur,Other,32,2019-11-28
4588,Suresh Malhotra,suresh.malhotra584@hotmail.com,9072018579,Indore,Female,22,2019-06-09
4589,Anjali Kumar,anjali.kumar891@outlook.com,9520376320,Indore,Male,67,2020-01-14
4590,Sai Bhatt,sai.bhatt706@yahoo.com,9384223412,Surat,Female,67,2020-10-23
4591,Rahul Singh,rahul.singh443@hotmail.com,8691841965,Lucknow,Male,20,2024-08-25
4592,Krishna Bansal,krishna.bansal960outlook.com,8090194066,Lucknow,Female,28,2019-05-20
4593,Aadhya Chopra,aadhya.chopra904@outlook.com,+91-8722286712,Indore,Other,40,2024-08-02
4594,Deepak Sharma,deepak.sharma733@gmail.com,8216196896,Lucknow,Other,69,2022-06-09
4595,Rahul Sharma,rahul.sharma730@hotmail,9751021896,Delhi,Male,44,2021-12-04
4596,Aadhya Bhatt,aadhya.bhatt323@yahoo.com,7097817325,Pune,Male,43,2024-08-18
4597,Krishna Kumar,krishna.kumar462@rediffmail.com,9106388764,Bhopal,Other,42,2022-03-18
4598,Sai Rao,sai.rao914@rediffmail.com,7644917167,Pune,Female,63,2020-05-08
4598,Sai Rao,sai.rao914@rediffmail.com,7644917167,Pune,Female,63,2020-05-08
4599,,priya.sharma251@rediffmail.com,9364257823,Agra  ,Other,136,2019-04-07
4600,Aarav Iyer,aarav.iyer863rediffmail.com,8342060825,Ahmedabad,Male,51,2019-04-16
4601,Priya Desai,priya.desai716@hotmail.com,7558279809,Bengaluru,Other,68,2019-09-27
4602,Rahul Sharma,rahul.sharma667@gmail.com,8246348691,Vadodara,Female,22,2019-03-13
4603,Kavya Iyer,kavya.iyer918@hotmail.com,+91-8288644398,Nashik,Male,34,2020-04-14
4604,Divya Bansal,divya.bansal60@outlook.com,8007243135,Vadodara,Male,66,2023-10-23
4605,Ishaan Verma,ishaan.verma862@rediffmail.com,+91-7107230958,Indore,Male,24,2023-01-17
4606,Diya Rao,diya.rao191@rediffmail.com,+91-7971649180,Nashik,Male,17,2024-07-09
4607,Rohan Mehta,rohan.mehta754@yahoo.com,9248045453,Hyderabad,Male,60,2019-04-28
4608,Suresh Malhotra,suresh.malhotra185@outlook.com,9986472166,Hyderabad,Male,38,2023-02-08
4609,Shreya Iyer,shreya.iyer390@hotmail.com,840792260,Ludhiana,Other,17,2024-07-05
4610,Reyansh Reddy,reyansh.reddy863@hotmail.com,+91-9542064246,Bhopal,Male,45,2021-06-11
4611,Deepak Joshi,deepak.joshi532@gmail.com,9171741370,Kanpur,Other,56,2019-06-26
4612,Kritika Kumar,kritika.kumar401@yahoo.com,9878617176,Surat,Other,50,2023-03-24
4613,Anjali Bansal,anjali.bansal59@gmail.com,9553352326,Ahmedabad,Male,49,2019-10-09
4614,Amit Pillai,amit.pillai882@rediffmail.com,8390955088,Bhopal,Male,56,2022-06-27
4615,Nikhil Pillai,nikhil.pillai608@hotmail.com,8727228282,Indore,Other,21,2022-02-24
4616,Anika Malhotra,anika.malhotra172@yahoo.com,9155947148,Pune,Female,25,2023-02-05
4617,Isha Verma,isha.verma45@yahoo.com,7038996711,Lucknow,Other,64,2022-01-28
4618,Pari Bansal,pari.bansal231gmail.com,7888425381,Hyderabad,Male,43,2021-03-28
4619,Kavya Patel,kavya.patel881@gmail.com,8681405114,Kanpur,Male,52,2019-03-20
4620,,anika.mehta257@rediffmail.com,8727793561, Indore ,Male,193,2021-03-19
4621,Suresh Gupta,suresh.gupta482@yahoo.com,9459066746,Indore,Female,41,2022-03-11
4622,Ayaan Bansal,ayaan.bansal607@gmail.com,7700204919,Patna,Other,52,2019-08-18
4623,Manish Mehta,manish.mehta79@yahoo.com,7073681573,Hyderabad,Other,70,2020-06-03
4624,Sneha Bhatt,sneha.bhatt191@yahoo.com,8301069301,Indore,Female,48,2021-07-10
4625,Ramesh Patel,ramesh.patel803@yahoo.com,7894618268,Chennai,Female,57,2022-11-21
4626,Suresh Agarwal,suresh.agarwal398@hotmail,9481589421,Hyderabad,Other,17,2022-03-07
4627,Sanjay Nair,sanjay.nair449@gmail.com,7108890450,Vadodara,Male,26,2021-07-22
4628,Aarav Patel,aarav.patel752@rediffmail.com,8322994128,Ludhiana,Male,19,2019-05-22
4629,Diya Bansal,diya.bansal138@gmail.com,7437503943,Patna,Male,50,2022-09-24
4630,Krishna Kapoor,krishna.kapoor291@hotmail.com,9979469684,Ludhiana,Male,40,2019-06-09
4631,Aarav Malhotra,aarav.malhotra560@hotmail.com,7261575204,Indore,Other,25,2021-09-09
4632,Kritika Nair,kritika.nair969@rediffmail.com,8987165735,Agra,Male,66,2024-11-13
4633,Suresh Rao,suresh.rao937@outlook.com,8257545,Agra,Female,65,2024-08-10
4634,Aditya Malhotra,aditya.malhotra769@yahoo.com,+91-9627130712,Kanpur,Male,44,2023-09-25
4635,Shreya Patel,shreya.patel50@outlook.com,8141703535,Nashik,Male,42,2020-08-19
4636,Sanjay Mehta,sanjay.mehta369@yahoo.com,8779122588,Lucknow,Female,17,2023-03-06
4637,Pooja Mehta,pooja.mehta666@hotmail.com,9406671685,Nagpur,Other,52,2020-02-10
4638,Kritika Malhotra,kritika.malhotra193@yahoo.com,9180540767,Chennai,Other,23,2023-03-01
4639,Aarav Mehta,aarav.mehta17@hotmail.com,7843678202,Hyderabad,Other,42,2024-01-03
4640,Pari Reddy,pari.reddy607@hotmail.com,7118097373,Kanpur,Other,65,2020-07-09
4641,Ramesh Verma,ramesh.verma409@outlook.com,7008894042,Indore,Female,36,2023-12-04
4642,Suresh Agarwal,suresh.agarwal858@rediffmail.com,9979079373,Delhi,Male,68,2022-12-26
4643,Ramesh Pillai,ramesh.pillai7@hotmail.com,7075075,Hyderabad,Male,28,2023-03-24
4644,Anjali Patel,anjali.patel608@outlook.com,9796028003,Jaipur,Other,31,2023-12-09
4645,Ishaan Kapoor,ishaan.kapoor879@yahoo.com,7320833488,Ahmedabad,Other,34,2022-09-20
4645,Ishaan Kapoor,ishaan.kapoor879@yahoo.com,7320833488,Ahmedabad,Other,34,2022-09-20
4646,,anika.kapoor4@rediffmail.com,7238390558, Bhopal ,Male,194,2020-07-11
4647,Vivaan Desai,vivaan.desai505yahoo.com,7060948163,Jaipur,Male,68,2023-09-06
4648,Amit Verma,amit.verma520@rediffmail.com,7367478556,Vadodara,Female,59,2021-01-30
4649,Krishna Mehta,krishna.mehta747gmail.com,8323101500,Nashik,Female,56,2021-07-25
4650,Diya Malhotra,diya.malhotra138@rediffmail.com,9258464840,Chennai,Other,31,2021-02-20
4651,Manish Agarwal,manish.agarwal215@hotmail.com,9803375991,Ludhiana,Female,48,2021-01-18
4652,Saanvi Mehta,saanvi.mehta292@yahoo.com,8703694639,Patna,Other,37,2022-12-27
4653,Diya Rao,diya.rao334@rediffmail,7331565094,Indore,Male,24,2022-07-16
4654,Saanvi Agarwal,saanvi.agarwal175@outlook.com,8772447566,Bengaluru,Other,27,2022-01-14
4655,Arjun Desai,arjun.desai278@outlook.com,7260897575,Nagpur,Female,35,2020-12-06
4656,Riya Bhatt,riya.bhatt436@yahoo.com,9896584588,Indore,Female,34,2019-09-26
4657,Krishna Mehta,krishna.mehta156@gmail.com,9273969985,Indore,Other,41,2024-03-26
4658,Vihaan Gupta,vihaan.gupta217@gmail,7227962658,Ludhiana,Other,29,2021-09-20
4659,Neha Desai,neha.desai678@rediffmail.com,9533060897,Hyderabad,Female,25,2021-05-19
4660,Kavya Kapoor,kavya.kapoor558@rediffmail.com,9537799183,Patna,Male,60,2023-02-05
4661,Suresh Desai,suresh.desai58@outlook.com,7517621349,Pune,Other,59,2021-08-17
4662,Reyansh Kapoor,reyansh.kapoor353@rediffmail.com,9164960656,Indore,Male,46,2024-01-20
4663,Karan Gupta,karan.gupta167@rediffmail.com,8648082037,Lucknow,Male,30,2019-05-13
4664,Reyansh Kapoor,reyansh.kapoor168@gmail.com,8841968128,Ludhiana,Female,59,2021-11-23
4665,Aarav Patel,aarav.patel544@outlook.com,8705555277,Surat,Other,65,2019-10-09
4666,Ananya Rao,ananya.rao406@rediffmail.com,9446794983,Kolkata,Male,65,2019-12-29
4667,Kavya Mehta,kavya.mehta543@hotmail.com,7891231941,Delhi,Other,25,2023-09-21
4668,Vivaan Kumar,vivaan.kumar922@gmail.com,7062215389,Agra,Male,29,2024-08-26
4669,Shreya Agarwal,shreya.agarwal951@outlook.com,9371843996,Jaipur,Other,47,2024-04-28
4670,Deepak Rao,deepak.rao1@yahoo.com,9588496201,Kanpur,Female,40,2023-01-14
4671,Kavya Sharma,kavya.sharma141@outlook.com,8910428587,Pune,Male,20,2024-04-20
4672,Krishna Bhatt,krishna.bhatt912@hotmail.com,7759737897,Ahmedabad,Other,66,2023-09-21
4673,Diya Reddy,diya.reddy42@yahoo.com,7283406775,Chennai,Female,61,2019-04-03
4674,Meera Gupta,meera.gupta896hotmail.com,8291557294,Patna,Male,68,2023-06-28
4675,Aarav Nair,aarav.nair959@yahoo.com,9531251726,Vadodara,Other,46,2024-05-09
4676,Aarav Iyer,aarav.iyer773@hotmail.com,8992623512,Ludhiana,Male,64,2024-07-26
4677,Kritika Joshi,kritika.joshi930@outlook.com,8926608094,Kanpur,Other,55,2023-11-05
4678,Rohan Desai,rohan.desai419@hotmail.com,9284492602,Kanpur,Other,33,2019-10-09
4679,Ishaan Rao,ishaan.rao369@rediffmail.com,9726910055,Surat,Male,57,2019-04-12
4680,Ramesh Bhatt,ramesh.bhatt155@hotmail.com,9585982172,Nagpur,Female,67,2020-06-12
4681,Aditya Rao,aditya.rao837@yahoo.com,8700875776,Nashik,Other,60,2023-05-07
4682,Arjun Verma,arjun.verma143@outlook,7499859036,Indore,Other,27,2020-03-05
4683,Karan Sharma,karan.sharma567@yahoo.com,9644374236,Bengaluru,Female,27,2022-06-20
4684,Meera Pillai,meera.pillai104@gmail.com,7767218490,Lucknow,Female,43,2023-01-24
4685,Sai Bhatt,sai.bhatt55@outlook.com,7734416311,Lucknow,Other,18,2024-02-12
4686,Aadhya Sharma,aadhya.sharma479hotmail.com,8131188254,Agra,Female,25,2024-06-17
4687,Karan Pillai,karan.pillai987@yahoo.com,785370125,Ludhiana,Male,20,2023-03-13
4688,Amit Bhatt,amit.bhatt166@yahoo.com,9479249847,Lucknow,Male,70,2020-02-25
4689,Nikhil Agarwal,nikhil.agarwal697@rediffmail.com,9497613217,Indore,Female,47,2019-10-06
4690,Shreya Kumar,shreya.kumar999rediffmail.com,9442670542,Delhi,Male,51,2023-09-28
4691,Myra Joshi,myra.joshi26@yahoo.com,9663300164,Lucknow,Male,31,2019-04-12
4692,Isha Verma,isha.verma981@rediffmail.com,9990450216,Patna,Other,37,2019-06-23
4693,Nikhil Agarwal,nikhil.agarwal61@outlook.com,7857387332,Ahmedabad,Male,18,2023-10-07
4694,,sneha.kumar556@rediffmail.com,8299502770,chennai,Other,184,2022-06-17
4695,Amit Iyer,amit.iyer738@yahoo.com,9803760379,Patna,Female,47,2020-06-12
4696,Shreya Agarwal,shreya.agarwal539@rediffmail.com,9926908756,Hyderabad,Female,22,2019-04-12
4697,Amit Malhotra,amit.malhotra456@hotmail.com,9044383000,Hyderabad,Female,35,2019-08-26
4698,Riya Kumar,riya.kumar910@outlook.com,8127908197,Kanpur,Female,22,2023-01-21
4699,Meera Malhotra,meera.malhotra72@gmail.com,8067693999,Chennai,Other,33,2021-06-14
4700,Aadhya Reddy,aadhya.reddy470@outlook.com,7440042335,Mumbai,Female,20,2022-01-10
4701,Sanjay Rao,sanjay.rao693@yahoo.com,7564597330,Bengaluru,Male,60,2023-06-28
4702,Rohan Bhatt,rohan.bhatt686@gmail.com,8175036255,Lucknow,Male,51,2019-11-04
4703,Aarav Reddy,aarav.reddy358@rediffmail.com,9367276011,Surat,Other,19,2021-05-17
4704,Ishaan Nair,ishaan.nair577@gmail.com,9423960162,Pune,Other,56,2022-04-24
4705,Suresh Chopra,suresh.chopra260@gmail.com,8190389274,Ludhiana,Male,60,2023-03-16
4706,Ramesh Verma,ramesh.verma391@rediffmail.com,8225144125,Nagpur,Male,35,2021-06-15
4707,Myra Nair,myra.nair448@outlook.com,8222152239,Patna,Other,28,2019-12-25
4708,Aditya Kapoor,aditya.kapoor224@hotmail.com,7826767561,Chennai,Other,33,2024-10-10
4709,Ananya Reddy,ananya.reddy424@hotmail.com,9511471722,Vadodara,Other,19,2020-01-16
4710,Sai Bhatt,sai.bhatt807@hotmail.com,8690829944,Agra,Male,68,2019-08-24
4711,Sai Sharma,sai.sharma720@outlook.com,9392731050,Pune,Other,40,2024-01-26
4712,Shreya Verma,shreya.verma431@rediffmail.com,9829122313,Kolkata,Female,23,2021-11-16
4713,Aadhya Nair,aadhya.nair391hotmail.com,8678720372,Agra,Male,29,2020-12-20
4714,Neha Bhatt,neha.bhatt781@gmail.com,7618797127,Bhopal,Female,23,2023-03-23
4715,Shreya Bhatt,shreya.bhatt192@yahoo.com,8833915383,Bhopal,Female,60,2024-06-16
4716,Sai Reddy,sai.reddy583@gmail.com,9884895684,Ludhiana,Female,70,2022-01-26
4717,Anika Reddy,anika.reddy801outlook.com,7872296528,Patna,Female,30,2024-08-14
4718,Anika Rao,anika.rao342@outlook.com,9380165015,Nashik,Female,41,2020-03-10
4719,Ramesh Kumar,ramesh.kumar544@yahoo.com,8447386716,Ahmedabad,Female,32,2022-08-06
4720,Neha Rao,neha.rao536@hotmail.com,7647619436,Hyderabad,Female,27,2019-05-04
4721,Arjun Kapoor,arjun.kapoor236@yahoo.com,8086196751,Ahmedabad,Male,20,2021-02-27
4722,Ishaan Malhotra,ishaan.malhotra203@yahoo.com,9646065033,Indore,Female,22,2022-12-05
4723,Arjun Mehta,arjun.mehta38@yahoo.com,8281098416,Vadodara,Other,20,2021-06-06
4724,Aditya Rao,aditya.rao275@yahoo.com,8296339087,Agra,Other,57,2023-10-25
4725,Anika Nair,anika.nair513@rediffmail.com,8005743833,Kolkata,Female,31,2024-01-08
4726,Meera Sharma,meera.sharma185@rediffmail.com,8070352715,Mumbai,Female,43,2019-05-10
4727,Arjun Kapoor,arjun.kapoor542@gmail.com,7675757613,Nagpur,Female,57,2022-10-30
4728,Manish Rao,manish.rao134@hotmail.com,9929366608,Indore,Other,59,2024-07-05
4729,Sunita Bansal,sunita.bansal599@rediffmail.com,7530780387,Indore,Other,36,2024-07-07
4730,Rohan Joshi,rohan.joshi872hotmail.com,7170836708,Bhopal,Male,32,2019-10-24
4731,Kritika Mehta,kritika.mehta743@gmail.com,8293605048,Patna,Other,50,2019-12-19
4732,Anjali Verma,anjali.verma523@rediffmail.com,8889222408,Vadodara,Male,61,2023-11-24
4733,Sneha Bhatt,sneha.bhatt144@rediffmail.com,+91-8246201059,Lucknow,Other,36,2024-07-31
4734,Kritika Desai,kritika.desai782@yahoo.com,9943555333,Delhi,Other,70,2021-02-16
4735,Anika Rao,anika.rao615@yahoo.com,7887882291,Nashik,Other,38,2024-09-02
4736,Myra Nair,myra.nair152@gmail,7993418289,Delhi,Female,64,2019-09-23
4737,Kritika Bansal,kritika.bansal959@outlook.com,8446032059,Surat,Other,44,2024-05-29
4738,Suresh Malhotra,suresh.malhotra994@outlook.com,7011830862,Delhi,Other,41,2019-07-25
4739,Rohan Rao,rohan.rao217@gmail.com,8776171122,Agra,Other,59,2021-03-22
4740,Ishaan Mehta,ishaan.mehta436@gmail.com,8898228162,Chennai,Other,47,2024-12-24
4741,Vihaan Agarwal,vihaan.agarwal214@outlook.com,9670003595,Agra,Other,46,2024-03-26
4742,Sunita Agarwal,sunita.agarwal414@yahoo.com,9308404751,Ahmedabad,Other,23,2022-01-29
4743,Anjali Gupta,anjali.gupta35yahoo.com,7457406910,Chennai,Male,21,2019-08-12
4744,Pari Rao,pari.rao905@outlook.com,7872580032,Ahmedabad,Female,69,2021-09-06
4745,Shreya Mehta,shreya.mehta347@gmail.com,7987051133,Lucknow,Female,30,2022-03-17
4746,Shreya Bhatt,shreya.bhatt535yahoo.com,8120198738,Patna,Other,69,2019-06-01
4747,Rahul Iyer,rahul.iyer556@hotmail.com,9796176561,Lucknow,Other,67,2024-11-27
4748,Suresh Chopra,suresh.chopra683@yahoo.com,8571971367,Nashik,Female,58,2019-03-15
4749,Nikhil Kapoor,nikhil.kapoor826@hotmail.com,8076177705,Bengaluru,Male,57,2020-08-31
4750,Ramesh Mehta,ramesh.mehta789@rediffmail.com,9698778151,Ahmedabad,Other,27,2023-05-16
4751,Riya Pillai,riya.pillai474@outlook.com,8983092509,Nagpur,Other,59,2019-03-02
4752,Amit Desai,amit.desai720@hotmail,9213566652,Nagpur,Female,36,2023-03-31
4753,Vivaan Verma,vivaan.verma404@gmail.com,8088426831,Hyderabad,Other,24,2024-02-27
4754,Myra Nair,myra.nair105@hotmail.com,8865197599,Kolkata,Other,40,2022-11-23
4755,Kavya Iyer,kavya.iyer31@rediffmail.com,7704182,Kolkata,Other,64,2022-07-14
4756,Sunita Sharma,sunita.sharma144@rediffmail.com,+91-8085418493,Indore,Female,27,2021-05-29
4757,Anjali Gupta,anjali.gupta302@outlook.com,8664871018,Mumbai,Female,43,2019-04-23
4758,Myra Verma,myra.verma683@rediffmail,8729129931,Patna,Female,54,2023-01-29
4759,Saanvi Desai,saanvi.desai925@hotmail.com,8772436311,Bengaluru,Male,69,2023-12-23
4760,Karan Bansal,karan.bansal221@outlook.com,9099913562,Jaipur,Female,45,2022-02-05
4761,Pooja Rao,pooja.rao385@outlook,9665335173,Ahmedabad,Male,41,2022-09-07
4762,Aarav Malhotra,aarav.malhotra38@rediffmail.com,9183857156,Lucknow,Female,16,2023-10-24
4763,Karan Patel,karan.patel835@gmail.com,9287976383,Nashik,Other,66,2021-09-18
4764,Ishaan Kapoor,ishaan.kapoor146@yahoo.com,9966759264,Jaipur,Female,46,2023-06-17
4765,Arjun Singh,arjun.singh797@hotmail.com,7353847248,Ludhiana,Female,24,2022-11-16
4766,,pooja.patel815@yahoo.com,9817027772,KANPUR,Female,127,2020-12-06
4767,Neha Nair,neha.nair619@outlook.com,8748145234,Hyderabad,Other,58,2024-06-08
4768,Neha Rao,neha.rao293@gmail.com,7736181557,Mumbai,Female,53,2021-07-07
4769,Sneha Mehta,sneha.mehta107@outlook.com,9288760710,Lucknow,Male,18,2024-04-14
4770,Ananya Mehta,ananya.mehta462@hotmail.com,7297924211,Patna,Other,18,2020-10-10
4771,Ayaan Pillai,ayaan.pillai887@hotmail.com,+91-7505557646,Bhopal,Other,39,2021-11-26
4772,Riya Joshi,riya.joshi371@gmail.com,9339646098,Kanpur,Female,31,2020-03-03
4773,Myra Verma,myra.verma806@gmail.com,8444364144,Lucknow,Female,34,2024-05-02
4774,Krishna Rao,krishna.rao605@gmail.com,8919127879,Bengaluru,Other,43,2024-10-22
4775,Kritika Bhatt,kritika.bhatt346@rediffmail.com,8706018720,Kolkata,Other,24,2022-03-04
4776,Meera Patel,meera.patel37@gmail.com,9698504670,Nagpur,Other,25,2023-12-23
4776,Meera Patel,meera.patel37@gmail.com,9698504670,Nagpur,Other,25,2023-12-23
4777,,priya.nair997@rediffmail.com,8016704447,ludhiana,Female,191,2021-03-10
4778,Reyansh Pillai,reyansh.pillai373@gmail.com,9480904861,Jaipur,Male,21,2022-09-28
4779,Rohan Pillai,rohan.pillai250@gmail.com,7944413624,Kanpur,Male,69,2022-05-13
4780,Pooja Reddy,pooja.reddy408@yahoo.com,8938956795,Nagpur,Male,43,2022-01-18
4781,Shreya Chopra,shreya.chopra755@hotmail.com,7863959628,Vadodara,Male,38,2021-07-14
4782,Riya Reddy,riya.reddy847@gmail.com,7794491844,Pune,Other,28,2020-01-27
4783,Vihaan Reddy,vihaan.reddy252@rediffmail.com,9476289334,Patna,Male,19,2020-09-09
4784,Sai Nair,sai.nair497@rediffmail.com,9318344952,Ahmedabad,Other,36,2023-08-06
4785,Divya Gupta,divya.gupta428@yahoo.com,9782474463,Chennai,Female,59,2024-10-25
4786,Suresh Verma,suresh.verma533@hotmail.com,7195398688,Pune,Male,20,2023-12-28
4787,Sneha Chopra,sneha.chopra448@hotmail.com,8925804997,Ludhiana,Other,54,2021-03-31
4788,Pari Mehta,pari.mehta868@rediffmail.com,8162191563,Ludhiana,Female,17,2023-01-30
4789,Arjun Agarwal,arjun.agarwal658@rediffmail.com,9934731436,Vadodara,Male,31,2022-12-11
4790,Ayaan Bhatt,ayaan.bhatt958rediffmail.com,9461054931,Indore,Other,39,2022-03-30
4791,Deepak Verma,deepak.verma264@hotmail.com,90479332,Kolkata,Male,63,2019-05-11
4792,Isha Desai,isha.desai290outlook.com,8611978004,Chennai,Female,19,2024-06-08
4793,Pooja Bansal,pooja.bansal71@gmail.com,7133771523,Hyderabad,Female,67,2019-07-01
4794,Rohan Reddy,rohan.reddy886@hotmail.com,7950657666,Patna,Other,59,2024-08-17
4795,Sanjay Patel,sanjay.patel301@outlook.com,8281473720,Indore,Male,24,2022-08-02
4796,Pooja Agarwal,pooja.agarwal698@rediffmail.com,8681470332,Lucknow,Female,18,2020-01-24
4797,Divya Sharma,divya.sharma57@gmail.com,9780994047,Surat,Other,25,2019-09-05
4798,,saanvi.agarwal300@gmail.com,8007048714, Bhopal ,Female,174,2024-04-07
4799,Rahul Nair,rahul.nair913@yahoo.com,9815261296,Mumbai,Male,37,2024-09-10
4800,Krishna Joshi,krishna.joshi952@yahoo.com,8208003635,Kanpur,Female,63,2019-11-14
4801,Sanjay Reddy,sanjay.reddy738@gmail,9260280150,Hyderabad,Male,39,2024-09-27
4802,Aadhya Sharma,aadhya.sharma234@gmail.com,7672880617,Indore,Male,17,2021-08-04
4803,Ayaan Patel,ayaan.patel287@yahoo.com,8920051901,Kolkata,Male,32,2019-12-25
4804,Sneha Malhotra,sneha.malhotra586@gmail.com,7052974347,Vadodara,Other,33,2023-01-25
4805,Sanjay Malhotra,sanjay.malhotra496@rediffmail.com,7731992856,Hyderabad,Female,46,2024-01-10
4806,Ishaan Iyer,ishaan.iyer665@rediffmail.com,9180655552,Indore,Other,46,2021-12-11
4807,Arjun Patel,arjun.patel235@hotmail.com,8399976649,Ludhiana,Female,62,2020-02-16
4808,Aditya Nair,aditya.nair201@outlook.com,8902918819,Agra,Female,41,2022-12-31
4809,Vihaan Kumar,vihaan.kumar500@rediffmail.com,7721639359,Delhi,Female,60,2020-09-19
4810,Vivaan Mehta,vivaan.mehta693@yahoo.com,7052611907,Surat,Other,60,2022-12-23
4810,Vivaan Mehta,vivaan.mehta693@yahoo.com,7052611907,Surat,Other,60,2022-12-23
4811,,amit.bhatt233@yahoo.com,7900127694,Sur@t,Other,196,2022-10-27
4812,Pari Rao,pari.rao149@outlook.com,7456491081,Pune,Male,54,2024-03-06
4813,Karan Iyer,karan.iyer293@outlook.com,7614280933,Chennai,Female,50,2022-06-12
4814,Anjali Sharma,anjali.sharma880@yahoo.com,9516521487,Patna,Other,58,2019-09-09
4815,Ishaan Nair,ishaan.nair345@rediffmail.com,7319335240,Jaipur,Male,28,2019-12-13
4816,,rahul.singh927@outlook.com,8198972196,Bhopal  ,Male,150,2019-01-27
4817,Anika Patel,anika.patel928@gmail.com,8267722714,Hyderabad,Female,40,2022-07-22
4818,Sanjay Chopra,sanjay.chopra816outlook.com,8574812585,Ludhiana,Male,30,2023-11-02
4819,Divya Rao,divya.rao899@rediffmail.com,8336549593,Chennai,Female,53,2022-07-17
4820,Manish Pillai,manish.pillai250@yahoo.com,8124325821,Ludhiana,Female,48,2020-08-20
4821,Ayaan Iyer,ayaan.iyer832@rediffmail.com,7877442430,Chennai,Female,24,2023-02-28
4822,Manish Kumar,manish.kumar958@rediffmail.com,+91-9767311203,Nashik,Male,66,2019-12-17
4823,Krishna Reddy,krishna.reddy219@yahoo.com,7689255872,Nagpur,Male,65,2020-02-19
4824,Krishna Kapoor,krishna.kapoor731@rediffmail.com,8504693091,Ahmedabad,Female,39,2020-09-24
4825,Amit Kapoor,amit.kapoor735@yahoo.com,9918287304,Vadodara,Other,62,2023-03-20
4826,Vivaan Joshi,vivaan.joshi183@rediffmail.com,8662189130,Surat,Female,50,2021-05-01
4827,Vihaan Patel,vihaan.patel346@rediffmail.com,9566771016,Pune,Female,21,2023-02-27
4828,Myra Agarwal,myra.agarwal94@hotmail.com,7594484661,Chennai,Other,35,2020-11-29
4829,Rohan Sharma,rohan.sharma460@rediffmail.com,8349396199,Pune,Female,66,2022-08-20
4830,Riya Bansal,riya.bansal721@outlook.com,8350139907,Mumbai,Female,23,2022-11-10
4831,Aadhya Singh,aadhya.singh667@rediffmail.com,8057708070,Indore,Other,17,2022-03-26
4832,Rohan Singh,rohan.singh757@gmail.com,+91-8746907687,Delhi,Other,63,2020-04-25
4833,Anjali Bhatt,anjali.bhatt158@rediffmail.com,7514308340,Bhopal,Other,59,2024-12-17
4834,Sunita Reddy,sunita.reddy271@yahoo.com,7830483618,Chennai,Other,52,2020-05-21
4835,Manish Iyer,manish.iyer482@gmail.com,7645411565,Hyderabad,Female,44,2024-07-05
4836,Manish Reddy,manish.reddy326@rediffmail.com,8105478676,Nagpur,Other,50,2024-05-20
4837,Sneha Chopra,sneha.chopra967@rediffmail.com,8163159358,Vadodara,Male,28,2020-08-15
4838,Aadhya Kumar,aadhya.kumar543@gmail.com,+91-7040671205,Ahmedabad,Female,63,2023-11-27
4839,Reyansh Reddy,reyansh.reddy784@yahoo.com,9460574550,Nagpur,Male,67,2023-08-04
4840,Meera Reddy,meera.reddy374@gmail.com,8940635970,Kanpur,Other,38,2023-12-26
4841,Arjun Reddy,arjun.reddy977@outlook.com,7741504464,Indore,Other,47,2022-12-27
4842,Vivaan Bansal,vivaan.bansal970@yahoo.com,9778057148,Lucknow,Female,41,2023-06-12
4843,Reyansh Iyer,reyansh.iyer771@outlook.com,8375438510,Ahmedabad,Female,70,2022-12-29
4844,Saanvi Bansal,saanvi.bansal128@gmail.com,7090435455,Indore,Female,39,2021-10-03
4845,Karan Pillai,karan.pillai519@rediffmail.com,9084457170,Kolkata,Female,36,2022-05-19
4846,Anjali Singh,anjali.singh470@hotmail.com,8364574273,Patna,Other,47,2019-02-08
4847,Sai Pillai,sai.pillai25@hotmail.com,9561551808,Chennai,Female,51,2020-09-10
4848,Aarav Iyer,aarav.iyer123@rediffmail.com,7500067573,Nashik,Other,63,2023-11-05
4849,Amit Bansal,amit.bansal19hotmail.com,8878383032,Kolkata,Female,48,2021-09-15
4850,Vihaan Patel,vihaan.patel292@hotmail.com,7642318152,Kolkata,Other,30,2024-04-28
4851,Amit Pillai,amit.pillai936@gmail.com,7675662509,Vadodara,Female,48,2024-10-27
4852,Divya Kumar,divya.kumar259@yahoo.com,9396836572,Surat,Male,66,2020-11-05
4853,Neha Bhatt,neha.bhatt552@yahoo.com,8662749425,Bengaluru,Other,48,2020-10-08
4854,Vihaan Iyer,vihaan.iyer11@hotmail.com,7562217933,Ahmedabad,Male,66,2023-08-17
4855,Kavya Joshi,kavya.joshi259@outlook.com,9914860129,Nashik,Female,49,2021-02-14
4856,Sanjay Patel,sanjay.patel469@hotmail.com,7989269979,Chennai,Male,35,2019-07-20
4857,Aarav Malhotra,aarav.malhotra48@rediffmail.com,8125502952,Jaipur,Other,18,2022-07-20
4858,Neha Iyer,neha.iyer741@rediffmail.com,8670227713,Nagpur,Female,49,2021-09-29
4859,Anika Singh,anika.singh17@gmail.com,7630688183,Mumbai,Female,21,2022-05-22
4860,Riya Mehta,riya.mehta837@outlook.com,7104612527,Bengaluru,Female,66,2021-01-12
4861,Isha Kapoor,isha.kapoor722@gmail.com,9966195140,Kanpur,Other,21,2023-08-31
4862,Priya Chopra,priya.chopra411@yahoo.com,7469843356,Surat,Other,39,2023-01-28
4863,Ayaan Iyer,ayaan.iyer335@yahoo.com,9976499304,Nashik,Male,27,2021-12-17
4864,Ayaan Pillai,ayaan.pillai676gmail.com,9452819108,Surat,Other,52,2020-11-26
4865,Aditya Rao,aditya.rao326@hotmail.com,7503225026,Kolkata,Female,58,2020-05-18
4866,Deepak Desai,deepak.desai354@yahoo.com,9597595022,Nashik,Female,67,2022-11-22
4866,Deepak Desai,deepak.desai354@yahoo.com,9597595022,Nashik,Female,67,2022-11-22
4867,,rohan.reddy67@yahoo.com,8017045805,Patna  ,Other,167,2020-08-04
4868,Sneha Sharma,sneha.sharma726@yahoo.com,9710952363,Jaipur,Male,69,2023-03-04
4869,Vihaan Reddy,vihaan.reddy119@yahoo.com,9015410766,Nagpur,Female,61,2021-04-29
4870,Shreya Kapoor,shreya.kapoor536@outlook.com,8263345081,Bhopal,Female,17,2020-03-06
4871,Divya Joshi,divya.joshi215@outlook.com,9803899732,Agra,Female,56,2019-07-16
4872,Ananya Bhatt,ananya.bhatt473@rediffmail.com,9199520187,Lucknow,Male,16,2024-11-16
4873,Vivaan Bansal,vivaan.bansal596@yahoo.com,9647802248,Nashik,Other,16,2019-11-14
4874,Shreya Mehta,shreya.mehta865@gmail.com,9588458042,Nashik,Female,44,2019-05-16
4875,Sneha Bansal,sneha.bansal112@hotmail.com,7320886165,Kolkata,Female,29,2021-05-11
4876,Sneha Nair,sneha.nair269@hotmail.com,9870822444,Bengaluru,Female,53,2024-02-13
4877,Manish Nair,manish.nair313@outlook.com,9826659316,Lucknow,Other,42,2022-08-27
4878,Isha Singh,isha.singh477@outlook.com,7019594975,Bengaluru,Female,27,2019-06-12
4879,Aditya Kapoor,aditya.kapoor128@yahoo.com,8346928726,Bengaluru,Other,41,2023-07-25
4880,Deepak Desai,deepak.desai554@hotmail.com,9469247902,Ludhiana,Male,59,2023-03-16
4881,Divya Malhotra,divya.malhotra723@outlook,9188983605,Hyderabad,Female,26,2022-12-05
4882,Rohan Patel,rohan.patel611@yahoo.com,9018602311,Lucknow,Male,19,2022-10-13
4883,Manish Joshi,manish.joshi557@outlook.com,960990318,Jaipur,Female,61,2020-03-13
4884,Deepak Desai,deepak.desai816@rediffmail.com,8868708369,Mumbai,Female,43,2019-02-11
4885,Suresh Agarwal,suresh.agarwal375@outlook.com,79508262,Agra,Male,27,2024-12-09
4886,Krishna Bhatt,krishna.bhatt465@outlook.com,8332233938,Patna,Male,30,2019-07-08
4887,Nikhil Sharma,nikhil.sharma11@hotmail.com,9835589000,Kanpur,Other,29,2024-08-23
4887,Nikhil Sharma,nikhil.sharma11@hotmail.com,9835589000,Kanpur,Other,29,2024-08-23
4888,,suresh.kumar480@rediffmail.com,7664196470,N@shik,Male,143,2022-06-17
4889,Manish Bansal,manish.bansal757@rediffmail.com,7895905446,Ludhiana,Other,36,2019-05-04
4890,Reyansh Agarwal,reyansh.agarwal188@rediffmail.com,9405249304,Delhi,Male,44,2019-02-12
4891,Rahul Rao,rahul.rao125@hotmail.com,9100464153,Kanpur,Other,69,2019-10-22
4892,Ananya Mehta,ananya.mehta461@outlook.com,8234867593,Ludhiana,Male,48,2019-05-28
4893,Rahul Bansal,rahul.bansal167@outlook.com,8796069844,Bengaluru,Male,59,2020-06-16
4894,Nikhil Mehta,nikhil.mehta11@rediffmail.com,8576664379,Mumbai,Male,53,2023-04-12
4895,Pooja Desai,pooja.desai377@rediffmail.com,7201533394,Chennai,Female,25,2019-06-18
4896,Vivaan Malhotra,vivaan.malhotra463@rediffmail.com,9535479387,Hyderabad,Other,16,2020-09-26
4897,Priya Singh,priya.singh565@hotmail.com,8354364023,Bengaluru,Other,29,2020-06-27
4898,Manish Bhatt,manish.bhatt864@outlook.com,9751458620,Lucknow,Female,30,2024-09-07
4899,Pooja Pillai,pooja.pillai258hotmail.com,8807253675,Mumbai,Male,33,2024-04-12
4900,Neha Chopra,neha.chopra30@outlook.com,9846652563,Ludhiana,Male,47,2023-02-24
4901,Ishaan Verma,ishaan.verma506@gmail.com,9305410177,Mumbai,Male,67,2022-10-26
4902,Aadhya Joshi,aadhya.joshi94@hotmail.com,7500495106,Patna,Male,25,2019-01-09
4903,Amit Nair,amit.nair892@yahoo.com,9565871166,Kanpur,Female,63,2023-06-18
4904,Rahul Singh,rahul.singh880@outlook,7187315625,Vadodara,Other,32,2021-12-18
4905,Priya Singh,priya.singh982@rediffmail.com,9124350476,Chennai,Female,43,2024-05-26
4906,Sai Chopra,sai.chopra317@outlook.com,7480829132,Bhopal,Male,61,2024-07-18
4907,,manish.gupta557@gmail.com,7342916760,surat,Other,180,2024-09-15
4908,Reyansh Pillai,reyansh.pillai801@rediffmail.com,8764844682,Bhopal,Other,63,2022-12-24
4909,Aarav Pillai,aarav.pillai457@rediffmail.com,9027099410,Lucknow,Other,39,2024-07-02
4910,Diya Desai,diya.desai569@outlook.com,7498791254,Pune,Other,26,2019-04-23
4911,Sanjay Reddy,sanjay.reddy124@outlook.com,7546605770,Ludhiana,Female,16,2019-02-12
4912,,isha.reddy725@outlook.com,812152584,DELHI,Other,124,2019-09-10
4913,Anjali Desai,anjali.desai318@gmail.com,9235507227,Mumbai,Other,51,2019-11-20
4914,Rahul Rao,rahul.rao695yahoo.com,7832560357,Indore,Male,33,2019-07-18
4915,Myra Patel,myra.patel315@outlook.com,+91-8822895554,Lucknow,Other,57,2021-04-02
4916,Divya Agarwal,divya.agarwal123@outlook.com,9498829783,Ahmedabad,Other,42,2022-09-15
4917,,ishaan.patel702@yahoo.com,815433923,KOLKATA,Other,171,2019-02-22
4918,Reyansh Patel,reyansh.patel293@hotmail.com,+91-8485711602,Mumbai,Female,63,2019-03-25
4919,Sai Rao,sai.rao978@yahoo.com,7332423289,Kanpur,Other,16,2023-01-01
4920,Ramesh Sharma,ramesh.sharma444@rediffmail.com,7369992727,Ludhiana,Female,32,2019-09-10
4921,Pari Verma,pari.verma46@outlook.com,+91-8350620986,Indore,Male,30,2023-08-14
4922,Divya Chopra,divya.chopra492@rediffmail.com,9917168596,Mumbai,Male,43,2021-03-13
4923,Manish Kumar,manish.kumar54@outlook.com,9206330563,Pune,Female,35,2019-12-16
4924,Amit Iyer,amit.iyer747@rediffmail.com,8584789390,Pune,Male,63,2024-11-26
4925,Nikhil Joshi,nikhil.joshi773@gmail.com,9371712407,Nagpur,Female,16,2020-08-13
4926,Divya Gupta,divya.gupta388@hotmail.com,8863582921,Nagpur,Female,31,2023-01-31
4927,Sanjay Nair,sanjay.nair865@outlook.com,8447412454,Ahmedabad,Male,21,2020-10-21
4928,Arjun Kapoor,arjun.kapoor206@outlook,7172564522,Kolkata,Female,24,2021-06-13
4929,Kritika Chopra,kritika.chopra661@gmail.com,8979516563,Kolkata,Female,52,2019-06-20
4930,Rohan Mehta,rohan.mehta870@gmail.com,8492581445,Bengaluru,Other,61,2022-10-03
4931,Kritika Reddy,kritika.reddy858@outlook.com,8476550662,Ludhiana,Other,49,2019-10-26
4932,Kritika Chopra,kritika.chopra602@rediffmail.com,+91-9535656006,Ahmedabad,Female,17,2020-01-25
4933,Priya Malhotra,priya.malhotra143@gmail.com,9340973688,Vadodara,Female,61,2020-08-07
4934,Vivaan Mehta,vivaan.mehta214@rediffmail.com,8257630150,Lucknow,Other,65,2021-08-10
4935,Deepak Reddy,deepak.reddy51rediffmail.com,8506065554,Jaipur,Other,33,2019-09-24
4936,Myra Sharma,myra.sharma22@hotmail,7893696690,Ludhiana,Female,33,2019-11-07
4937,Nikhil Joshi,nikhil.joshi657@gmail.com,9249024408,Mumbai,Male,17,2022-07-05
4938,Aditya Bansal,aditya.bansal532@gmail.com,8759144714,Delhi,Female,37,2024-08-07
4939,Ramesh Nair,ramesh.nair559@gmail.com,8753797470,Surat,Female,53,2020-02-15
4940,Krishna Chopra,krishna.chopra331@rediffmail.com,9103825479,Bengaluru,Other,25,2022-03-17
4941,Myra Joshi,myra.joshi403@gmail.com,7359329525,Delhi,Male,70,2024-10-30
4942,Ramesh Mehta,ramesh.mehta490@rediffmail.com,7900980566,Jaipur,Other,45,2019-06-24
4943,Deepak Mehta,deepak.mehta629@rediffmail.com,9502642909,Ahmedabad,Other,17,2023-06-03
4944,Karan Singh,karan.singh874@yahoo.com,7873742492,Mumbai,Female,40,2021-03-09
4945,Nikhil Chopra,nikhil.chopra283@yahoo,8553202891,Bhopal,Male,16,2021-02-16
4946,Sai Rao,sai.rao748@gmail.com,9655411805,Ludhiana,Other,60,2024-12-22
4947,,sunita.kumar495@hotmail,7309424676, Lucknow ,Male,158,2023-05-06
4948,Krishna Nair,krishna.nair735rediffmail.com,7690838148,Nashik,Female,42,2022-03-08
4949,Deepak Desai,deepak.desai823@rediffmail,7898044409,Agra,Female,27,2020-12-28
4950,Nikhil Sharma,nikhil.sharma313@rediffmail.com,839654334,Bengaluru,Female,64,2024-04-19
4951,Meera Joshi,meera.joshi287@rediffmail.com,7609768412,Chennai,Other,65,2023-05-29
4952,Diya Mehta,diya.mehta527@rediffmail.com,936916827,Hyderabad,Other,33,2021-05-23
4953,Isha Reddy,isha.reddy875@gmail.com,9455681937,Nashik,Other,33,2024-07-27
4954,Aditya Desai,aditya.desai817@outlook.com,9466190303,Pune,Female,54,2021-02-04
4955,Diya Singh,diya.singh61@gmail.com,8637317571,Jaipur,Female,18,2020-06-06
4956,Nikhil Joshi,nikhil.joshi998@hotmail.com,7238321624,Vadodara,Female,19,2019-11-18
4957,Karan Gupta,karan.gupta163@rediffmail.com,8356932357,Kanpur,Other,17,2023-06-20
4958,Manish Singh,manish.singh573@gmail.com,+91-7230960543,Pune,Male,39,2021-10-19
4959,Vivaan Pillai,vivaan.pillai501@rediffmail.com,7099460666,Patna,Male,59,2021-10-25
4960,Neha Patel,neha.patel458@rediffmail.com,8878823014,Bengaluru,Other,42,2024-06-24
4961,Sunita Bhatt,sunita.bhatt619@hotmail.com,+91-9075843614,Surat,Other,53,2023-11-12
4962,Saanvi Kumar,saanvi.kumar169@rediffmail.com,8899978608,Nashik,Male,20,2024-02-05
4963,Ramesh Joshi,ramesh.joshi144rediffmail.com,8696961444,Pune,Female,25,2019-03-29
4964,Neha Agarwal,neha.agarwal859@yahoo.com,7295959052,Bhopal,Other,36,2020-11-13
4964,Neha Agarwal,neha.agarwal859@yahoo.com,7295959052,Bhopal,Other,36,2020-11-13
4965,,meera.rao541@gmail.com,7726486520,surat,Male,134,2020-02-15
4966,Karan Chopra,karan.chopra937hotmail.com,8689524925,Vadodara,Male,64,2022-10-31
4967,Diya Iyer,diya.iyer366@hotmail.com,7611683805,Patna,Female,56,2022-04-05
4968,Diya Patel,diya.patel879@gmail.com,7012105320,Lucknow,Other,22,2021-06-23
4969,Saanvi Joshi,saanvi.joshi572@rediffmail.com,9985398702,Surat,Male,60,2021-07-13
4970,Sanjay Bansal,sanjay.bansal787@hotmail.com,8831703398,Jaipur,Other,38,2022-02-07
4971,Vivaan Reddy,vivaan.reddy27@yahoo.com,7933770150,Surat,Female,26,2020-09-01
4972,Krishna Patel,krishna.patel658@hotmail.com,7510756408,Kanpur,Male,61,2021-09-27
4973,Diya Gupta,diya.gupta353@hotmail.com,7552535463,Ludhiana,Other,60,2019-08-31
4974,Vivaan Reddy,vivaan.reddy503@yahoo.com,9311698502,Indore,Other,47,2024-04-29
4975,Aarav Patel,aarav.patel780@rediffmail.com,7577655315,Kolkata,Male,27,2024-01-23
4976,Ayaan Sharma,ayaan.sharma812@gmail,8622710601,Vadodara,Other,45,2020-04-14
4977,Myra Bhatt,myra.bhatt999hotmail.com,7655792308,Ludhiana,Male,40,2023-07-22
4978,Sneha Gupta,sneha.gupta225@hotmail.com,7345913000,Ludhiana,Female,69,2021-05-17
4979,Ananya Joshi,ananya.joshi522@yahoo.com,7179087813,Surat,Male,41,2022-11-18
4980,Aarav Verma,aarav.verma365@yahoo.com,9778541818,Jaipur,Other,51,2019-03-11
4981,Anjali Mehta,anjali.mehta868@yahoo.com,7390856109,Patna,Other,60,2021-08-24
4982,Meera Gupta,meera.gupta80@outlook.com,7900174630,Kanpur,Female,61,2021-05-01
4983,Ishaan Iyer,ishaan.iyer48@rediffmail.com,9717790498,Nagpur,Male,22,2019-01-27
4984,Rohan Iyer,rohan.iyer281@rediffmail.com,8025013445,Indore,Female,59,2023-09-01
4985,Anjali Mehta,anjali.mehta792@yahoo,7666844455,Patna,Other,65,2022-03-28
4986,Ramesh Singh,ramesh.singh420@outlook.com,9308824996,Bengaluru,Male,67,2020-01-04
4987,Anika Pillai,anika.pillai53rediffmail.com,7850367525,Bengaluru,Other,28,2019-07-24
4988,Reyansh Chopra,reyansh.chopra917@gmail.com,8363605028,Pune,Other,52,2021-05-25
4988,Reyansh Chopra,reyansh.chopra917@gmail.com,8363605028,Pune,Other,52,2021-05-25
4989,,krishna.reddy619@gmail.com,7999554,Agra  ,Other,161,2022-07-28
4990,Riya Singh,riya.singh160@rediffmail.com,8114692830,Mumbai,Female,18,2022-01-11
4991,Ramesh Gupta,ramesh.gupta947@gmail.com,9340615581,Kolkata,Other,33,2020-09-28
4992,Ramesh Bhatt,ramesh.bhatt778@yahoo.com,8429854539,Pune,Female,37,2019-08-10
4993,Divya Iyer,divya.iyer837@outlook.com,7417288388,Kanpur,Female,16,2022-09-28
4994,Anjali Kumar,anjali.kumar277@rediffmail.com,8241218895,Kolkata,Other,63,2022-08-18
4995,Ramesh Chopra,ramesh.chopra857@rediffmail.com,7005949812,Bengaluru,Female,41,2020-02-20
4996,Ishaan Mehta,ishaan.mehta112@hotmail.com,8163067004,Vadodara,Male,31,2022-08-25
4997,,saanvi.chopra625@hotmail.com,8723338794,P@tn@,Male,136,2019-04-09
4998,Amit Agarwal,amit.agarwal937@gmail.com,9169096755,Delhi,Female,68,2019-03-12
4999,Vivaan Pillai,vivaan.pillai808@gmail.com,7902772311,Chennai,Other,22,2022-02-13
5000,Ananya Patel,ananya.patel290@yahoo.com,7437052226,Ludhiana,Female,37,2021-11-21
5001,Sneha Kapoor,sneha.kapoor227@rediffmail.com,7974673184,Lucknow,Other,29,2024-06-23
5002,Isha Malhotra,isha.malhotra986@yahoo.com,8428048696,Kolkata,Female,60,2024-07-03
5003,Anika Rao,anika.rao93@gmail.com,7081917612,Hyderabad,Female,66,2024-02-10
5004,Arjun Malhotra,arjun.malhotra802@gmail.com,7668573340,Ahmedabad,Female,48,2019-09-18
5005,Vivaan Kumar,vivaan.kumar435@hotmail.com,8755572893,Jaipur,Other,46,2022-08-25
5006,Divya Sharma,divya.sharma937@outlook.com,8343312507,Pune,Male,27,2021-11-21
5007,Aditya Kapoor,aditya.kapoor868@yahoo.com,9895341750,Nagpur,Male,65,2021-07-01
5008,Manish Joshi,manish.joshi691@hotmail.com,8420673106,Patna,Other,57,2024-05-04
5009,Aditya Kapoor,aditya.kapoor219@hotmail.com,765306969,Kolkata,Female,45,2019-08-04
5010,Ayaan Bhatt,ayaan.bhatt253@outlook.com,9974145667,Kolkata,Other,53,2019-01-31
5011,Kavya Mehta,kavya.mehta567@yahoo.com,7579962900,Surat,Other,23,2020-06-02
5012,Neha Reddy,neha.reddy821@hotmail.com,7036747119,Indore,Female,34,2022-01-04
5013,Sunita Chopra,sunita.chopra751@yahoo.com,7814934572,Vadodara,Other,24,2023-02-15
5014,Anika Malhotra,anika.malhotra883@hotmail.com,7165944841,Bengaluru,Other,40,2024-04-15
5015,Isha Agarwal,isha.agarwal446@gmail.com,7752637117,Patna,Female,40,2019-03-07
5016,Nikhil Kapoor,nikhil.kapoor505@gmail.com,8497936006,Bengaluru,Other,27,2020-06-12
5017,Sneha Patel,sneha.patel577@rediffmail.com,7147523466,Ahmedabad,Male,17,2022-02-04
5018,Aarav Malhotra,aarav.malhotra3@gmail.com,8272918506,Nagpur,Female,22,2021-04-05
5019,Ishaan Verma,ishaan.verma183@hotmail.com,9440679223,Kolkata,Female,16,2020-10-11
5020,Arjun Agarwal,arjun.agarwal575@hotmail.com,8558519478,Surat,Female,70,2024-03-11
5021,Saanvi Sharma,saanvi.sharma491@gmail.com,8445042056,Kolkata,Male,51,2024-04-05
5022,Reyansh Pillai,reyansh.pillai156@rediffmail.com,9573071207,Surat,Other,48,2022-03-30
5023,Myra Chopra,myra.chopra399@hotmail.com,8266882951,Bhopal,Other,51,2021-08-19
5024,Ananya Patel,ananya.patel421@rediffmail.com,9366979619,Ahmedabad,Female,36,2019-03-08
5025,Amit Reddy,amit.reddy444@outlook.com,8521395552,Lucknow,Female,17,2023-05-31
5026,Rahul Singh,rahul.singh933@outlook.com,8499148538,Delhi,Female,20,2019-11-11
5027,Deepak Chopra,deepak.chopra133@outlook,9908899813,Hyderabad,Male,44,2020-05-02
5028,Kavya Agarwal,kavya.agarwal255@gmail.com,9310300640,Ahmedabad,Other,24,2024-04-09
5029,,kavya.kumar460@gmail.com,9632297542,patna,Male,157,2019-04-10
5030,Sunita Iyer,sunita.iyer106@outlook.com,8613469384,Kanpur,Male,18,2019-04-22
5031,Sunita Singh,sunita.singh492@yahoo.com,9162577718,Nashik,Female,65,2024-10-14
5032,Sanjay Bhatt,sanjay.bhatt103@yahoo.com,9901153696,Agra,Male,26,2024-09-03
5033,Ayaan Bhatt,ayaan.bhatt980@outlook.com,7736978423,Agra,Other,41,2020-12-25
5034,Manish Kumar,manish.kumar278@gmail.com,9941230790,Bhopal,Other,57,2022-02-12
5035,Saanvi Kapoor,saanvi.kapoor910@hotmail,9418609605,Kanpur,Male,18,2019-02-10
5036,Sanjay Gupta,sanjay.gupta658@rediffmail.com,9343775183,Jaipur,Male,50,2022-11-22
5037,Divya Rao,divya.rao33@gmail.com,7222176649,Bhopal,Other,17,2022-09-14
5038,Sanjay Reddy,sanjay.reddy162@outlook.com,8191921382,Nagpur,Male,53,2021-02-22
5039,Deepak Kumar,deepak.kumar630@gmail.com,9611446535,Bengaluru,Female,23,2022-01-19
5040,Vihaan Rao,vihaan.rao493@yahoo.com,7933470872,Hyderabad,Female,57,2023-02-03
5040,Vihaan Rao,vihaan.rao493@yahoo.com,7933470872,Hyderabad,Female,57,2023-02-03
5041,,anika.kumar923@gmail.com,7024613433, Bengaluru ,Female,195,2020-04-28
5042,Ishaan Patel,ishaan.patel850@hotmail.com,9417838121,Patna,Male,49,2020-09-03
5043,Rahul Nair,rahul.nair855@yahoo.com,935883083,Hyderabad,Female,55,2020-12-23
5044,Meera Sharma,meera.sharma398@gmail.com,9396528347,Patna,Other,58,2020-01-21
5045,Aarav Kumar,aarav.kumar103@outlook.com,8661080181,Chennai,Other,53,2020-09-02
5046,Manish Nair,manish.nair505@gmail.com,7257756429,Patna,Male,63,2020-06-24
5047,Ayaan Verma,ayaan.verma858@rediffmail.com,8445076429,Mumbai,Male,28,2024-05-09
5048,Diya Pillai,diya.pillai609@hotmail.com,8007775206,Lucknow,Other,50,2023-08-28
5049,Deepak Agarwal,deepak.agarwal658@rediffmail,8208518756,Pune,Male,20,2020-10-28
5050,Arjun Gupta,arjun.gupta477@yahoo.com,9869532066,Ahmedabad,Other,17,2020-03-02
5051,Ishaan Patel,ishaan.patel349@hotmail.com,7401535691,Bhopal,Other,20,2022-04-05
5052,Ayaan Singh,ayaan.singh89@gmail.com,7758871167,Ludhiana,Other,54,2019-01-20
5053,Kritika Nair,kritika.nair907@yahoo.com,7430998619,Patna,Male,16,2024-10-22
5054,Nikhil Mehta,nikhil.mehta484@rediffmail.com,7354121107,Bengaluru,Other,27,2024-07-15
5055,Pari Kapoor,pari.kapoor318@rediffmail.com,8885056859,Nagpur,Other,59,2020-10-07
5056,Pooja Malhotra,pooja.malhotra410@gmail.com,9702954447,Jaipur,Female,35,2019-12-07
5057,Krishna Rao,krishna.rao43@yahoo.com,8647883512,Bhopal,Female,23,2024-05-15
5058,Sai Kapoor,sai.kapoor969@outlook.com,8473490374,Agra,Female,67,2020-10-21
5059,Ishaan Kapoor,ishaan.kapoor728@hotmail.com,9430319417,Chennai,Female,20,2021-07-20
5060,Anika Patel,anika.patel244@yahoo.com,9420058080,Jaipur,Other,64,2024-09-05
5061,Sanjay Malhotra,sanjay.malhotra857@gmail.com,8056972702,Pune,Female,20,2019-11-02
5062,Kritika Rao,kritika.rao904@rediffmail.com,9565195371,Nagpur,Other,34,2024-04-30
5063,Sneha Bhatt,sneha.bhatt959@gmail.com,9010174683,Kolkata,Female,24,2020-03-02
5064,Aadhya Gupta,aadhya.gupta109@outlook.com,7891090260,Nashik,Female,33,2021-08-18
5065,Ayaan Joshi,ayaan.joshi180@yahoo.com,7751063342,Hyderabad,Other,26,2023-04-21
5066,Shreya Patel,shreya.patel95yahoo.com,8266997105,Ludhiana,Female,27,2021-06-14
5067,Krishna Malhotra,krishna.malhotra485@rediffmail.com,8114075754,Vadodara,Male,35,2022-04-26
5068,Karan Joshi,karan.joshi872@gmail.com,9344565049,Jaipur,Other,51,2021-01-06
5069,Saanvi Sharma,saanvi.sharma270@yahoo.com,9927682048,Hyderabad,Female,49,2024-02-06
5070,Aadhya Mehta,aadhya.mehta448@rediffmail.com,9068577134,Kolkata,Male,28,2022-09-16
5071,Rahul Mehta,rahul.mehta907@rediffmail.com,7081587876,Surat,Other,28,2019-06-03
5072,Krishna Kapoor,krishna.kapoor219@gmail,7744306361,Delhi,Male,68,2023-03-08
5073,Aditya Bhatt,aditya.bhatt83@hotmail.com,7886238201,Nashik,Female,17,2023-03-19
5073,Aditya Bhatt,aditya.bhatt83@hotmail.com,7886238201,Nashik,Female,17,2023-03-19
5074,,saanvi.agarwal767@rediffmail.com,7249201227, Indore ,Other,179,2019-06-10
5075,Karan Verma,karan.verma905@rediffmail.com,8753982179,Hyderabad,Female,50,2023-04-11
5076,Rahul Rao,rahul.rao586@hotmail.com,9161245781,Nashik,Other,27,2021-08-05
5077,Kavya Singh,kavya.singh253@hotmail.com,906404997,Bhopal,Female,25,2020-01-02
5078,Reyansh Patel,reyansh.patel140@yahoo.com,8871756855,Hyderabad,Female,16,2021-02-25
5079,Vihaan Desai,vihaan.desai205@yahoo.com,+91-8393127577,Mumbai,Male,42,2022-12-03
5080,Saanvi Desai,saanvi.desai653@gmail.com,8021671906,Bhopal,Male,47,2023-04-29
5081,Isha Desai,isha.desai644@outlook.com,8867736212,Bengaluru,Male,70,2019-04-24
5082,Deepak Kapoor,deepak.kapoor537@outlook.com,7551104481,Bhopal,Female,37,2021-05-21
5083,Karan Kumar,karan.kumar931yahoo.com,8479034372,Patna,Female,66,2022-09-26
5084,Sneha Bhatt,sneha.bhatt915@yahoo.com,8540629066,Patna,Other,23,2023-07-14
5085,Sai Bansal,sai.bansal19@rediffmail.com,9784662474,Mumbai,Other,27,2019-12-23
5086,Meera Kapoor,meera.kapoor963@rediffmail.com,8263072757,Nashik,Other,45,2020-04-09
5087,Kritika Joshi,kritika.joshi142@yahoo.com,8656506204,Patna,Other,32,2020-03-12
5088,Arjun Desai,arjun.desai727@outlook.com,9809320950,Ahmedabad,Other,57,2024-05-19
5089,Sai Mehta,sai.mehta413@outlook,7820284816,Pune,Male,42,2022-12-03
5090,Aditya Agarwal,aditya.agarwal430@rediffmail.com,8279706506,Patna,Other,24,2023-06-04
5091,Myra Nair,myra.nair230@hotmail.com,8010963330,Pune,Other,45,2021-02-19
5092,Anjali Chopra,anjali.chopra519@gmail.com,9181021793,Ludhiana,Other,18,2020-06-28
5093,Meera Agarwal,meera.agarwal475@gmail.com,8889243650,Kolkata,Other,21,2024-02-24
5094,Ramesh Agarwal,ramesh.agarwal139@rediffmail.com,8028931237,Patna,Other,52,2020-08-05
5095,Divya Patel,divya.patel179@gmail.com,7510171117,Jaipur,Other,27,2023-09-12
5096,Reyansh Malhotra,reyansh.malhotra616@yahoo.com,8124499710,Kolkata,Other,43,2022-01-05
5097,Ishaan Rao,ishaan.rao205@hotmail.com,8463137138,Kanpur,Male,46,2023-06-14
5098,Anjali Chopra,anjali.chopra461@yahoo.com,8962961454,Bhopal,Other,21,2022-11-13
5099,Manish Pillai,manish.pillai228@yahoo.com,8080789747,Nagpur,Male,51,2021-05-18
5100,Amit Gupta,amit.gupta438@outlook.com,7867464383,Kanpur,Male,26,2023-08-22
5101,Vihaan Gupta,vihaan.gupta198@yahoo.com,7635131378,Kolkata,Other,37,2021-09-24
5102,Neha Joshi,neha.joshi223@rediffmail.com,8876168130,Patna,Male,16,2020-09-04
5103,Shreya Bhatt,shreya.bhatt684@hotmail.com,9864107362,Chennai,Female,42,2024-06-01
5104,Krishna Nair,krishna.nair399@hotmail.com,924353225,Kanpur,Other,49,2024-03-29
5105,Amit Joshi,amit.joshi10@hotmail.com,7362148556,Lucknow,Other,20,2023-09-09
5106,Anika Kumar,anika.kumar30@gmail.com,7266310400,Patna,Female,57,2023-09-28
5107,Isha Gupta,isha.gupta474@outlook.com,7706033155,Indore,Other,20,2021-01-22
5108,Priya Pillai,priya.pillai380@hotmail.com,7152876573,Bengaluru,Female,35,2020-05-19
5109,Reyansh Patel,reyansh.patel19@yahoo,8832589581,Hyderabad,Male,60,2020-02-04
5110,Sunita Bansal,sunita.bansal283@yahoo.com,9426514737,Hyderabad,Female,38,2024-06-08
5111,Myra Malhotra,myra.malhotra824@hotmail.com,9729249032,Bhopal,Female,27,2024-03-12
5112,Kritika Rao,kritika.rao1@hotmail.com,9696235653,Pune,Other,31,2021-12-18
5113,Myra Sharma,myra.sharma52@gmail.com,7842777429,Agra,Other,42,2019-05-30
5114,Ramesh Reddy,ramesh.reddy790@gmail.com,8115715488,Bengaluru,Female,26,2023-09-18
5115,Manish Rao,manish.rao23@yahoo.com,8382580804,Bengaluru,Female,64,2024-09-12
5116,Divya Rao,divya.rao549@yahoo.com,8309520497,Ahmedabad,Female,31,2023-09-10
5117,Amit Malhotra,amit.malhotra262@yahoo.com,8848443431,Pune,Male,54,2022-07-24
5118,Saanvi Iyer,saanvi.iyer479@rediffmail.com,9560413078,Patna,Male,39,2020-05-16
5119,Neha Kumar,neha.kumar898@outlook.com,8966494069,Pune,Male,26,2019-08-14
5120,Neha Pillai,neha.pillai687@gmail.com,8095318545,Bengaluru,Other,48,2022-02-28
5121,Ayaan Bansal,ayaan.bansal669@hotmail.com,9751257251,Hyderabad,Other,46,2023-03-05
5122,Priya Nair,priya.nair968@hotmail.com,9435230740,Delhi,Female,54,2019-06-28
5123,Suresh Kapoor,suresh.kapoor510@yahoo.com,9847517201,Agra,Other,19,2023-08-25
5124,Pooja Singh,pooja.singh791@rediffmail.com,9640357315,Ludhiana,Female,44,2021-07-03
5125,Anika Verma,anika.verma912@outlook.com,8489520088,Ludhiana,Male,36,2023-04-14
5126,Kritika Kapoor,kritika.kapoor524@rediffmail.com,9096056307,Agra,Other,53,2023-07-05
5127,Aditya Joshi,aditya.joshi23@outlook.com,7624623102,Patna,Female,57,2020-09-15
5128,Arjun Chopra,arjun.chopra270@gmail.com,9968515,Nagpur,Male,60,2020-04-21
5129,Rohan Pillai,rohan.pillai787@hotmail.com,7870075866,Ahmedabad,Female,22,2023-01-13
5130,Divya Bhatt,divya.bhatt379@yahoo.com,9958130979,Delhi,Other,44,2024-01-22
5131,Vivaan Patel,vivaan.patel992rediffmail.com,9611357021,Kolkata,Other,55,2020-09-17
5132,Sai Patel,sai.patel223@hotmail.com,7622403057,Nagpur,Male,48,2023-02-08
5133,Pooja Gupta,pooja.gupta394@hotmail.com,7936884902,Bengaluru,Female,30,2022-07-25
5134,Sanjay Desai,sanjay.desai806@outlook.com,7262663818,Lucknow,Other,34,2021-08-29
5135,Anjali Bhatt,anjali.bhatt953@yahoo.com,7842466150,Lucknow,Other,42,2019-12-04
5136,Divya Malhotra,divya.malhotra885@yahoo.com,9683446594,Jaipur,Female,68,2022-03-20
5137,Aditya Desai,aditya.desai809@yahoo.com,9297193327,Mumbai,Female,25,2022-05-24
5138,Aadhya Malhotra,aadhya.malhotra931@outlook.com,9002483363,Bengaluru,Female,57,2022-06-16
5139,Arjun Agarwal,arjun.agarwal698@hotmail.com,9602772664,Kanpur,Female,39,2021-01-14
5140,Myra Kumar,myra.kumar364@hotmail.com,7990413406,Ludhiana,Male,20,2019-06-23
5141,Ramesh Kumar,ramesh.kumar956@yahoo.com,7410439345,Agra,Male,58,2019-07-21
5142,Myra Patel,myra.patel920@outlook.com,78982336,Lucknow,Other,57,2019-02-21
5143,Krishna Iyer,krishna.iyer893@rediffmail.com,8589564143,Kanpur,Other,37,2021-08-24
5144,Sai Patel,sai.patel40@hotmail.com,9897048884,Surat,Other,67,2020-03-07
5145,Meera Joshi,meera.joshi292@gmail,8779042608,Patna,Male,30,2022-09-18
5146,Shreya Kapoor,shreya.kapoor205@hotmail.com,7204129275,Patna,Female,30,2023-01-29
5147,Sneha Nair,sneha.nair820@hotmail.com,7435406404,Pune,Female,31,2022-08-13
5148,Kavya Singh,kavya.singh419@yahoo.com,9418579963,Kolkata,Male,28,2019-01-09
5149,Krishna Gupta,krishna.gupta20@yahoo.com,9078463434,Ahmedabad,Male,34,2021-03-20
5150,Kavya Iyer,kavya.iyer887@outlook.com,880654547,Delhi,Female,59,2019-03-06
5151,Sneha Mehta,sneha.mehta254gmail.com,9495649692,Ludhiana,Male,47,2021-03-30
5152,Riya Bansal,riya.bansal207@rediffmail.com,7465411558,Pune,Other,35,2022-04-11
5153,Neha Iyer,neha.iyer413@outlook.com,9079876334,Hyderabad,Male,24,2024-07-03
5154,Karan Bhatt,karan.bhatt957@yahoo.com,8435372968,Vadodara,Female,26,2019-05-08
5155,Aditya Gupta,aditya.gupta74@rediffmail.com,7726441848,Kanpur,Male,64,2022-03-07
5156,Vihaan Gupta,vihaan.gupta789yahoo.com,8984615109,Delhi,Male,42,2023-08-23
5157,Priya Bhatt,priya.bhatt424@outlook.com,7263468301,Bhopal,Other,25,2022-10-24
5158,Saanvi Patel,saanvi.patel749@gmail.com,7147961177,Kanpur,Other,46,2021-04-16
5159,Amit Mehta,amit.mehta125@gmail.com,9564511057,Indore,Female,39,2024-05-15
5160,Diya Verma,diya.verma930@rediffmail.com,7128365406,Pune,Other,52,2022-02-18
5161,Meera Bhatt,meera.bhatt129@outlook.com,7104278892,Chennai,Male,23,2019-09-25
5162,Nikhil Bhatt,nikhil.bhatt205yahoo.com,7746808409,Kolkata,Other,23,2020-08-13
5163,Karan Singh,karan.singh918@yahoo.com,+91-9751546126,Surat,Female,19,2022-12-09
5164,Ananya Kumar,ananya.kumar308@rediffmail.com,9350094467,Ludhiana,Male,20,2023-06-27
5165,Manish Kapoor,manish.kapoor800@hotmail.com,790552162,Delhi,Other,26,2021-07-12
5166,Anika Agarwal,anika.agarwal37@hotmail.com,9380938038,Surat,Other,41,2019-07-01
5167,Divya Joshi,divya.joshi781@rediffmail.com,9742024550,Nashik,Female,55,2024-03-25
5168,Sneha Iyer,sneha.iyer605@outlook.com,7179546127,Ludhiana,Other,56,2019-11-01
5169,Saanvi Joshi,saanvi.joshi501@outlook.com,8872483379,Indore,Male,38,2020-11-20
5170,Kritika Sharma,kritika.sharma12@yahoo.com,7417213408,Hyderabad,Male,33,2024-02-11
5171,Aadhya Joshi,aadhya.joshi892@yahoo.com,9948134376,Kolkata,Female,33,2022-05-21
5172,Myra Chopra,myra.chopra311@hotmail.com,7925502096,Patna,Female,66,2019-03-31
5173,Diya Patel,diya.patel747@rediffmail.com,8078973604,Bhopal,Female,17,2023-08-27
5174,Vihaan Joshi,vihaan.joshi38@rediffmail.com,7986005612,Pune,Female,18,2020-06-26
5175,Myra Agarwal,myra.agarwal547@gmail.com,8518589257,Bengaluru,Female,67,2022-08-30
5175,Myra Agarwal,myra.agarwal547@gmail.com,8518589257,Bengaluru,Female,67,2022-08-30
5176,,meera.joshi291@gmail.com,8067877303,Pune,Female,199,2019-06-12
5177,Ayaan Singh,ayaan.singh532@gmail.com,9797413372,Surat,Female,69,2021-01-11
5178,Neha Malhotra,neha.malhotra735@outlook.com,8153395476,Bengaluru,Other,57,2021-03-30
5179,Ramesh Patel,ramesh.patel329@outlook.com,7128850002,Surat,Other,54,2022-01-07
5180,Meera Agarwal,meera.agarwal409@outlook.com,9384810356,Lucknow,Female,61,2019-01-21
5181,Sai Reddy,sai.reddy178@gmail.com,9571108256,Nagpur,Other,21,2023-12-17
5182,Aadhya Sharma,aadhya.sharma316@hotmail.com,9443739148,Patna,Female,64,2020-09-01
5183,Karan Gupta,karan.gupta505@rediffmail.com,9928740158,Hyderabad,Female,34,2024-04-13
5184,Vihaan Kapoor,vihaan.kapoor946@yahoo.com,7101523074,Chennai,Female,16,2019-10-07
5185,Sunita Desai,sunita.desai668@hotmail.com,9331545271,Ludhiana,Other,21,2020-05-24
5186,Divya Singh,divya.singh97@yahoo.com,7662170493,Kanpur,Other,62,2020-04-24
5187,Shreya Iyer,shreya.iyer467@outlook.com,8703598674,Pune,Male,24,2024-05-30
5188,Manish Mehta,manish.mehta806@yahoo.com,8851244750,Jaipur,Male,62,2024-02-13
5189,Sanjay Kumar,sanjay.kumar907@yahoo.com,858289039,Ahmedabad,Male,51,2020-09-13
5190,Divya Iyer,divya.iyer90@outlook.com,7483567860,Lucknow,Other,34,2023-08-30
5191,Krishna Singh,krishna.singh794@yahoo.com,99527548,Agra,Female,22,2024-03-09
5192,Pooja Kumar,pooja.kumar998@rediffmail.com,9619204912,Kolkata,Female,47,2021-08-12
5193,Riya Rao,riya.rao994@outlook.com,8858928136,Vadodara,Other,37,2023-10-18
5194,Myra Bansal,myra.bansal166@hotmail.com,9753022132,Mumbai,Female,65,2022-02-20
5195,Pari Pillai,pari.pillai519@yahoo.com,78841795,Lucknow,Female,37,2022-01-12
5196,Pooja Singh,pooja.singh445@gmail.com,9967506400,Kolkata,Male,56,2020-05-21
5197,Vivaan Malhotra,vivaan.malhotra100@gmail.com,7523721607,Chennai,Male,64,2019-11-26
5198,Sneha Reddy,sneha.reddy924@outlook.com,9618923981,Chennai,Female,25,2022-11-19
5199,Riya Joshi,riya.joshi298@hotmail.com,8740498086,Mumbai,Other,55,2021-04-15
5200,Priya Mehta,priya.mehta204@hotmail.com,7779923203,Ludhiana,Male,33,2024-08-15
5201,Ananya Bhatt,ananya.bhatt540@yahoo.com,8598825372,Kanpur,Other,44,2023-05-23
5202,Ramesh Patel,ramesh.patel414@hotmail.com,8755809463,Chennai,Male,18,2019-11-22
5203,Sneha Bhatt,sneha.bhatt44@gmail.com,9394403233,Mumbai,Other,21,2023-07-01
5204,Ramesh Agarwal,ramesh.agarwal272@outlook.com,7677954845,Nashik,Female,37,2024-04-02
5205,Sai Kapoor,sai.kapoor28@rediffmail.com,8334884906,Bengaluru,Other,29,2020-05-23
5206,Kavya Pillai,kavya.pillai943@gmail.com,9428841450,Agra,Male,65,2022-10-17
5207,Vihaan Chopra,vihaan.chopra831@yahoo.com,7873240841,Bengaluru,Female,27,2024-11-27
5208,Rahul Singh,rahul.singh614@yahoo.com,9986956789,Kanpur,Male,21,2023-05-28
5209,Meera Joshi,meera.joshi467@hotmail.com,8046481901,Bhopal,Male,16,2020-12-27
5210,Anjali Malhotra,anjali.malhotra970@outlook.com,9254127485,Ahmedabad,Male,64,2023-10-16
5211,Suresh Agarwal,suresh.agarwal375@outlook,8081088051,Nagpur,Male,56,2020-10-05
5212,Sneha Mehta,sneha.mehta1@outlook.com,7297767324,Vadodara,Female,55,2024-11-27
5212,Sneha Mehta,sneha.mehta1@outlook.com,7297767324,Vadodara,Female,55,2024-11-27
5213,,deepak.reddy285@outlook.com,8272681167,LUCKNOW,Male,145,2022-11-13
5214,Shreya Kumar,shreya.kumar525@outlook.com,7843014991,Agra,Other,28,2021-06-14
5215,Neha Agarwal,neha.agarwal300@yahoo.com,9826613507,Ludhiana,Male,47,2021-07-14
5216,Kritika Bhatt,kritika.bhatt11@yahoo.com,7678543182,Nagpur,Other,25,2021-01-08
5217,Reyansh Kumar,reyansh.kumar760@outlook.com,7135675897,Kanpur,Female,20,2022-03-20
5218,Ananya Bhatt,ananya.bhatt775@gmail.com,9686690626,Bengaluru,Other,28,2022-06-15
5219,Saanvi Nair,saanvi.nair888@yahoo.com,8392644727,Ludhiana,Female,34,2022-06-20
5220,Aadhya Malhotra,aadhya.malhotra276@yahoo.com,8372837984,Ludhiana,Other,27,2022-11-08
5221,Priya Chopra,priya.chopra896@gmail.com,9486616843,Delhi,Female,37,2019-08-16
5222,Kritika Bansal,kritika.bansal589rediffmail.com,7814008667,Lucknow,Other,35,2023-07-10
5223,Isha Agarwal,isha.agarwal765@outlook.com,9383777414,Agra,Male,27,2024-03-25
5224,Rahul Chopra,rahul.chopra372@outlook.com,7086443123,Pune,Male,19,2020-07-25
5225,Manish Kapoor,manish.kapoor617@rediffmail.com,9601882969,Bhopal,Male,47,2023-09-30
5225,Manish Kapoor,manish.kapoor617@rediffmail.com,9601882969,Bhopal,Male,47,2023-09-30
5226,,manish.singh161@gmail.com,8462515633,K@npur,Other,175,2019-02-25
5227,Divya Agarwal,divya.agarwal363@yahoo.com,7497019731,Bhopal,Male,67,2019-08-11
5228,Sneha Sharma,sneha.sharma440yahoo.com,9762495057,Agra,Other,53,2022-02-28
5229,Vihaan Kumar,vihaan.kumar766@gmail.com,8445712177,Ahmedabad,Other,42,2022-10-11
5230,Riya Rao,riya.rao765@outlook.com,7299331248,Hyderabad,Male,69,2021-01-08
5231,Sneha Kumar,sneha.kumar28@outlook.com,782444926,Agra,Female,48,2022-09-29
5232,Suresh Mehta,suresh.mehta961@gmail.com,8687488324,Nagpur,Male,21,2024-08-28
5233,Nikhil Iyer,nikhil.iyer681@rediffmail.com,7571242119,Nashik,Other,61,2021-04-23
5234,Vivaan Desai,vivaan.desai302@gmail.com,9527519135,Vadodara,Male,18,2021-01-29
5235,Shreya Nair,shreya.nair47@outlook.com,7279720579,Vadodara,Male,20,2021-05-21
5236,Shreya Malhotra,shreya.malhotra574@outlook.com,7449095644,Delhi,Male,21,2020-05-03
5237,Vivaan Iyer,vivaan.iyer95@yahoo.com,9791679630,Chennai,Female,46,2022-09-13
5238,Kavya Joshi,kavya.joshi698@gmail.com,8233754804,Nashik,Other,64,2023-03-29
5239,Manish Mehta,manish.mehta563@outlook.com,7595201595,Ahmedabad,Other,26,2022-07-08
5240,Vihaan Sharma,vihaan.sharma387@rediffmail.com,9029974115,Patna,Other,56,2022-07-18
5241,Neha Verma,neha.verma827@yahoo.com,8694696599,Agra,Male,59,2021-07-10
5242,Suresh Kumar,suresh.kumar146gmail.com,9818735509,Ludhiana,Female,60,2023-12-10
5243,Rohan Mehta,rohan.mehta226@gmail.com,+91-7092339453,Ahmedabad,Male,60,2019-10-11
5244,Priya Singh,priya.singh286@yahoo.com,9833663568,Nashik,Other,27,2020-07-31
5245,Ishaan Sharma,ishaan.sharma670@yahoo,7334559275,Nashik,Other,59,2020-08-06
5246,Meera Kapoor,meera.kapoor783@outlook.com,9222998727,Bengaluru,Other,43,2024-04-29
5247,Ayaan Desai,ayaan.desai291@gmail.com,9804654887,Patna,Other,30,2020-03-22
5248,Neha Joshi,neha.joshi6@yahoo.com,9029462210,Kolkata,Other,18,2020-01-23
5249,Manish Bansal,manish.bansal75@hotmail.com,9530476,Nashik,Male,45,2020-05-11
5250,Ayaan Nair,ayaan.nair948@gmail.com,7093228021,Indore,Male,24,2023-03-15
5251,Amit Chopra,amit.chopra257@outlook,8717324661,Kanpur,Female,39,2022-06-06
5252,Anika Singh,anika.singh291@hotmail.com,8130417333,Surat,Other,19,2020-05-28
5253,Manish Kapoor,manish.kapoor233@yahoo.com,7110647616,Mumbai,Other,37,2024-09-15
5254,Riya Joshi,riya.joshi499@outlook.com,8571237254,Agra,Other,46,2024-06-18
5255,Ramesh Bhatt,ramesh.bhatt535@outlook.com,7410304035,Indore,Other,37,2022-09-05
5256,Kavya Agarwal,kavya.agarwal613@outlook.com,7309376212,Kanpur,Male,20,2024-03-16
5257,Pari Rao,pari.rao450@gmail.com,7726435698,Kolkata,Female,38,2022-08-27
5258,Shreya Chopra,shreya.chopra102@hotmail.com,+91-7032315216,Surat,Female,29,2019-09-02
5259,Sunita Nair,sunita.nair286@rediffmail.com,8117181219,Nagpur,Other,44,2022-07-04
5260,Anjali Joshi,anjali.joshi32@hotmail.com,9828900878,Nashik,Male,57,2020-05-10
5261,Karan Joshi,karan.joshi231@outlook.com,9590216191,Ahmedabad,Other,53,2022-12-01
5262,Neha Desai,neha.desai429@gmail,8310674482,Ahmedabad,Other,20,2019-08-11
5263,Sunita Joshi,sunita.joshi186@yahoo.com,9525062409,Jaipur,Male,42,2019-11-26
5264,Pari Chopra,pari.chopra204@outlook.com,8263896112,Agra,Other,32,2023-05-21
5265,Neha Verma,neha.verma601@outlook.com,7890279382,Pune,Other,63,2021-02-27
5266,Ayaan Mehta,ayaan.mehta826@hotmail.com,7756606398,Kanpur,Female,31,2021-02-08
5267,Manish Bhatt,manish.bhatt373@rediffmail.com,9390214615,Surat,Male,27,2021-05-21
5268,Anjali Malhotra,anjali.malhotra687@outlook.com,9579069199,Nagpur,Male,27,2019-05-25
5269,Anika Verma,anika.verma247@rediffmail.com,8220517010,Kanpur,Male,64,2023-12-04
5269,Anika Verma,anika.verma247@rediffmail.com,8220517010,Kanpur,Male,64,2023-12-04
5270,,sai.mehta375@rediffmail.com,8044381142,Agra  ,Male,122,2022-09-28
5271,Saanvi Kumar,saanvi.kumar306@rediffmail.com,9197610874,Bhopal,Male,51,2024-08-09
5272,Ishaan Rao,ishaan.rao138@rediffmail.com,8268506329,Chennai,Male,42,2024-08-26
5273,Sneha Desai,sneha.desai977@gmail.com,7275448635,Nagpur,Female,48,2021-09-27
5274,Shreya Gupta,shreya.gupta797@hotmail.com,7036678843,Kanpur,Female,53,2020-03-15
5275,Anika Chopra,anika.chopra71@outlook.com,7636391230,Agra,Female,45,2024-09-17
5276,Rahul Iyer,rahul.iyer11@yahoo,7574382231,Surat,Female,23,2021-03-18
5277,Nikhil Reddy,nikhil.reddy250@rediffmail.com,9165226825,Agra,Other,28,2020-05-29
5278,Rahul Malhotra,rahul.malhotra115@gmail.com,7164239103,Chennai,Male,52,2024-04-24
5279,Aadhya Agarwal,aadhya.agarwal429@hotmail.com,9179278134,Mumbai,Male,32,2023-04-15
5280,Sneha Singh,sneha.singh817hotmail.com,7316442883,Bengaluru,Other,31,2020-03-11
5281,Anika Gupta,anika.gupta781@gmail.com,9576842677,Lucknow,Other,41,2020-05-27
5282,Karan Malhotra,karan.malhotra976@yahoo.com,7310335779,Surat,Male,44,2019-07-30
5283,Aditya Patel,aditya.patel650@gmail.com,7568813864,Vadodara,Other,65,2021-12-02
5284,Aarav Nair,aarav.nair218@hotmail.com,9663026947,Vadodara,Male,34,2021-01-04
5285,Deepak Joshi,deepak.joshi716@yahoo.com,8715369689,Ludhiana,Female,70,2020-01-27
5286,Anjali Joshi,anjali.joshi150@outlook.com,8796298154,Vadodara,Male,43,2023-04-12
5287,Myra Bansal,myra.bansal843@gmail.com,8745672908,Vadodara,Female,53,2021-09-02
5288,Kavya Chopra,kavya.chopra913@hotmail.com,7281264852,Lucknow,Female,51,2019-08-11
5289,Divya Singh,divya.singh264@yahoo.com,8014199831,Bhopal,Female,37,2019-11-13
5290,Divya Patel,divya.patel122@yahoo.com,7129346627,Bengaluru,Female,45,2019-11-12
5291,Ayaan Desai,ayaan.desai265@hotmail.com,8578038634,Vadodara,Other,19,2021-11-28
5292,Reyansh Nair,reyansh.nair129@hotmail.com,8795241307,Chennai,Other,19,2024-03-07
5293,Ramesh Kapoor,ramesh.kapoor992hotmail.com,9723735802,Indore,Male,66,2023-04-19
5294,Kavya Bansal,kavya.bansal512@outlook.com,8362718914,Surat,Male,31,2023-03-06
5295,Anjali Malhotra,anjali.malhotra665hotmail.com,76811432,Pune,Female,32,2020-04-17
5296,Anika Patel,anika.patel551@rediffmail.com,9337500522,Kolkata,Female,54,2023-01-15
5297,Anika Patel,anika.patel198@outlook,9816635633,Ludhiana,Male,35,2024-11-02
5298,Reyansh Bhatt,reyansh.bhatt179@outlook.com,7221589165,Mumbai,Other,19,2024-04-16
5299,Ishaan Malhotra,ishaan.malhotra159@yahoo.com,8955529154,Delhi,Male,33,2021-07-26
5300,Suresh Desai,suresh.desai399@yahoo.com,9767130028,Lucknow,Male,39,2021-06-14
5301,Aarav Pillai,aarav.pillai868outlook.com,8976021945,Pune,Female,20,2020-11-13
5302,Manish Pillai,manish.pillai826@outlook.com,8583236007,Patna,Male,31,2021-04-23
5303,Pari Chopra,pari.chopra998@gmail.com,8395459624,Kanpur,Other,68,2021-05-21
5304,Aarav Nair,aarav.nair247@yahoo.com,86816254,Nashik,Other,22,2021-01-07
5305,Diya Kapoor,diya.kapoor536@hotmail.com,8744109175,Ludhiana,Other,64,2019-03-30
5306,Nikhil Reddy,nikhil.reddy12@outlook.com,9351343367,Agra,Female,21,2019-01-01
5307,Aadhya Nair,aadhya.nair968@gmail,8835695931,Pune,Female,61,2020-02-10
5308,Ananya Rao,ananya.rao450@outlook.com,+91-8336487297,Chennai,Male,57,2024-10-13
5309,Vihaan Sharma,vihaan.sharma983@hotmail.com,8486627083,Agra,Male,69,2021-10-15
5310,Pooja Sharma,pooja.sharma245@yahoo.com,9952159039,Jaipur,Other,57,2019-04-25
5311,Amit Bhatt,amit.bhatt618@hotmail.com,8634636025,Ludhiana,Other,24,2022-10-18
5312,Priya Bhatt,priya.bhatt641@outlook.com,8366302917,Bengaluru,Male,47,2019-04-06
5313,Manish Joshi,manish.joshi116@outlook.com,7008487651,Mumbai,Female,67,2019-03-28
5314,Aditya Reddy,aditya.reddy35outlook.com,8022079194,Vadodara,Male,35,2019-09-05
5315,Sneha Chopra,sneha.chopra841@yahoo.com,9290239761,Agra,Other,41,2021-08-29
5315,Sneha Chopra,sneha.chopra841@yahoo.com,9290239761,Agra,Other,41,2021-08-29
5316,,ananya.patel702@hotmail.com,8709211687,PUNE,Male,139,2024-01-07
5317,Vivaan Joshi,vivaan.joshi487@rediffmail.com,7651002440,Chennai,Other,40,2024-05-30
5318,Reyansh Singh,reyansh.singh704@rediffmail.com,9497731530,Vadodara,Other,34,2019-09-17
5319,Ananya Rao,ananya.rao732@hotmail.com,7330920073,Pune,Other,43,2023-06-30
5320,Ramesh Agarwal,ramesh.agarwal177@yahoo.com,8027419101,Ahmedabad,Male,42,2021-05-02
5321,Vivaan Reddy,vivaan.reddy887@hotmail.com,7541510221,Mumbai,Other,57,2023-11-12
5322,Sneha Iyer,sneha.iyer518@hotmail.com,9737351057,Agra,Female,34,2021-03-08
5323,Aditya Bhatt,aditya.bhatt198@hotmail.com,9888946035,Ahmedabad,Male,35,2022-07-06
5324,Ramesh Gupta,ramesh.gupta262@hotmail.com,7162455719,Mumbai,Other,54,2023-12-27
5325,,manish.malhotra978@yahoo.com,7054174174,KOLKATA,Other,158,2024-09-14
5326,Karan Bansal,karan.bansal527@outlook.com,8597050373,Mumbai,Male,42,2023-07-01
5327,Vivaan Rao,vivaan.rao94@gmail.com,8265515874,Delhi,Male,58,2020-01-03
5328,Amit Pillai,amit.pillai923@yahoo.com,7877289007,Nashik,Other,36,2023-09-21
5329,Aditya Chopra,aditya.chopra464@outlook,9061394663,Nashik,Other,65,2023-01-06
5330,Aadhya Malhotra,aadhya.malhotra360yahoo.com,7200143632,Jaipur,Female,22,2024-05-14
5331,Ananya Mehta,ananya.mehta909@gmail.com,8396909913,Ahmedabad,Male,34,2019-08-11
5332,Sneha Kumar,sneha.kumar685@rediffmail.com,9451771444,Bengaluru,Male,17,2022-01-14
5333,Shreya Gupta,shreya.gupta88@outlook.com,8646704065,Nagpur,Other,59,2022-11-18
5334,Rohan Verma,rohan.verma656@yahoo.com,82917207,Mumbai,Female,40,2021-07-17
5335,Neha Kapoor,neha.kapoor952@outlook.com,8382729230,Mumbai,Other,59,2019-12-04
5336,Ananya Mehta,ananya.mehta157@outlook.com,7923357745,Jaipur,Female,65,2020-12-11
5337,Pooja Nair,pooja.nair430@gmail.com,7300729935,Kanpur,Other,22,2021-10-10
5338,Anjali Joshi,anjali.joshi551@yahoo.com,9719847687,Hyderabad,Female,19,2024-12-29
5339,Ramesh Agarwal,ramesh.agarwal661@outlook.com,8424703277,Ludhiana,Other,16,2020-05-27
5340,Arjun Iyer,arjun.iyer519@gmail.com,8439826224,Nashik,Male,44,2021-02-02
5341,Ishaan Chopra,ishaan.chopra196@yahoo,9527319552,Kolkata,Male,50,2020-02-05
5342,Sai Chopra,sai.chopra756@hotmail.com,78969716,Bhopal,Female,65,2022-10-15
5343,Arjun Desai,arjun.desai923@rediffmail.com,8820365456,Jaipur,Male,18,2019-06-17
5344,Sai Desai,sai.desai544yahoo.com,+91-8431039708,Nagpur,Male,29,2024-12-29
5345,Shreya Verma,shreya.verma420@yahoo.com,7338426421,Ludhiana,Other,31,2020-03-14
5346,Vivaan Patel,vivaan.patel973@gmail.com,7190450618,Patna,Female,36,2023-10-24
5347,Manish Verma,manish.verma685@outlook.com,7197645914,Nagpur,Male,42,2024-07-11
5348,Aadhya Desai,aadhya.desai264@yahoo.com,8560328526,Surat,Male,65,2024-05-21
5349,Diya Malhotra,diya.malhotra981@gmail.com,7890479968,Agra,Male,61,2019-02-28
5350,Aadhya Sharma,aadhya.sharma44@hotmail.com,9065566286,Ahmedabad,Female,51,2021-08-14
5351,Kritika Joshi,kritika.joshi986@gmail.com,7488004895,Chennai,Female,70,2020-10-19
5352,Arjun Reddy,arjun.reddy848@gmail.com,9001509009,Agra,Male,23,2021-05-19
5353,Vihaan Sharma,vihaan.sharma497@outlook.com,9105299696,Ludhiana,Female,30,2020-03-23
5354,Vivaan Malhotra,vivaan.malhotra144@yahoo.com,+91-7039514807,Ludhiana,Male,54,2023-08-23
5355,Shreya Reddy,shreya.reddy507@gmail.com,7656815506,Jaipur,Female,68,2020-06-30
5356,Saanvi Reddy,saanvi.reddy895@hotmail.com,9771183224,Bengaluru,Male,50,2024-01-25
5357,Aditya Iyer,aditya.iyer795gmail.com,8883174113,Ahmedabad,Male,48,2019-12-03
5358,Rahul Patel,rahul.patel372@rediffmail.com,9997339883,Ludhiana,Female,68,2024-10-29
5359,Deepak Rao,deepak.rao143@yahoo.com,7966433823,Mumbai,Other,38,2022-04-11
5360,Ishaan Iyer,ishaan.iyer715@rediffmail.com,8842765037,Jaipur,Female,64,2019-10-18
5361,Divya Sharma,divya.sharma55@rediffmail.com,7142612195,Chennai,Other,25,2020-12-05
5362,Ayaan Bhatt,ayaan.bhatt826@hotmail.com,7268605641,Hyderabad,Male,34,2020-03-04
5363,Aadhya Chopra,aadhya.chopra797@outlook.com,8839078336,Bengaluru,Other,17,2024-05-06
5364,Krishna Patel,krishna.patel370@outlook.com,7863543814,Jaipur,Other,43,2024-06-13
5365,Anjali Sharma,anjali.sharma433outlook.com,7168151575,Hyderabad,Male,69,2024-07-24
5366,Myra Kumar,myra.kumar187@yahoo.com,9799907409,Nashik,Male,18,2024-04-18
5367,Shreya Nair,shreya.nair285@gmail.com,9371293763,Chennai,Male,26,2023-05-28
5368,Sanjay Joshi,sanjay.joshi898@hotmail.com,9473760861,Jaipur,Female,55,2021-12-24
5369,Sunita Bhatt,sunita.bhatt159@hotmail.com,8829432278,Delhi,Other,65,2022-10-25
5370,Rohan Mehta,rohan.mehta526@yahoo.com,9135358047,Chennai,Male,63,2023-01-14
5371,Arjun Joshi,arjun.joshi194@gmail.com,7756885265,Bhopal,Other,63,2023-09-18
5372,Suresh Desai,suresh.desai453@outlook.com,73292079,Patna,Male,46,2020-03-14
5373,Shreya Bhatt,shreya.bhatt219@gmail.com,7946607976,Mumbai,Other,66,2021-04-21
5374,Meera Gupta,meera.gupta899@outlook.com,9944846691,Agra,Female,64,2019-01-20
5375,Vivaan Pillai,vivaan.pillai742@rediffmail.com,8423032649,Lucknow,Other,45,2021-02-26
5376,Ananya Joshi,ananya.joshi942@gmail.com,8751068742,Ludhiana,Other,44,2024-05-25
5377,Divya Sharma,divya.sharma487@rediffmail.com,7247226377,Hyderabad,Female,59,2020-09-03
5378,Sanjay Joshi,sanjay.joshi255@rediffmail.com,7846686939,Ludhiana,Female,65,2019-02-20
5379,Meera Chopra,meera.chopra355@yahoo.com,7237150917,Hyderabad,Other,48,2022-10-10
5380,Ramesh Bansal,ramesh.bansal751@yahoo.com,7652742526,Kolkata,Other,38,2023-05-29
5381,Aditya Kapoor,aditya.kapoor790@rediffmail.com,8404590185,Agra,Other,46,2023-02-12
5382,Deepak Patel,deepak.patel403@rediffmail.com,9893416111,Bhopal,Other,69,2019-09-09
5383,Nikhil Verma,nikhil.verma755@hotmail.com,8372910500,Patna,Male,70,2019-04-03
5384,Sneha Bhatt,sneha.bhatt694@yahoo.com,7773891863,Indore,Male,49,2022-04-18
5385,Ayaan Bhatt,ayaan.bhatt729@hotmail.com,7094649308,Agra,Female,16,2024-07-20
5386,Suresh Bansal,suresh.bansal866@yahoo.com,+91-7555444822,Mumbai,Other,56,2023-07-28
5387,Arjun Bansal,arjun.bansal947@outlook.com,9538420424,Kanpur,Male,17,2024-06-13
5388,Myra Pillai,myra.pillai144@yahoo.com,9287617745,Agra,Female,32,2020-01-18
5389,Rohan Iyer,rohan.iyer900@hotmail.com,9315383632,Ahmedabad,Male,31,2020-07-25
5390,Sai Desai,sai.desai430@hotmail.com,8182064398,Nagpur,Male,56,2019-06-04
5391,Diya Bansal,diya.bansal46@gmail.com,8835176013,Bengaluru,Other,45,2019-03-14
5392,Myra Chopra,myra.chopra732@hotmail.com,7682355648,Pune,Female,57,2023-11-22
5393,Ishaan Patel,ishaan.patel235@hotmail.com,7751539620,Agra,Other,17,2019-05-09
5394,Isha Sharma,isha.sharma634@rediffmail.com,7185274218,Nashik,Male,29,2020-11-06
5395,Divya Desai,divya.desai319@rediffmail.com,7679220956,Agra,Other,17,2020-07-12
5396,Arjun Rao,arjun.rao722@yahoo.com,8694410953,Nashik,Other,58,2020-07-22
5397,Ramesh Reddy,ramesh.reddy834@gmail.com,7234323807,Hyderabad,Female,36,2019-03-13
5398,Myra Kapoor,myra.kapoor527@gmail.com,9497983818,Kolkata,Female,43,2019-03-18
5399,Anika Malhotra,anika.malhotra305@rediffmail.com,7654385124,Chennai,Female,51,2022-07-01
5400,Aarav Gupta,aarav.gupta281@gmail.com,9518464716,Ahmedabad,Female,67,2022-06-15
5401,Kavya Kapoor,kavya.kapoor163@hotmail.com,8009400197,Mumbai,Female,62,2022-01-06
5402,,vivaan.reddy329@hotmail.com,9448943954,Lucknow,Male,172,2024-05-27
5403,Ananya Singh,ananya.singh129@hotmail.com,7945157312,Nashik,Female,55,2021-07-31
5404,Isha Chopra,isha.chopra135@yahoo.com,8437496316,Surat,Female,41,2022-05-03
5405,Meera Reddy,meera.reddy555@hotmail.com,8164387020,Bhopal,Female,50,2021-07-11
5406,Aditya Rao,aditya.rao911@rediffmail.com,9502680348,Ahmedabad,Male,50,2021-04-07
5407,Krishna Iyer,krishna.iyer827@outlook.com,7462747713,Surat,Other,42,2024-08-28
5408,Amit Singh,amit.singh620@outlook.com,7395033595,Nagpur,Male,43,2023-10-06
5409,Aarav Singh,aarav.singh730@hotmail.com,9776440536,Nagpur,Male,18,2019-07-04
5410,Amit Mehta,amit.mehta733@gmail.com,8054355442,Bengaluru,Female,58,2021-11-26
5411,Nikhil Malhotra,nikhil.malhotra883@yahoo.com,8181135481,Ludhiana,Male,58,2021-09-09
5412,Isha Agarwal,isha.agarwal318@gmail.com,7536351066,Nashik,Female,70,2022-09-29
5413,Sanjay Iyer,sanjay.iyer568@hotmail.com,8206670912,Nashik,Female,26,2023-09-02
5414,Reyansh Iyer,reyansh.iyer268@outlook.com,9375766730,Nagpur,Other,21,2021-05-16
5415,Kavya Patel,kavya.patel154@hotmail.com,8788485656,Ahmedabad,Female,42,2022-09-15
5416,Ishaan Reddy,ishaan.reddy877@rediffmail.com,8901445590,Kolkata,Male,22,2022-04-26
5417,Rahul Patel,rahul.patel651@rediffmail.com,7594103579,Bhopal,Female,31,2019-05-10
5418,Shreya Kapoor,shreya.kapoor33@outlook.com,7784575218,Bhopal,Female,35,2021-12-25
5419,Aditya Reddy,aditya.reddy898@gmail.com,+91-7087777524,Lucknow,Male,59,2022-06-18
5420,Krishna Kumar,krishna.kumar412@hotmail.com,8728511509,Agra,Female,54,2021-11-12
5421,Saanvi Kumar,saanvi.kumar233@hotmail.com,7737201303,Bengaluru,Female,65,2021-10-15
5422,Neha Desai,neha.desai460@hotmail.com,8563977926,Hyderabad,Other,67,2024-12-19
5423,Aditya Pillai,aditya.pillai416@hotmail.com,8837316839,Lucknow,Male,51,2019-10-09
5424,Kritika Verma,kritika.verma331@yahoo.com,9050454123,Vadodara,Female,57,2019-08-28
5425,Meera Reddy,meera.reddy92@outlook.com,8400568298,Kanpur,Other,20,2020-02-13
5426,Ishaan Rao,ishaan.rao278@yahoo.com,7839561463,Agra,Female,50,2020-03-25
5427,Manish Sharma,manish.sharma100@rediffmail.com,7104639731,Agra,Male,70,2024-09-09
5428,Vivaan Rao,vivaan.rao846@yahoo.com,7013033242,Nagpur,Female,50,2019-09-18
5429,Pooja Kumar,pooja.kumar821@hotmail.com,8416586,Delhi,Other,45,2020-04-17
5430,Kavya Pillai,kavya.pillai8@outlook.com,8720563916,Lucknow,Other,20,2021-12-24
5431,Pari Bhatt,pari.bhatt957@yahoo,9000970715,Agra,Female,29,2022-09-16
5432,Anika Singh,anika.singh881@yahoo.com,7983921964,Vadodara,Male,63,2019-04-19
5433,Anika Sharma,anika.sharma292@hotmail.com,7677942877,Nashik,Female,66,2020-06-24
5434,Aarav Bhatt,aarav.bhatt297@rediffmail.com,7153700151,Hyderabad,Male,52,2020-05-14
5435,Vihaan Kumar,vihaan.kumar66@gmail.com,7768963751,Vadodara,Other,41,2024-12-13
5436,Vivaan Singh,vivaan.singh66@gmail,8895652590,Vadodara,Male,45,2020-11-07
5437,Kavya Kumar,kavya.kumar81@rediffmail.com,7276152074,Chennai,Male,49,2020-11-09
5438,Ishaan Joshi,ishaan.joshi15yahoo.com,7665395101,Nagpur,Male,61,2023-06-25
5439,Anika Malhotra,anika.malhotra646@hotmail.com,9973791619,Lucknow,Other,27,2024-06-04
5440,Sunita Mehta,sunita.mehta864@gmail.com,9882737475,Delhi,Other,20,2022-02-08
5440,Sunita Mehta,sunita.mehta864@gmail.com,9882737475,Delhi,Other,20,2022-02-08
5441,,sanjay.joshi420@hotmail.com,7793056143,Hyder@b@d,Female,200,2019-06-25
5442,Kritika Patel,kritika.patel981@gmail.com,9592241474,Kanpur,Female,44,2020-03-16
5443,Sneha Rao,sneha.rao514@gmail.com,9838926836,Ahmedabad,Male,28,2022-12-12
5444,Sai Malhotra,sai.malhotra795@hotmail.com,8922271989,Bengaluru,Male,55,2020-08-17
5445,Aadhya Singh,aadhya.singh170@outlook.com,7658848914,Pune,Male,37,2019-10-20
5446,Divya Verma,divya.verma825@gmail.com,9894665221,Kanpur,Male,52,2022-03-10
5447,Karan Verma,karan.verma558@hotmail.com,9091019054,Ahmedabad,Male,67,2023-02-03
5448,Karan Malhotra,karan.malhotra331@rediffmail.com,9684245699,Indore,Female,29,2023-08-10
5449,Priya Mehta,priya.mehta240@outlook.com,7298511494,Chennai,Female,42,2019-11-27
5450,Aadhya Kumar,aadhya.kumar529@yahoo,7831623996,Surat,Male,60,2019-03-20
5451,Pari Nair,pari.nair843@rediffmail.com,8166672613,Kanpur,Other,49,2023-03-27
5452,Aadhya Malhotra,aadhya.malhotra117@hotmail.com,9512253297,Nashik,Other,46,2020-09-09
5453,Karan Kumar,karan.kumar732@gmail.com,7381183019,Nashik,Other,60,2022-02-20
5454,Diya Singh,diya.singh18@gmail.com,7069032434,Bhopal,Other,17,2022-04-15
5455,Amit Kumar,amit.kumar941@outlook.com,8412245118,Mumbai,Other,19,2023-08-10
5456,Karan Singh,karan.singh710@rediffmail.com,8470785234,Bhopal,Male,51,2022-09-18
5457,Sunita Joshi,sunita.joshi177@rediffmail.com,9468678876,Nagpur,Male,40,2023-05-01
5458,Kavya Chopra,kavya.chopra542@hotmail.com,9565986342,Ludhiana,Male,17,2024-06-25
5459,Reyansh Reddy,reyansh.reddy628@gmail.com,9147261827,Vadodara,Female,37,2019-04-15
5460,Nikhil Nair,nikhil.nair761@yahoo.com,7842298623,Indore,Female,18,2021-09-04
5461,,vihaan.gupta987@hotmail.com,8880744954,Delhi,Other,177,2019-06-05
5462,Anika Reddy,anika.reddy378yahoo.com,7014515053,Jaipur,Male,56,2021-03-31
5463,Ishaan Agarwal,ishaan.agarwal417rediffmail.com,7470229211,Kanpur,Female,31,2019-08-03
5464,Myra Mehta,myra.mehta994@hotmail,9303484113,Chennai,Female,21,2019-09-25
5465,Sunita Malhotra,sunita.malhotra709@yahoo.com,7327792000,Mumbai,Other,52,2019-06-19
5466,Manish Joshi,manish.joshi209gmail.com,8889842520,Kolkata,Other,56,2023-10-17
5467,Neha Patel,neha.patel835@gmail.com,8626489487,Vadodara,Male,20,2023-09-05
5468,Saanvi Bansal,saanvi.bansal70@gmail.com,9167814571,Bhopal,Other,32,2024-11-26
5469,Ananya Sharma,ananya.sharma471@rediffmail.com,8878043971,Mumbai,Male,38,2020-08-19
5470,Arjun Nair,arjun.nair47hotmail.com,8396253239,Chennai,Female,47,2024-10-02
5471,Arjun Bhatt,arjun.bhatt329@yahoo.com,9938146190,Surat,Female,31,2023-07-09
5472,Amit Nair,amit.nair204@hotmail.com,7383886168,Bengaluru,Female,17,2022-11-02
5473,Divya Reddy,divya.reddy918@outlook.com,7773908907,Vadodara,Male,34,2022-08-09
5474,Amit Reddy,amit.reddy455@yahoo.com,9782936571,Pune,Other,65,2023-09-24
5475,Riya Iyer,riya.iyer145@gmail.com,9152748273,Lucknow,Other,53,2020-03-25
5476,Diya Malhotra,diya.malhotra486@outlook.com,7392828750,Lucknow,Other,69,2024-04-24
5477,Shreya Rao,shreya.rao125@rediffmail.com,8932010907,Pune,Other,37,2023-12-29
5478,Nikhil Kapoor,nikhil.kapoor146@hotmail.com,8503894710,Ludhiana,Other,43,2021-12-16
5479,Aadhya Reddy,aadhya.reddy337@outlook.com,7886387864,Hyderabad,Other,62,2020-03-06
5480,Sai Agarwal,sai.agarwal435@hotmail.com,9099276493,Indore,Male,30,2024-08-26
5481,Aarav Verma,aarav.verma897@rediffmail.com,+91-7219180313,Ahmedabad,Male,40,2024-11-25
5482,Karan Kumar,karan.kumar178@outlook.com,7477167195,Ahmedabad,Other,55,2020-11-03
5483,Sanjay Bansal,sanjay.bansal306@hotmail.com,9051088765,Nashik,Male,29,2023-10-04
5484,Anika Mehta,anika.mehta615@rediffmail.com,9554344554,Surat,Other,51,2024-01-06
5485,Aarav Singh,aarav.singh9@rediffmail.com,8250543735,Ahmedabad,Male,27,2022-08-29
5486,Deepak Bhatt,deepak.bhatt62@rediffmail.com,7949119227,Vadodara,Female,30,2020-01-06
5487,Arjun Mehta,arjun.mehta993@hotmail.com,8380266685,Delhi,Male,35,2023-03-26
5488,Sanjay Kumar,sanjay.kumar637@hotmail.com,8023086941,Ahmedabad,Other,38,2019-03-20
5489,Reyansh Kumar,reyansh.kumar893@yahoo.com,7216374307,Ludhiana,Female,26,2024-04-11
5490,Manish Rao,manish.rao347@rediffmail.com,8610461788,Ludhiana,Female,20,2022-11-21
5491,Riya Gupta,riya.gupta24@yahoo.com,9281459966,Chennai,Other,27,2019-01-29
5492,Rahul Nair,rahul.nair687@gmail.com,7241570700,Jaipur,Female,66,2020-01-24
5493,Ishaan Agarwal,ishaan.agarwal528@yahoo.com,9693248631,Ludhiana,Female,61,2020-10-13
5494,Neha Joshi,neha.joshi694@hotmail.com,9624218296,Chennai,Other,18,2022-01-26
5495,Manish Bansal,manish.bansal542@rediffmail.com,7394875237,Surat,Other,42,2019-03-08
5496,Aadhya Patel,aadhya.patel712@outlook.com,9985452036,Kanpur,Other,66,2023-09-06
5497,Kritika Desai,kritika.desai188@rediffmail.com,9902215508,Surat,Female,34,2021-11-30
5498,Ishaan Rao,ishaan.rao601@hotmail.com,7837644094,Bengaluru,Female,58,2019-07-30
5499,Ishaan Patel,ishaan.patel385@outlook.com,7002834877,Mumbai,Female,69,2019-12-27
5500,Kritika Kapoor,kritika.kapoor499@rediffmail.com,9587371913,Ahmedabad,Male,53,2021-03-10
5501,Vivaan Mehta,vivaan.mehta794@hotmail.com,9324663068,Indore,Female,34,2022-08-28
5502,Kritika Bansal,kritika.bansal139@hotmail.com,9470141055,Kanpur,Male,25,2020-07-10
5503,Aditya Singh,aditya.singh738@gmail.com,8876132981,Ludhiana,Female,20,2020-07-06
5504,Ayaan Agarwal,ayaan.agarwal349yahoo.com,8209090323,Pune,Other,57,2022-12-09
5505,Deepak Kumar,deepak.kumar61@yahoo.com,7565701459,Indore,Female,40,2023-07-24
5506,Karan Kapoor,karan.kapoor928hotmail.com,9546701887,Kolkata,Other,65,2019-01-31
5507,Krishna Reddy,krishna.reddy852@outlook.com,7486088971,Kolkata,Other,28,2023-10-01
5508,Aditya Chopra,aditya.chopra382@gmail.com,7854914166,Bengaluru,Other,53,2023-05-19
5509,Kavya Mehta,kavya.mehta257@rediffmail,7656986230,Ludhiana,Female,36,2020-05-07
5510,Krishna Joshi,krishna.joshi771@yahoo.com,9307094218,Nashik,Other,57,2019-09-14
5511,Vihaan Joshi,vihaan.joshi804@outlook.com,7986342812,Indore,Female,58,2019-03-22
5512,Ayaan Bhatt,ayaan.bhatt168@hotmail.com,7255503857,Lucknow,Male,55,2020-10-29
5513,Sneha Chopra,sneha.chopra230@gmail.com,7403053710,Chennai,Female,48,2019-01-19
5514,Amit Pillai,amit.pillai770@yahoo.com,+91-7588467406,Delhi,Other,59,2021-04-27
5515,Vivaan Mehta,vivaan.mehta771@yahoo.com,+91-9921265551,Bengaluru,Other,44,2019-12-04
5516,Sneha Joshi,sneha.joshi359@hotmail.com,8216612739,Kolkata,Female,42,2021-11-26
5517,Sneha Agarwal,sneha.agarwal531@rediffmail.com,7854574242,Kolkata,Male,58,2023-08-29
5518,Kavya Bhatt,kavya.bhatt623@rediffmail,7435675262,Kolkata,Female,21,2024-07-12
5519,Pari Kapoor,pari.kapoor356@hotmail.com,9090030126,Mumbai,Male,43,2022-09-19
5520,Vihaan Kumar,vihaan.kumar391@hotmail.com,+91-8889546464,Nashik,Female,25,2019-10-10
5521,Sanjay Gupta,sanjay.gupta906@rediffmail.com,7416469175,Hyderabad,Other,63,2023-07-28
5522,Meera Kumar,meera.kumar481@hotmail.com,72893200,Delhi,Male,33,2020-10-03
5523,Sunita Reddy,sunita.reddy80@gmail.com,9325410,Ludhiana,Male,45,2020-01-10
5524,Saanvi Chopra,saanvi.chopra129@yahoo.com,7085706647,Mumbai,Other,21,2024-02-17
5525,Aditya Desai,aditya.desai521@outlook.com,843435946,Kolkata,Male,26,2021-11-09
5526,Ayaan Kumar,ayaan.kumar893@yahoo.com,7272337289,Jaipur,Female,28,2020-02-06
5527,Krishna Bhatt,krishna.bhatt811@hotmail.com,7402086724,Vadodara,Female,18,2023-09-29
5528,Vivaan Bansal,vivaan.bansal691@gmail.com,8309901128,Vadodara,Female,32,2022-06-05
5529,Reyansh Kumar,reyansh.kumar74@rediffmail.com,9040600264,Nagpur,Other,26,2022-06-02
5530,Ananya Bhatt,ananya.bhatt836@hotmail.com,9200139104,Delhi,Female,60,2024-02-01
5531,Pari Patel,pari.patel349@rediffmail.com,7610641950,Chennai,Other,54,2022-08-25
5532,Ishaan Joshi,ishaan.joshi144@outlook.com,7963132564,Nashik,Other,44,2019-01-22
5533,Krishna Reddy,krishna.reddy457@outlook.com,9004254656,Surat,Male,17,2019-08-23
5534,Sai Kapoor,sai.kapoor868@gmail.com,7518721117,Bengaluru,Male,21,2020-01-15
5535,Divya Agarwal,divya.agarwal452@outlook.com,9957369029,Surat,Other,37,2019-05-01
5536,Rohan Bansal,rohan.bansal632@gmail.com,9662935848,Ahmedabad,Female,51,2019-05-18
5537,Manish Bhatt,manish.bhatt5@hotmail.com,8734956900,Hyderabad,Other,50,2019-04-19
5538,Rohan Joshi,rohan.joshi969@hotmail.com,7955561878,Nashik,Other,61,2023-04-27
5539,Anjali Reddy,anjali.reddy487@hotmail.com,9025144916,Indore,Male,29,2021-04-07
5540,Sai Gupta,sai.gupta558@yahoo.com,7796849045,Bhopal,Male,50,2022-11-09
5541,Ramesh Desai,ramesh.desai281@gmail.com,8061518842,Kolkata,Male,41,2019-03-24
5542,Karan Rao,karan.rao861rediffmail.com,9073223812,Surat,Male,56,2022-04-16
5543,Anika Rao,anika.rao109hotmail.com,7355879584,Hyderabad,Male,49,2024-10-03
5544,Nikhil Sharma,nikhil.sharma184@hotmail.com,7669600203,Chennai,Other,24,2024-06-15
5545,Myra Sharma,myra.sharma143@yahoo.com,8524324145,Jaipur,Other,17,2019-12-22
5546,Krishna Chopra,krishna.chopra134@outlook.com,7213050672,Lucknow,Other,66,2021-10-15
5547,Rohan Agarwal,rohan.agarwal862@outlook.com,8489231626,Lucknow,Male,49,2019-04-16
5548,Priya Malhotra,priya.malhotra419@outlook.com,9707156868,Hyderabad,Other,18,2023-10-31
5549,Vivaan Bansal,vivaan.bansal953@gmail.com,8753319633,Agra,Female,45,2021-10-15
5550,Pooja Nair,pooja.nair808@outlook.com,9496025740,Ludhiana,Female,19,2024-03-10
5551,Isha Agarwal,isha.agarwal490@rediffmail.com,8641000550,Nagpur,Male,20,2020-07-09
5552,Riya Bansal,riya.bansal890@yahoo.com,950482396,Nashik,Male,22,2020-08-28
5553,Sunita Pillai,sunita.pillai997@hotmail.com,9570515613,Indore,Other,62,2024-11-08
5554,Ramesh Reddy,ramesh.reddy472@gmail.com,8178646632,Vadodara,Other,62,2022-07-09
5555,Myra Agarwal,myra.agarwal22@hotmail.com,9482416946,Surat,Male,18,2024-10-10
5556,Meera Kapoor,meera.kapoor636@outlook.com,8875254661,Ludhiana,Male,54,2021-10-06
5557,Diya Sharma,diya.sharma314@gmail.com,7978174620,Kolkata,Male,34,2020-06-26
5558,Anika Kapoor,anika.kapoor950@yahoo,7394546583,Ludhiana,Male,27,2019-03-02
5559,Vihaan Singh,vihaan.singh996@gmail.com,9522034847,Kolkata,Other,52,2024-04-06
5560,Suresh Rao,suresh.rao277@yahoo.com,8758094307,Kolkata,Female,51,2021-05-21
5561,Aditya Reddy,aditya.reddy322@gmail.com,9036531972,Nagpur,Other,63,2023-02-11
5562,Neha Desai,neha.desai654@outlook.com,7936973777,Kanpur,Male,17,2020-10-16
5563,Ishaan Pillai,ishaan.pillai831@outlook.com,8534522456,Delhi,Male,23,2023-09-21
5564,Vivaan Mehta,vivaan.mehta374@yahoo.com,7679650083,Agra,Male,55,2022-09-07
5565,Aditya Mehta,aditya.mehta432@outlook.com,93005375,Ludhiana,Other,42,2023-05-01
5566,Vivaan Nair,vivaan.nair649@hotmail.com,9131912878,Bengaluru,Male,63,2019-08-06
5567,Arjun Malhotra,arjun.malhotra24@hotmail.com,8432912495,Jaipur,Male,49,2020-12-07
5568,Aadhya Rao,aadhya.rao60@yahoo.com,736486820,Chennai,Male,69,2020-02-02
5569,Amit Kapoor,amit.kapoor911@rediffmail.com,8964145494,Ahmedabad,Other,41,2021-06-22
5570,Aadhya Malhotra,aadhya.malhotra280@rediffmail.com,7768613174,Ludhiana,Other,31,2020-12-04
5571,Kavya Bansal,kavya.bansal249@yahoo.com,7767597123,Nashik,Male,25,2019-10-18
5572,Ramesh Gupta,ramesh.gupta961@hotmail.com,9300875930,Indore,Male,66,2023-03-18
5573,Ayaan Malhotra,ayaan.malhotra882@hotmail.com,7224200714,Bhopal,Female,65,2022-01-31
5574,Vivaan Malhotra,vivaan.malhotra232@yahoo.com,8062209274,Hyderabad,Female,22,2023-06-30
5575,Sanjay Nair,sanjay.nair599@gmail.com,7692792878,Delhi,Other,16,2024-09-12
5576,Neha Malhotra,neha.malhotra461@hotmail.com,9784077497,Mumbai,Female,62,2019-09-08
5577,Nikhil Kapoor,nikhil.kapoor243@hotmail.com,7556886331,Kanpur,Other,55,2024-06-05
5578,Reyansh Kapoor,reyansh.kapoor549@rediffmail.com,9555025110,Ahmedabad,Female,48,2021-12-03
5579,Priya Desai,priya.desai343@yahoo.com,8952184755,Bhopal,Male,27,2023-03-16
5580,Ishaan Iyer,ishaan.iyer679@hotmail.com,8834499317,Agra,Other,27,2019-03-03
5581,Aditya Rao,aditya.rao865@hotmail.com,9235228373,Delhi,Male,68,2024-02-27
5582,Karan Joshi,karan.joshi439@gmail.com,7945910953,Kanpur,Male,40,2021-11-21
5583,Priya Rao,priya.rao722@rediffmail.com,7350292515,Lucknow,Male,16,2021-05-10
5584,Manish Gupta,manish.gupta552@outlook.com,9719322881,Ludhiana,Male,50,2019-10-19
5585,Saanvi Bansal,saanvi.bansal446@hotmail.com,7104786350,Lucknow,Male,69,2020-08-13
5586,Amit Reddy,amit.reddy121@gmail.com,8426982346,Mumbai,Male,62,2023-12-27
5587,Divya Gupta,divya.gupta185@outlook,9818972052,Lucknow,Male,64,2021-12-10
5588,Rahul Desai,rahul.desai402@gmail.com,9553630258,Jaipur,Male,41,2020-12-11
5589,Aadhya Reddy,aadhya.reddy976gmail.com,9046229087,Vadodara,Other,58,2022-10-15
5590,Riya Kumar,riya.kumar377outlook.com,7899940076,Surat,Female,40,2024-08-24
5591,Krishna Mehta,krishna.mehta969@gmail.com,85511978,Jaipur,Female,37,2021-07-01
5592,Manish Gupta,manish.gupta796@hotmail.com,973589597,Mumbai,Female,38,2020-09-13
5593,Karan Singh,karan.singh49@hotmail.com,7827538902,Ludhiana,Male,17,2019-05-06
5594,Anjali Nair,anjali.nair198@yahoo.com,8371555944,Bhopal,Other,20,2019-10-09
5595,Arjun Rao,arjun.rao27@gmail.com,7450326355,Ludhiana,Other,27,2020-06-17
5596,Krishna Gupta,krishna.gupta496@yahoo.com,9535409103,Pune,Male,62,2023-11-02
5597,Sai Pillai,sai.pillai602@outlook.com,981715455,Lucknow,Other,33,2019-07-26
5598,Sneha Desai,sneha.desai352@yahoo.com,9363335674,Patna,Male,64,2020-03-19
5599,Pooja Mehta,pooja.mehta652@outlook.com,+91-8030083398,Pune,Male,47,2021-09-23
5600,Manish Desai,manish.desai458@gmail.com,7864956360,Ahmedabad,Other,60,2020-07-30
5601,Priya Bansal,priya.bansal292@rediffmail,9020730440,Vadodara,Female,53,2024-02-29
5602,Pari Joshi,pari.joshi621@outlook.com,9493552,Pune,Other,27,2024-11-15
5603,Anjali Iyer,anjali.iyer126@outlook.com,7054802582,Nashik,Female,20,2021-12-12
5604,Sunita Bansal,sunita.bansal408@hotmail.com,7614221158,Vadodara,Other,37,2019-04-21
5605,Aarav Agarwal,aarav.agarwal167@outlook.com,831412807,Nashik,Female,53,2020-07-24
5606,Ramesh Bansal,ramesh.bansal432@outlook.com,9684070168,Nagpur,Other,33,2021-10-26
5607,Pari Kumar,pari.kumar836@rediffmail.com,8609980255,Bhopal,Female,32,2022-03-13
5608,Saanvi Agarwal,saanvi.agarwal16@gmail.com,9978860233,Vadodara,Male,46,2023-11-14
5609,Sneha Reddy,sneha.reddy697@rediffmail.com,9735314343,Kanpur,Female,16,2021-06-29
5610,Myra Reddy,myra.reddy431@gmail.com,+91-9834844496,Kanpur,Female,31,2019-08-25
5611,Aarav Rao,aarav.rao391@hotmail.com,8877461063,Delhi,Female,19,2024-02-14
5612,Anjali Gupta,anjali.gupta774@rediffmail.com,9231279109,Indore,Male,23,2024-02-01
5613,Arjun Kumar,arjun.kumar475@gmail.com,8503639510,Lucknow,Male,65,2022-04-21
5614,Kavya Malhotra,kavya.malhotra552@rediffmail.com,7306343485,Nagpur,Male,22,2019-04-24
5615,Aditya Kapoor,aditya.kapoor991@hotmail.com,9075848458,Agra,Male,67,2022-10-17
5616,Shreya Pillai,shreya.pillai420@hotmail.com,7470106,Bhopal,Female,31,2019-12-08
5617,Shreya Gupta,shreya.gupta713@yahoo.com,7950163789,Bhopal,Other,69,2022-02-19
5618,Reyansh Bansal,reyansh.bansal789@hotmail.com,7594963383,Mumbai,Male,51,2023-04-13
5619,Arjun Agarwal,arjun.agarwal499@outlook.com,775103454,Kolkata,Female,20,2020-05-07
5620,Ananya Joshi,ananya.joshi972@outlook.com,7229066166,Patna,Other,44,2024-02-02
5621,Sai Gupta,sai.gupta655@yahoo.com,8946220537,Patna,Other,63,2019-10-23
5622,Kavya Nair,kavya.nair403@gmail.com,8527218740,Surat,Female,56,2022-06-17
5623,Vihaan Patel,vihaan.patel387@yahoo.com,7842951225,Indore,Female,55,2021-11-21
5624,Nikhil Mehta,nikhil.mehta370@rediffmail.com,9624566938,Lucknow,Female,52,2021-01-01
5625,Sneha Iyer,sneha.iyer241@rediffmail.com,9346780179,Delhi,Male,28,2021-08-05
5626,Meera Gupta,meera.gupta711@hotmail.com,9057349620,Pune,Male,67,2023-09-21
5627,Nikhil Mehta,nikhil.mehta38@yahoo.com,9398839357,Kanpur,Other,26,2024-08-31
5628,Diya Kumar,diya.kumar425@rediffmail.com,9825370424,Nashik,Male,70,2020-11-05
5629,Manish Verma,manish.verma882@hotmail.com,8233498265,Delhi,Female,59,2020-05-10
5630,Anika Sharma,anika.sharma794@hotmail.com,7358128641,Kolkata,Other,61,2023-06-19
5631,Vihaan Patel,vihaan.patel524@yahoo.com,7988544842,Surat,Female,36,2023-03-01
5632,Amit Sharma,amit.sharma308@yahoo.com,8097211892,Indore,Female,19,2024-05-08
5633,Ramesh Mehta,ramesh.mehta899@yahoo.com,8291282056,Nagpur,Male,31,2023-04-01
5634,Diya Reddy,diya.reddy612@hotmail.com,7961391326,Nashik,Female,30,2020-08-25
5635,Krishna Desai,krishna.desai440@hotmail.com,7515040360,Lucknow,Other,68,2024-06-11
5636,Kritika Reddy,kritika.reddy484@yahoo.com,7619463535,Patna,Female,35,2020-04-16
5637,Shreya Bansal,shreya.bansal629@hotmail.com,9969880857,Hyderabad,Other,16,2020-08-09
5638,Isha Reddy,isha.reddy49@hotmail.com,7789220898,Bhopal,Other,17,2020-03-12
5639,Sanjay Singh,sanjay.singh787@hotmail.com,8425767884,Kolkata,Other,52,2024-01-10
5640,Sneha Chopra,sneha.chopra341@yahoo.com,7622600556,Ahmedabad,Male,63,2022-05-13
5641,Ayaan Kumar,ayaan.kumar378@gmail.com,8098996402,Lucknow,Male,37,2020-11-30
5642,Manish Chopra,manish.chopra268@gmail.com,+91-7154717439,Patna,Male,59,2024-05-24
5643,Sunita Singh,sunita.singh290@rediffmail.com,7848612665,Delhi,Male,19,2020-03-29
5644,Sai Bansal,sai.bansal658@gmail.com,7831335422,Hyderabad,Other,62,2020-05-11
5645,Nikhil Bhatt,nikhil.bhatt961@hotmail.com,8690877847,Nagpur,Other,20,2023-01-27
5646,Nikhil Nair,nikhil.nair718@outlook.com,8091194573,Lucknow,Male,31,2024-04-14
5647,Amit Nair,amit.nair119@rediffmail.com,7753010889,Indore,Other,37,2020-01-22
5648,Meera Desai,meera.desai338@hotmail.com,8923900633,Vadodara,Male,35,2024-08-27
5649,Rahul Nair,rahul.nair631@rediffmail.com,7797727676,Lucknow,Female,27,2023-03-01
5650,Myra Kumar,myra.kumar768@outlook.com,8517158029,Bhopal,Female,55,2020-08-21
5651,Isha Bhatt,isha.bhatt449@gmail,9436566036,Patna,Male,26,2024-01-08
5652,Rohan Malhotra,rohan.malhotra696@gmail.com,9470479280,Vadodara,Other,23,2022-08-20
5653,Riya Patel,riya.patel900@rediffmail.com,8883700515,Hyderabad,Male,31,2020-06-26
5654,Amit Patel,amit.patel743@rediffmail.com,8149976343,Bhopal,Male,23,2021-07-24
5655,Aarav Rao,aarav.rao926@hotmail.com,8659633072,Kolkata,Female,48,2023-08-29
5656,Sneha Pillai,sneha.pillai63@outlook.com,9119400352,Nashik,Male,56,2020-01-30
5657,Rohan Agarwal,rohan.agarwal324@rediffmail.com,7164392990,Hyderabad,Male,45,2019-08-03
5658,Deepak Bansal,deepak.bansal804@yahoo,9159187150,Jaipur,Female,44,2020-07-14
5659,Aarav Bansal,aarav.bansal409@hotmail.com,9807348891,Patna,Other,45,2019-06-19
5660,Aarav Rao,aarav.rao593@outlook.com,9724161906,Bhopal,Other,16,2024-07-02
5661,Saanvi Desai,saanvi.desai156@hotmail.com,9157488013,Surat,Female,55,2022-12-14
5662,Ananya Patel,ananya.patel440@hotmail.com,7052434066,Hyderabad,Female,42,2024-03-20
5663,Vivaan Singh,vivaan.singh586@hotmail.com,7931572059,Nashik,Female,54,2023-03-14
5664,Kavya Verma,kavya.verma492@hotmail.com,9160340159,Indore,Other,37,2022-10-20
5665,Saanvi Bansal,saanvi.bansal970@yahoo.com,7832758544,Bengaluru,Male,56,2021-05-06
5666,Aadhya Singh,aadhya.singh211@yahoo,7657616358,Indore,Male,36,2019-11-11
5667,Anjali Singh,anjali.singh716@hotmail.com,9124114939,Mumbai,Male,31,2020-05-24
5668,Rahul Rao,rahul.rao581@rediffmail.com,9745390451,Nagpur,Other,54,2024-07-02
5669,Aditya Bhatt,aditya.bhatt624@rediffmail.com,8542285168,Bhopal,Male,61,2021-05-22
5670,Reyansh Singh,reyansh.singh584@outlook.com,7897482475,Surat,Male,35,2022-08-04
5671,Sneha Sharma,sneha.sharma917@outlook,9639536671,Jaipur,Other,48,2022-03-13
5672,Vihaan Reddy,vihaan.reddy94@yahoo.com,7219328824,Kolkata,Female,44,2024-09-13
5673,Krishna Reddy,krishna.reddy941@gmail.com,7847513599,Ahmedabad,Other,50,2023-03-06
5674,Karan Kapoor,karan.kapoor17@gmail.com,9685535971,Vadodara,Male,59,2020-05-25
5675,Neha Singh,neha.singh618@outlook.com,7241251380,Ludhiana,Male,36,2021-04-09
5676,Kavya Pillai,kavya.pillai598@gmail.com,9826232998,Chennai,Female,47,2023-10-21
5677,Rohan Singh,rohan.singh432@rediffmail.com,8077373836,Patna,Other,53,2021-09-24
5678,Manish Joshi,manish.joshi573@yahoo.com,9130173686,Nagpur,Male,26,2021-07-21
5679,Sanjay Bansal,sanjay.bansal551@outlook.com,8129989270,Kolkata,Male,44,2020-08-23
5680,Vihaan Bhatt,vihaan.bhatt565@yahoo.com,921360196,Bhopal,Female,36,2022-09-23
5681,Manish Nair,manish.nair958@rediffmail.com,7835714431,Nashik,Other,47,2024-07-27
5682,Saanvi Bansal,saanvi.bansal317@rediffmail.com,9720076115,Nashik,Male,44,2019-06-18
5683,Manish Sharma,manish.sharma986@outlook.com,9076794950,Nagpur,Male,52,2020-03-02
5684,Aadhya Desai,aadhya.desai801@rediffmail.com,9962062016,Mumbai,Female,28,2020-08-27
5685,Karan Nair,karan.nair389@hotmail.com,7369056498,Nashik,Female,60,2021-12-19
5685,Karan Nair,karan.nair389@hotmail.com,7369056498,Nashik,Female,60,2021-12-19
5686,,ayaan.gupta833gmail.com,9502695204,ahmedabad,Male,145,2022-05-16
5687,Aadhya Chopra,aadhya.chopra861@yahoo.com,8124436599,Patna,Male,43,2023-10-13
5688,Ishaan Bhatt,ishaan.bhatt609outlook.com,9029677121,Kolkata,Other,28,2021-10-17
5689,Krishna Bhatt,krishna.bhatt625@hotmail.com,7110269638,Jaipur,Female,29,2021-09-01
5690,Suresh Rao,suresh.rao189@gmail.com,7675062643,Surat,Male,28,2019-03-06
5691,Priya Verma,priya.verma245@yahoo,9838907844,Vadodara,Other,46,2021-03-27
5692,Kritika Joshi,kritika.joshi665outlook.com,8906148399,Mumbai,Other,61,2024-01-24
5693,Rahul Bansal,rahul.bansal383@outlook.com,9936751709,Bhopal,Other,22,2024-03-10
5694,Sunita Singh,sunita.singh292@rediffmail.com,7720996599,Lucknow,Other,59,2023-05-13
5695,Arjun Joshi,arjun.joshi303@outlook.com,961485271,Chennai,Other,19,2022-12-11
5696,Aditya Mehta,aditya.mehta38@gmail.com,8782017229,Kolkata,Other,31,2024-04-01
5697,Suresh Bhatt,suresh.bhatt240@rediffmail.com,9084181825,Ahmedabad,Other,22,2021-01-24
5698,Kritika Bansal,kritika.bansal823@outlook.com,8529585949,Mumbai,Other,26,2022-10-03
5699,Kavya Iyer,kavya.iyer279@rediffmail.com,9204217324,Delhi,Other,39,2022-02-06
5700,Saanvi Bhatt,saanvi.bhatt486@outlook.com,7875068110,Kolkata,Male,47,2023-09-16
5701,Ishaan Verma,ishaan.verma51@yahoo.com,9881731080,Ahmedabad,Other,28,2020-09-01
5702,Rohan Malhotra,rohan.malhotra573@hotmail.com,8972269946,Ahmedabad,Other,54,2022-02-28
5703,Myra Desai,myra.desai608@hotmail.com,7210502779,Chennai,Male,48,2021-12-07
5704,Diya Agarwal,diya.agarwal950@hotmail.com,8008407301,Lucknow,Male,34,2020-09-24
5705,Pari Mehta,pari.mehta475@yahoo.com,8728479718,Pune,Other,18,2023-06-24
5706,Aadhya Reddy,aadhya.reddy747@yahoo.com,7487307196,Nagpur,Male,56,2019-08-16
5707,Nikhil Desai,nikhil.desai315@rediffmail.com,9333835757,Delhi,Male,39,2024-11-24
5708,Kritika Singh,kritika.singh571@gmail.com,8468370093,Chennai,Female,29,2024-01-27
5709,Suresh Malhotra,suresh.malhotra148@outlook.com,7807480208,Patna,Other,31,2022-01-22
5710,Pooja Sharma,pooja.sharma31@yahoo.com,7619419767,Bengaluru,Male,19,2022-04-18
5711,Vivaan Desai,vivaan.desai381@hotmail.com,8786902247,Pune,Male,69,2019-11-16
5712,Manish Verma,manish.verma600@gmail.com,9584826205,Jaipur,Male,59,2020-02-10
5713,Diya Nair,diya.nair176@rediffmail.com,8023154420,Surat,Other,66,2020-10-15
5714,Arjun Gupta,arjun.gupta246@hotmail.com,7366250316,Ahmedabad,Male,44,2023-12-10
5715,Pooja Nair,pooja.nair851@gmail.com,9593613302,Nashik,Other,53,2019-02-10
5716,Sunita Patel,sunita.patel405@hotmail.com,7190870199,Indore,Female,30,2022-03-18
5717,Ananya Nair,ananya.nair496@gmail.com,7203048768,Pune,Male,55,2020-02-17
5718,Pooja Agarwal,pooja.agarwal329@rediffmail.com,7176975866,Agra,Other,51,2020-06-17
5719,Manish Malhotra,manish.malhotra878@yahoo.com,9401318247,Kanpur,Female,35,2022-03-09
5720,Kritika Sharma,kritika.sharma364@yahoo.com,8436055335,Ahmedabad,Female,26,2023-06-12
5721,Rohan Nair,rohan.nair452@hotmail.com,8778936388,Hyderabad,Male,36,2022-02-22
5722,Diya Singh,diya.singh65@yahoo.com,8091245117,Nagpur,Other,53,2021-02-26
5723,Vihaan Chopra,vihaan.chopra545@gmail.com,7741553587,Hyderabad,Female,57,2023-06-01
5724,Anjali Nair,anjali.nair385@gmail,9688298038,Hyderabad,Other,70,2023-02-08
5725,Sneha Rao,sneha.rao759@rediffmail.com,7802384370,Ludhiana,Male,37,2019-09-26
5726,Sneha Bansal,sneha.bansal639@yahoo.com,8029592417,Ludhiana,Other,22,2023-07-12
5727,Myra Reddy,myra.reddy862@outlook.com,9295646364,Patna,Male,34,2020-02-23
5728,Shreya Bansal,shreya.bansal490@yahoo.com,8526991296,Nashik,Male,54,2021-11-23
5729,Anjali Iyer,anjali.iyer2@outlook.com,7811604190,Jaipur,Female,49,2019-03-14
5730,Aditya Kumar,aditya.kumar868yahoo.com,7681523731,Nagpur,Male,37,2024-10-29
5731,Karan Patel,karan.patel564@hotmail.com,9736881709,Vadodara,Male,16,2024-05-13
5732,Meera Pillai,meera.pillai293@outlook,7458766143,Hyderabad,Female,57,2022-02-05
5733,Divya Gupta,divya.gupta465@rediffmail.com,7013981564,Indore,Female,25,2024-08-21
5734,Shreya Mehta,shreya.mehta791@outlook.com,9081191928,Jaipur,Male,41,2024-10-25
5735,Manish Mehta,manish.mehta257@hotmail.com,8501253948,Pune,Male,66,2020-04-20
5736,Reyansh Patel,reyansh.patel985@outlook.com,8095590925,Kolkata,Male,69,2024-05-29
5737,Ramesh Pillai,ramesh.pillai90@rediffmail.com,9168516429,Kolkata,Male,16,2024-03-14
5738,Vivaan Kumar,vivaan.kumar428@yahoo.com,8462665341,Nashik,Other,70,2023-10-22
5739,Shreya Chopra,shreya.chopra22@yahoo.com,7230113057,Ludhiana,Female,53,2019-05-14
5740,Anika Agarwal,anika.agarwal666@rediffmail.com,7404755378,Bengaluru,Male,21,2019-10-13
5741,Karan Reddy,karan.reddy473@yahoo.com,9233440692,Bengaluru,Female,29,2023-08-25
5742,Sai Joshi,sai.joshi863@yahoo.com,9089782797,Delhi,Male,65,2024-10-04
5743,Sunita Agarwal,sunita.agarwal482@outlook.com,8061518842,Indore,Male,42,2019-11-03
5744,Ayaan Reddy,ayaan.reddy309@yahoo.com,8619948633,Agra,Other,51,2019-08-27
5745,Aadhya Singh,aadhya.singh815@gmail.com,9107479462,Ahmedabad,Female,67,2022-06-12
5746,Aditya Kumar,aditya.kumar141@gmail.com,86822634,Mumbai,Male,61,2020-09-07
5747,Myra Malhotra,myra.malhotra821@outlook.com,8668286300,Hyderabad,Male,34,2023-11-06
5748,Meera Rao,meera.rao573@yahoo.com,9606046927,Kanpur,Male,47,2024-06-07
5749,Priya Sharma,priya.sharma418@hotmail.com,9206363611,Surat,Female,25,2022-07-20
5750,Rahul Kapoor,rahul.kapoor6@rediffmail.com,8903026938,Ludhiana,Female,38,2024-11-29
5751,Karan Chopra,karan.chopra667@outlook.com,7468666015,Surat,Female,22,2021-12-19
5752,Divya Gupta,divya.gupta520@yahoo.com,97961211,Ahmedabad,Other,32,2022-02-14
5753,Kritika Patel,kritika.patel475@hotmail.com,7977777908,Pune,Other,60,2019-11-05
5754,Amit Verma,amit.verma209@outlook.com,9792583004,Mumbai,Female,60,2019-02-07
5755,Sneha Patel,sneha.patel670@outlook.com,9096282207,Delhi,Female,37,2021-06-29
5756,Sunita Joshi,sunita.joshi714@rediffmail.com,7009644549,Hyderabad,Other,46,2020-11-11
5757,Deepak Singh,deepak.singh941@gmail.com,8515011595,Mumbai,Male,66,2019-09-08
5758,Nikhil Desai,nikhil.desai900@outlook.com,9247991463,Patna,Male,62,2019-04-08
5759,Saanvi Malhotra,saanvi.malhotra64@outlook.com,827005579,Surat,Male,67,2024-07-12
5759,Saanvi Malhotra,saanvi.malhotra64@outlook.com,827005579,Surat,Male,67,2024-07-12
5760,,saanvi.bansal905@hotmail.com,8905253806,Pune  ,Female,169,2020-12-22
5761,Ayaan Gupta,ayaan.gupta47@rediffmail.com,7811482452,Hyderabad,Female,65,2024-05-13
5762,Amit Iyer,amit.iyer19@gmail.com,9621792975,Indore,Male,16,2020-05-10
5763,Diya Chopra,diya.chopra65@yahoo,7952538298,Vadodara,Other,32,2021-12-23
5764,,meera.joshi663@gmail.com,7266232530,N@gpur,Other,128,2024-07-27
5765,Deepak Rao,deepak.rao721@rediffmail.com,7936781117,Kanpur,Female,23,2023-04-24
5766,Meera Patel,meera.patel335@outlook.com,8455763347,Ludhiana,Male,41,2024-11-20
5767,Nikhil Singh,nikhil.singh401outlook.com,7657100755,Mumbai,Female,26,2020-05-05
5768,Pooja Bansal,pooja.bansal407@rediffmail.com,8935111045,Pune,Other,22,2020-10-21
5769,Myra Singh,myra.singh870@gmail.com,7229667112,Bengaluru,Other,69,2020-07-31
5770,Arjun Reddy,arjun.reddy105rediffmail.com,8461662535,Bengaluru,Other,56,2020-10-12
5771,Nikhil Patel,nikhil.patel141@yahoo.com,9858732226,Hyderabad,Other,56,2020-04-10
5772,Manish Reddy,manish.reddy77@gmail,7238401518,Kolkata,Female,65,2019-06-26
5773,Suresh Kapoor,suresh.kapoor980@gmail.com,9696718470,Indore,Male,17,2024-08-23
5774,Riya Kapoor,riya.kapoor100@rediffmail.com,9559840587,Pune,Other,69,2024-05-25
5775,Meera Chopra,meera.chopra826@outlook.com,9586199058,Kolkata,Other,52,2023-11-18
5776,Sai Patel,sai.patel772@gmail.com,8106868127,Kanpur,Male,27,2023-10-26
5777,Aarav Sharma,aarav.sharma562outlook.com,8247843387,Indore,Female,37,2023-11-07
5778,Anjali Gupta,anjali.gupta526@yahoo.com,9975926022,Indore,Female,31,2023-04-17
5779,Isha Chopra,isha.chopra833@outlook.com,8706328390,Jaipur,Other,48,2019-12-01
5780,Sneha Bhatt,sneha.bhatt239@gmail.com,7601999042,Pune,Female,56,2020-08-30
5781,Vihaan Agarwal,vihaan.agarwal718@rediffmail.com,7304945082,Pune,Other,62,2019-12-15
5782,Myra Nair,myra.nair538@rediffmail.com,9263887955,Jaipur,Male,23,2023-01-11
5783,Arjun Chopra,arjun.chopra815@outlook.com,9830040384,Lucknow,Female,26,2024-11-10
5784,Sneha Kapoor,sneha.kapoor935@yahoo.com,8623229259,Hyderabad,Other,67,2019-03-04
5785,Karan Reddy,karan.reddy27@gmail.com,9147670902,Chennai,Other,51,2019-07-05
5786,Reyansh Joshi,reyansh.joshi446@gmail.com,7024612560,Chennai,Other,23,2023-06-04
5786,Reyansh Joshi,reyansh.joshi446@gmail.com,7024612560,Chennai,Other,23,2023-06-04
5787,,riya.iyer506@outlook.com,9668490013,surat,Female,156,2019-02-18
5788,Rohan Verma,rohan.verma273@rediffmail.com,8608269812,Patna,Male,69,2021-12-18
5789,Pooja Kumar,pooja.kumar536@yahoo.com,7814871941,Ludhiana,Other,36,2019-04-10
5790,Sneha Kapoor,sneha.kapoor174@hotmail.com,95812440,Nagpur,Other,30,2019-09-30
5791,Saanvi Malhotra,saanvi.malhotra796@gmail.com,8946640088,Jaipur,Other,58,2024-07-02
5792,Saanvi Iyer,saanvi.iyer408@outlook.com,8148433576,Bengaluru,Male,28,2020-04-18
5793,Pari Chopra,pari.chopra447@yahoo.com,9237374,Agra,Male,51,2022-09-24
5794,Aarav Rao,aarav.rao173@rediffmail.com,8885277377,Bengaluru,Male,61,2019-12-31
5795,Ramesh Reddy,ramesh.reddy450@outlook.com,+91-7695772346,Vadodara,Female,35,2021-09-12
5796,Myra Reddy,myra.reddy133@yahoo.com,9369853148,Indore,Other,70,2023-03-29
5797,Ishaan Kumar,ishaan.kumar190@gmail.com,8630680256,Ahmedabad,Male,65,2022-09-12
5798,Pari Bhatt,pari.bhatt50@rediffmail.com,7776467482,Mumbai,Female,56,2019-10-14
5799,Myra Rao,myra.rao677@outlook.com,8769397998,Kanpur,Female,70,2022-01-06
5800,Ananya Singh,ananya.singh112@outlook.com,7591510626,Patna,Female,45,2022-10-26
5801,Neha Reddy,neha.reddy348@rediffmail.com,9709817370,Bhopal,Male,52,2020-11-30
5802,Anjali Rao,anjali.rao183@yahoo.com,8078424445,Agra,Female,69,2019-06-16
5803,Aarav Gupta,aarav.gupta410@hotmail.com,8410109622,Bengaluru,Female,63,2024-11-06
5804,Ramesh Mehta,ramesh.mehta275@hotmail.com,7269875218,Mumbai,Female,51,2020-04-19
5805,Sai Malhotra,sai.malhotra814@yahoo.com,915284366,Agra,Other,54,2024-08-02
5806,Anjali Reddy,anjali.reddy125@hotmail,9974672747,Nashik,Female,43,2020-01-12
5807,Kritika Singh,kritika.singh490@hotmail.com,7892982382,Ahmedabad,Male,40,2024-05-10
5808,Aarav Patel,aarav.patel290@yahoo.com,+91-8581444369,Delhi,Other,40,2023-10-17
5809,Ayaan Gupta,ayaan.gupta602@gmail.com,7501783020,Indore,Female,49,2024-11-05
5809,Ayaan Gupta,ayaan.gupta602@gmail.com,7501783020,Indore,Female,49,2024-11-05
5810,,myra.sharma673@rediffmail.com,9839946040, Kolkata ,Male,132,2024-01-27
5811,Vihaan Reddy,vihaan.reddy132@rediffmail.com,7628536,Indore,Other,24,2023-10-13
5812,Neha Desai,neha.desai456@yahoo.com,9592329959,Pune,Other,24,2023-11-17
5813,Riya Singh,riya.singh370@gmail.com,7222315768,Pune,Other,43,2020-03-03
5814,Karan Agarwal,karan.agarwal738@rediffmail.com,815926116,Surat,Female,54,2022-08-27
5815,Vihaan Bansal,vihaan.bansal133@outlook.com,7414639893,Hyderabad,Male,31,2019-06-12
5816,Arjun Kumar,arjun.kumar231@rediffmail.com,8165673065,Agra,Other,22,2024-05-23
5817,Pooja Bhatt,pooja.bhatt603@yahoo.com,8365858169,Delhi,Female,28,2024-11-04
5818,Myra Bansal,myra.bansal199@yahoo.com,9002908080,Ludhiana,Other,63,2023-01-27
5819,Arjun Desai,arjun.desai226@hotmail.com,7525689372,Ahmedabad,Female,46,2023-12-15
5820,Diya Nair,diya.nair37@outlook.com,8917301310,Ahmedabad,Other,16,2024-05-09
5821,Shreya Mehta,shreya.mehta23@yahoo.com,8719235836,Nashik,Male,46,2024-12-30
5822,Ayaan Rao,ayaan.rao952@outlook.com,739374964,Bhopal,Other,43,2023-10-04
5823,Anjali Nair,anjali.nair510@gmail.com,7315277037,Bengaluru,Other,30,2023-02-22
5824,Sai Bhatt,sai.bhatt181@rediffmail.com,8811002609,Nagpur,Male,54,2022-12-04
5825,Priya Bhatt,priya.bhatt206@hotmail.com,8895551746,Nashik,Other,40,2019-06-21
5826,Riya Verma,riya.verma483@gmail.com,8051092327,Ludhiana,Male,44,2019-01-09
5827,Suresh Kumar,suresh.kumar133@yahoo.com,8550066984,Ludhiana,Female,34,2024-08-26
5828,Anika Joshi,anika.joshi689@hotmail.com,8945396446,Vadodara,Female,53,2021-10-25
5829,Nikhil Nair,nikhil.nair737@yahoo.com,9350153518,Bengaluru,Other,60,2019-07-15
5830,Krishna Desai,krishna.desai505@gmail.com,759128132,Pune,Male,69,2020-10-17
5831,Divya Kumar,divya.kumar32@yahoo.com,9569512556,Kolkata,Male,36,2024-11-25
5832,Suresh Agarwal,suresh.agarwal299@gmail.com,8095544992,Hyderabad,Male,23,2020-01-16
5832,Suresh Agarwal,suresh.agarwal299@gmail.com,8095544992,Hyderabad,Male,23,2020-01-16
5833,,manish.bhatt969@gmail.com,7886042277,Mumbai  ,Female,171,2023-11-14
5834,Krishna Gupta,krishna.gupta697@hotmail.com,8473797772,Lucknow,Male,69,2023-04-28
5835,Aditya Malhotra,aditya.malhotra870@yahoo.com,7557990753,Indore,Male,29,2019-03-18
5836,Ishaan Reddy,ishaan.reddy931@gmail.com,7424196042,Patna,Other,67,2020-02-15
5837,Ayaan Bansal,ayaan.bansal286@hotmail.com,8921513,Indore,Female,39,2023-05-22
5838,Arjun Malhotra,arjun.malhotra214@rediffmail.com,7410037388,Patna,Female,54,2024-04-30
5839,Aarav Joshi,aarav.joshi407@yahoo.com,9357069283,Surat,Female,21,2020-07-17
5840,Saanvi Verma,saanvi.verma865gmail.com,8072443225,Indore,Other,66,2019-08-04
5841,Suresh Gupta,suresh.gupta255@gmail.com,8390848783,Kanpur,Male,42,2021-04-14
5842,Divya Nair,divya.nair422yahoo.com,7691291061,Patna,Female,16,2024-12-28
5843,Pari Patel,pari.patel252@outlook.com,9212513468,Vadodara,Female,30,2021-07-26
5844,Sai Chopra,sai.chopra817@yahoo.com,8817481572,Chennai,Male,22,2019-08-11
5845,Riya Nair,riya.nair763@gmail.com,9415340729,Mumbai,Other,20,2023-11-12
5846,Arjun Bhatt,arjun.bhatt682@gmail.com,7899728060,Hyderabad,Male,58,2022-03-06
5847,Reyansh Agarwal,reyansh.agarwal174@outlook.com,9072870839,Jaipur,Male,38,2024-07-12
5848,Aditya Pillai,aditya.pillai25@rediffmail.com,9805673166,Chennai,Other,18,2023-06-29
5849,Manish Singh,manish.singh799@hotmail.com,8086345379,Agra,Female,50,2019-11-18
5850,Isha Bansal,isha.bansal894@hotmail.com,8349911630,Chennai,Female,54,2023-07-12
5851,Sanjay Joshi,sanjay.joshi413@outlook.com,9631296138,Indore,Other,24,2020-05-07
5852,Kritika Kumar,kritika.kumar836@yahoo.com,9337086807,Ludhiana,Female,60,2021-12-22
5853,Kritika Desai,kritika.desai763@yahoo.com,9146560308,Patna,Other,43,2020-01-11
5854,Meera Rao,meera.rao416@yahoo.com,8659132097,Patna,Male,27,2022-09-10
5855,Divya Mehta,divya.mehta77@yahoo.com,9036251023,Nagpur,Female,21,2021-12-19
5856,Ananya Verma,ananya.verma126@rediffmail.com,7087593836,Chennai,Female,22,2021-10-14
5857,Sneha Nair,sneha.nair574@yahoo.com,8352771587,Agra,Female,42,2022-06-01
5858,Ayaan Rao,ayaan.rao977@gmail.com,8727957021,Patna,Female,28,2019-04-24
5859,Sanjay Bhatt,sanjay.bhatt393@rediffmail.com,9140611320,Patna,Male,52,2021-08-28
5860,Kavya Desai,kavya.desai515@yahoo.com,7945189092,Mumbai,Male,52,2021-09-21
5861,Suresh Joshi,suresh.joshi660gmail.com,7445691660,Hyderabad,Female,60,2024-03-12
5862,Saanvi Iyer,saanvi.iyer2rediffmail.com,8793115294,Lucknow,Female,42,2022-01-24
5863,Shreya Rao,shreya.rao84@hotmail.com,8972232716,Bengaluru,Female,63,2019-01-16
5864,Shreya Joshi,shreya.joshi390@rediffmail.com,7819371634,Chennai,Male,31,2019-04-09
5865,Reyansh Verma,reyansh.verma762@rediffmail.com,8247601383,Kolkata,Male,69,2021-12-21
5866,Ayaan Kapoor,ayaan.kapoor749@yahoo.com,7477452171,Kolkata,Male,29,2020-03-23
5867,Sunita Malhotra,sunita.malhotra811@gmail.com,7753971659,Lucknow,Other,22,2021-03-12
5868,Nikhil Singh,nikhil.singh258@outlook.com,8099332281,Nashik,Male,25,2024-03-03
5869,Meera Sharma,meera.sharma196@gmail.com,9440207265,Delhi,Female,68,2020-01-07
5870,Saanvi Agarwal,saanvi.agarwal548@gmail.com,+91-8908717821,Mumbai,Other,26,2019-01-08
5871,Neha Pillai,neha.pillai514@gmail.com,802031341,Agra,Other,30,2021-07-23
5872,Neha Mehta,neha.mehta266rediffmail.com,8552374314,Jaipur,Male,24,2020-07-23
5873,Shreya Singh,shreya.singh22@gmail.com,7156454697,Delhi,Female,58,2019-03-12
5874,Vihaan Singh,vihaan.singh341@gmail.com,8848680744,Ahmedabad,Male,35,2022-03-17
5875,Ishaan Gupta,ishaan.gupta48@outlook.com,7491252884,Agra,Male,59,2021-11-16
5876,Meera Bansal,meera.bansal867@hotmail.com,9962560187,Pune,Other,34,2021-04-12
5877,Ramesh Iyer,ramesh.iyer961hotmail.com,8887012887,Bengaluru,Female,40,2024-01-12
5878,Amit Sharma,amit.sharma660@outlook.com,+91-7378277745,Indore,Male,48,2022-08-11
5879,Diya Agarwal,diya.agarwal625@yahoo.com,7950678033,Delhi,Female,66,2024-12-24
5880,Aadhya Iyer,aadhya.iyer907@rediffmail.com,7248923523,Nagpur,Female,56,2020-08-18
5881,Pari Bhatt,pari.bhatt641@outlook.com,8580776491,Jaipur,Other,64,2022-11-15
5882,Priya Bhatt,priya.bhatt211@outlook.com,8999722484,Kanpur,Male,26,2021-06-22
5883,Sai Bhatt,sai.bhatt317@yahoo.com,7260762534,Indore,Other,32,2020-01-07
5884,Kritika Mehta,kritika.mehta973@outlook.com,788542014,Mumbai,Other,26,2022-12-09
5885,Arjun Bhatt,arjun.bhatt106@rediffmail.com,9378900138,Ludhiana,Other,57,2021-07-18
5886,Sunita Pillai,sunita.pillai183hotmail.com,9004668619,Bhopal,Other,17,2019-07-19
5887,Sunita Agarwal,sunita.agarwal898@gmail.com,7352103571,Hyderabad,Male,41,2021-03-23
5888,Aarav Pillai,aarav.pillai700outlook.com,+91-9060545569,Kanpur,Female,48,2022-08-28
5889,Diya Patel,diya.patel193@outlook.com,9295576020,Kolkata,Other,51,2020-07-02
5890,Riya Desai,riya.desai60@outlook.com,8959999789,Bhopal,Male,36,2021-06-01
5891,Riya Bansal,riya.bansal871@outlook.com,8553184509,Ludhiana,Male,35,2020-11-19
5892,Saanvi Verma,saanvi.verma746@outlook.com,9557021157,Ludhiana,Other,26,2024-06-27
5893,Nikhil Joshi,nikhil.joshi905@yahoo.com,8325717786,Vadodara,Other,39,2022-06-20
5894,Sunita Bhatt,sunita.bhatt461@hotmail.com,9226182782,Ahmedabad,Other,41,2020-08-20
5895,Saanvi Verma,saanvi.verma639@outlook.com,9930523551,Chennai,Other,70,2020-06-01
5896,Divya Kumar,divya.kumar471@outlook,7244832247,Nagpur,Female,58,2022-09-28
5897,Ananya Kapoor,ananya.kapoor706@gmail.com,7467579336,Bhopal,Male,31,2020-12-24
5898,Aditya Nair,aditya.nair141@gmail.com,9560279587,Chennai,Male,36,2024-11-06
5899,Sunita Kapoor,sunita.kapoor322@yahoo.com,7092328126,Lucknow,Other,59,2023-03-06
5900,Ramesh Sharma,ramesh.sharma813@rediffmail.com,8681812956,Nashik,Other,70,2024-08-27
5901,Krishna Bansal,krishna.bansal359@outlook.com,7581385563,Jaipur,Other,55,2024-11-07
5902,Anika Gupta,anika.gupta773@rediffmail.com,9696544294,Ludhiana,Other,52,2020-07-09
5903,Shreya Gupta,shreya.gupta561@gmail.com,9332134916,Kanpur,Male,63,2021-08-25
5903,Shreya Gupta,shreya.gupta561@gmail.com,9332134916,Kanpur,Male,63,2021-08-25
5904,,suresh.joshi14@gmail.com,9861688203,AGRA,Male,180,2021-05-22
5905,Meera Mehta,meera.mehta446@rediffmail.com,9759020248,Vadodara,Female,39,2022-07-24
5906,Sanjay Malhotra,sanjay.malhotra509@outlook.com,7337051202,Indore,Female,34,2021-03-23
5906,Sanjay Malhotra,sanjay.malhotra509@outlook.com,7337051202,Indore,Female,34,2021-03-23
5907,,meera.joshi753@outlook.com,9423134939,Jaipur  ,Female,128,2020-05-31
5908,Aarav Sharma,aarav.sharma828@hotmail.com,8467473584,Hyderabad,Other,38,2021-04-19
5909,Sanjay Sharma,sanjay.sharma32@rediffmail.com,7600384676,Ludhiana,Other,42,2019-01-22
5910,Sneha Kapoor,sneha.kapoor495@gmail.com,+91-9186071404,Ludhiana,Female,23,2021-04-06
5911,Sanjay Agarwal,sanjay.agarwal550@yahoo.com,7944651098,Kanpur,Male,33,2024-06-14
5912,Neha Nair,neha.nair901@hotmail.com,7930190494,Agra,Female,24,2019-06-10
5913,Vihaan Bhatt,vihaan.bhatt37@rediffmail,7826199260,Vadodara,Female,20,2019-09-23
5914,Kritika Nair,kritika.nair132@gmail.com,8385805459,Pune,Male,40,2021-01-21
5915,Aarav Kapoor,aarav.kapoor875@rediffmail.com,7270497234,Nashik,Other,69,2019-05-06
5916,Diya Iyer,diya.iyer300@gmail.com,9051843443,Delhi,Female,35,2024-02-24
5917,Sanjay Malhotra,sanjay.malhotra989@rediffmail.com,9548325125,Ahmedabad,Other,44,2023-09-12
5918,Pari Bansal,pari.bansal428@yahoo.com,7253426,Mumbai,Other,34,2022-10-21
5919,Deepak Joshi,deepak.joshi199@yahoo.com,7782560657,Kolkata,Other,29,2023-05-08
5920,Riya Reddy,riya.reddy96@gmail.com,9301660119,Mumbai,Female,50,2022-06-04
5921,Sneha Reddy,sneha.reddy9@yahoo.com,8473424876,Nashik,Female,34,2022-12-22
5922,Nikhil Iyer,nikhil.iyer373@gmail.com,8294981779,Nashik,Other,66,2019-06-09
5923,Kavya Gupta,kavya.gupta192@yahoo.com,7360548898,Surat,Other,19,2020-09-05
5924,Riya Mehta,riya.mehta984@outlook.com,8186192154,Hyderabad,Male,62,2019-10-01
5925,Arjun Reddy,arjun.reddy760@yahoo.com,9502212450,Bhopal,Other,44,2021-04-18
5926,Rohan Bhatt,rohan.bhatt111@rediffmail.com,8346000026,Nagpur,Other,31,2020-03-10
5927,Diya Kapoor,diya.kapoor689@rediffmail.com,8613234153,Lucknow,Other,33,2022-06-20
5928,,ananya.rao601@yahoo.com,9561063172,pune,Other,197,2024-01-08
5929,,ramesh.kumar92yahoo.com,8207146935,kolkata,Male,152,2023-01-19
5930,Pooja Iyer,pooja.iyer254@rediffmail.com,7228088052,Kolkata,Female,28,2021-02-04
5931,Riya Bansal,riya.bansal603@gmail.com,7703175640,Jaipur,Other,30,2021-10-27
5932,Aarav Agarwal,aarav.agarwal698@rediffmail.com,8076029851,Delhi,Other,24,2021-01-28
5933,Suresh Patel,suresh.patel361gmail.com,7834065688,Chennai,Female,63,2020-11-09
5934,Aditya Patel,aditya.patel269@hotmail.com,9973545750,Vadodara,Female,70,2024-08-04
5935,Aarav Mehta,aarav.mehta513@gmail.com,9004718082,Nashik,Other,24,2024-03-02
5936,Ishaan Sharma,ishaan.sharma676@yahoo.com,70939936,Patna,Other,46,2019-07-30
5937,Diya Reddy,diya.reddy922@hotmail.com,9223861653,Jaipur,Male,26,2020-03-01
5938,Saanvi Iyer,saanvi.iyer507@rediffmail.com,+91-8340066792,Indore,Other,53,2024-04-12
5939,Ramesh Nair,ramesh.nair75@outlook.com,7006830868,Indore,Female,33,2019-10-09
5940,Nikhil Kumar,nikhil.kumar662@gmail.com,9333185687,Nashik,Male,56,2021-10-12
5941,Nikhil Desai,nikhil.desai364@gmail.com,9591191610,Surat,Other,58,2023-06-14
5942,Sai Desai,sai.desai892@gmail.com,7088207262,Delhi,Male,63,2023-02-07
5943,Ishaan Chopra,ishaan.chopra958@rediffmail.com,8684753173,Pune,Other,55,2019-10-21
5944,Nikhil Malhotra,nikhil.malhotra758@gmail.com,8313523727,Nagpur,Other,27,2023-11-05
5945,Suresh Patel,suresh.patel663@hotmail.com,8934853678,Pune,Other,29,2019-04-16
5946,Saanvi Agarwal,saanvi.agarwal770@rediffmail.com,8503434141,Bhopal,Other,31,2019-03-13
5947,Myra Bhatt,myra.bhatt51@outlook.com,+91-7342221286,Delhi,Male,51,2024-06-07
5948,Arjun Patel,arjun.patel810@hotmail.com,9436482116,Nashik,Male,30,2023-09-23
5949,Neha Reddy,neha.reddy733@gmail.com,9294050580,Pune,Male,52,2020-01-25
5950,Sunita Rao,sunita.rao386@gmail,7530536321,Vadodara,Male,24,2019-05-06
5951,Sneha Joshi,sneha.joshi107@gmail,8079110307,Ahmedabad,Other,26,2021-03-12
5952,Ramesh Sharma,ramesh.sharma179@gmail,9128954701,Ahmedabad,Other,61,2021-05-14
5953,Isha Joshi,isha.joshi715@outlook.com,8369088354,Bhopal,Female,61,2021-04-09
5954,Vihaan Agarwal,vihaan.agarwal590rediffmail.com,7331940311,Ahmedabad,Male,18,2020-02-19
5955,Rohan Bhatt,rohan.bhatt727@rediffmail.com,9386761420,Agra,Other,53,2022-09-22
5956,Riya Joshi,riya.joshi96@gmail.com,8170370362,Kanpur,Male,30,2020-05-18
5957,Manish Kapoor,manish.kapoor346@hotmail.com,8833846781,Agra,Male,67,2023-10-18
5958,Aarav Chopra,aarav.chopra595@hotmail.com,8330043173,Nagpur,Female,67,2023-09-23
5959,Reyansh Joshi,reyansh.joshi653@yahoo.com,9588343521,Agra,Female,50,2022-03-20
5959,Reyansh Joshi,reyansh.joshi653@yahoo.com,9588343521,Agra,Female,50,2022-03-20
5960,,nikhil.sharma621@gmail.com,9509697, Kolkata ,Female,140,2021-09-27
5961,Reyansh Patel,reyansh.patel151@rediffmail.com,8012584663,Mumbai,Other,70,2020-10-06
5962,Sneha Rao,sneha.rao759@yahoo.com,9873077979,Bengaluru,Female,32,2024-08-04
5963,Pooja Iyer,pooja.iyer451@gmail.com,9716302348,Indore,Male,62,2021-02-03
5964,Shreya Malhotra,shreya.malhotra351@gmail.com,7433323816,Indore,Female,61,2021-09-10
5965,Sai Nair,sai.nair145@yahoo.com,8873635568,Ahmedabad,Female,64,2022-11-27
5966,Meera Kapoor,meera.kapoor913@rediffmail.com,9307044297,Lucknow,Female,64,2022-01-01
5967,Meera Agarwal,meera.agarwal554@gmail.com,8330510090,Lucknow,Female,20,2022-04-01
5968,Ishaan Iyer,ishaan.iyer707@gmail.com,8842991313,Nashik,Other,48,2019-12-06
5969,Aditya Verma,aditya.verma760outlook.com,+91-7983725550,Ludhiana,Male,33,2024-04-05
5970,Sunita Malhotra,sunita.malhotra247@gmail.com,7285196158,Chennai,Female,20,2024-10-13
5971,Deepak Sharma,deepak.sharma225@outlook.com,7360371543,Patna,Other,31,2024-03-15
5972,Rohan Mehta,rohan.mehta295@outlook,8973472002,Vadodara,Female,52,2019-05-30
5973,Ishaan Rao,ishaan.rao788@outlook.com,8000000889,Mumbai,Other,69,2022-09-17
5974,Amit Chopra,amit.chopra36@yahoo.com,9007062518,Jaipur,Male,39,2022-08-18
5975,Aditya Bansal,aditya.bansal920@gmail.com,7625933969,Patna,Other,64,2023-10-29
5976,Vivaan Iyer,vivaan.iyer245@gmail.com,7825670876,Pune,Other,34,2023-12-04
5977,Riya Verma,riya.verma324@hotmail.com,7240623427,Kanpur,Other,33,2024-11-28
5978,Riya Verma,riya.verma629@yahoo.com,9179934012,Kanpur,Male,56,2024-05-28
5979,Shreya Kapoor,shreya.kapoor370@yahoo.com,9644421618,Bengaluru,Male,62,2020-11-10
5980,Ramesh Rao,ramesh.rao344@yahoo.com,8892476313,Agra,Other,26,2020-04-27
5981,Sunita Bhatt,sunita.bhatt748@hotmail.com,8422829097,Nagpur,Female,49,2023-02-06
5982,Pooja Reddy,pooja.reddy659@yahoo.com,9741483122,Nagpur,Male,65,2022-02-19
5983,Isha Iyer,isha.iyer245@gmail.com,8357285267,Mumbai,Female,67,2023-10-15
5984,Karan Iyer,karan.iyer952@rediffmail.com,9753605212,Agra,Female,38,2020-08-05
5985,Meera Agarwal,meera.agarwal343@gmail.com,7854275275,Kanpur,Male,18,2024-04-03
5986,Isha Singh,isha.singh793@gmail.com,9285928857,Mumbai,Male,25,2024-04-13
5986,Isha Singh,isha.singh793@gmail.com,9285928857,Mumbai,Male,25,2024-04-13
5987,,vihaan.malhotra863@rediffmail.com,7839537116,PUNE,Other,142,2020-08-09
5988,Sunita Singh,sunita.singh757yahoo.com,8835509599,Bengaluru,Female,25,2020-07-12
5989,Nikhil Kumar,nikhil.kumar912@rediffmail.com,7528476840,Ahmedabad,Female,55,2023-08-11
5990,Myra Bansal,myra.bansal406@rediffmail.com,8774607408,Nagpur,Female,68,2021-02-17
5991,Ayaan Bansal,ayaan.bansal426@outlook.com,9402508458,Mumbai,Other,34,2023-12-03
5992,Riya Kumar,riya.kumar690@rediffmail.com,9150058497,Patna,Male,70,2022-08-06
5993,Kavya Patel,kavya.patel715@outlook.com,+91-9560585788,Delhi,Other,26,2023-02-21
5994,Rohan Verma,rohan.verma697@yahoo.com,7521432582,Mumbai,Male,57,2024-12-24
5995,Sneha Mehta,sneha.mehta84@hotmail.com,8495941299,Surat,Female,57,2019-01-08
5996,Kavya Nair,kavya.nair372@outlook.com,7057343714,Kolkata,Male,45,2019-04-08
5997,Ananya Verma,ananya.verma912@hotmail.com,+91-8474387406,Delhi,Other,65,2023-09-12
5998,Rohan Rao,rohan.rao543@hotmail.com,7196565098,Ahmedabad,Male,52,2020-02-02
5999,Aadhya Rao,aadhya.rao15rediffmail.com,7267122503,Pune,Male,61,2020-03-02
6000,Divya Pillai,divya.pillai558@outlook.com,8369476320,Vadodara,Female,69,2021-08-31
6001,Nikhil Malhotra,nikhil.malhotra963@yahoo.com,7762786251,Surat,Male,33,2019-07-09
6002,Rahul Kapoor,rahul.kapoor987@outlook.com,9314306023,Mumbai,Other,29,2021-04-06
6003,Pooja Patel,pooja.patel249@outlook.com,9760834495,Kolkata,Female,29,2023-05-17
6004,Aditya Malhotra,aditya.malhotra197outlook.com,8290084868,Delhi,Other,54,2022-08-02
6005,Sunita Desai,sunita.desai913yahoo.com,7965722025,Lucknow,Other,37,2023-09-27
6006,Sneha Kapoor,sneha.kapoor770@yahoo.com,8186498606,Delhi,Male,40,2023-06-27
6007,Neha Desai,neha.desai849@hotmail.com,9586619949,Delhi,Female,23,2022-12-27
6008,Pari Joshi,pari.joshi812@rediffmail.com,9192497249,Ludhiana,Female,38,2023-08-10
6009,Aadhya Reddy,aadhya.reddy488@gmail.com,7243561458,Jaipur,Female,35,2019-10-15
6010,Manish Reddy,manish.reddy349@hotmail.com,7910658412,Chennai,Other,22,2022-10-31
6011,Divya Agarwal,divya.agarwal459@outlook.com,8840660167,Vadodara,Female,67,2024-02-20
6012,Anika Mehta,anika.mehta699@outlook.com,+91-9169111521,Mumbai,Other,47,2024-06-01
6013,Isha Mehta,isha.mehta668@rediffmail.com,8455124420,Ludhiana,Female,69,2024-10-22
6014,Vivaan Mehta,vivaan.mehta113@hotmail.com,8437112327,Nagpur,Male,52,2024-03-22
6015,Rahul Rao,rahul.rao415@rediffmail.com,9458445624,Patna,Other,60,2022-03-06
6016,Amit Bhatt,amit.bhatt580@rediffmail.com,9810737493,Pune,Male,53,2022-07-15
6017,Ayaan Mehta,ayaan.mehta756@outlook.com,9150782574,Nagpur,Other,67,2019-01-14
6018,Amit Gupta,amit.gupta625@yahoo.com,8401285849,Hyderabad,Female,37,2020-11-05
6019,Vivaan Singh,vivaan.singh552@yahoo.com,9898151769,Nagpur,Male,40,2024-01-17
6020,Ananya Joshi,ananya.joshi522@outlook.com,79816000,Surat,Male,35,2019-10-08
6021,Shreya Pillai,shreya.pillai594@gmail.com,8038620142,Jaipur,Other,39,2021-02-07
6022,Shreya Singh,shreya.singh696@hotmail.com,7087647005,Ludhiana,Female,30,2021-03-17
6023,Reyansh Agarwal,reyansh.agarwal46@gmail.com,9462455097,Bengaluru,Male,38,2022-11-21
6024,Rahul Agarwal,rahul.agarwal528@gmail.com,9784665680,Hyderabad,Female,42,2020-11-18
6025,Kavya Singh,kavya.singh633@yahoo.com,9717056288,Kanpur,Female,58,2020-01-06
6026,Ramesh Kapoor,ramesh.kapoor295@rediffmail.com,7160803002,Patna,Male,33,2021-11-20
6027,Kavya Desai,kavya.desai869@outlook.com,701652549,Vadodara,Male,52,2020-04-02
6028,Isha Patel,isha.patel553@outlook.com,7658200201,Vadodara,Other,57,2019-08-11
6029,Myra Bhatt,myra.bhatt638@yahoo.com,7172343125,Surat,Other,38,2023-03-22
6030,Anika Chopra,anika.chopra468@rediffmail.com,9304691263,Kolkata,Male,47,2020-04-19
6031,Nikhil Verma,nikhil.verma653@rediffmail.com,9919928252,Kanpur,Female,16,2019-06-03
6032,Krishna Bhatt,krishna.bhatt438@rediffmail.com,8094478215,Ludhiana,Male,34,2019-09-20
6033,Kavya Rao,kavya.rao22@rediffmail.com,8722848074,Ahmedabad,Female,34,2024-08-26
6034,Vihaan Mehta,vihaan.mehta906@yahoo,9380534574,Nagpur,Female,37,2021-06-17
6035,Sai Mehta,sai.mehta156@outlook.com,8953284277,Indore,Other,42,2020-10-05
6036,Myra Verma,myra.verma626@hotmail.com,8146229115,Mumbai,Other,27,2022-06-03
6037,Divya Reddy,divya.reddy283@gmail.com,+91-7500513566,Ahmedabad,Female,36,2020-04-13
6038,Ananya Pillai,ananya.pillai602@outlook.com,8660387993,Agra,Male,57,2024-07-31
6039,Meera Bansal,meera.bansal761@rediffmail.com,8809286066,Vadodara,Female,44,2020-04-12
6040,Rohan Kapoor,rohan.kapoor472@rediffmail.com,8060977611,Vadodara,Female,62,2024-12-01
6041,Sunita Agarwal,sunita.agarwal211@gmail.com,7977274390,Bengaluru,Male,19,2024-07-24
6042,Pari Chopra,pari.chopra728@yahoo.com,8825071380,Delhi,Other,25,2020-07-26
6043,Manish Sharma,manish.sharma805@rediffmail.com,9067177268,Vadodara,Female,57,2021-03-08
6044,Diya Desai,diya.desai748@rediffmail.com,7510126988,Kanpur,Other,67,2024-04-17
6045,Anjali Kumar,anjali.kumar849@outlook.com,9732673609,Bengaluru,Other,31,2023-09-12
6046,Sai Bansal,sai.bansal131@yahoo.com,8450094317,Kanpur,Male,68,2019-06-18
6047,Sanjay Rao,sanjay.rao845@rediffmail.com,7520052094,Chennai,Other,67,2020-02-20
6048,Kritika Desai,kritika.desai243@rediffmail.com,7861362653,Nashik,Male,38,2019-08-05
6049,Vihaan Agarwal,vihaan.agarwal882@outlook.com,8125175357,Patna,Female,64,2022-07-22
6050,Shreya Reddy,shreya.reddy826@yahoo.com,8459012728,Surat,Other,52,2020-03-31
6051,Arjun Iyer,arjun.iyer880@hotmail.com,8604649103,Agra,Female,51,2019-10-08
6052,Amit Singh,amit.singh324@gmail.com,9159505654,Kanpur,Other,27,2024-03-27
6053,Sunita Reddy,sunita.reddy888@outlook.com,9882284097,Jaipur,Other,36,2020-02-22
6054,Kavya Nair,kavya.nair200@yahoo.com,9139802376,Vadodara,Male,51,2023-11-02
6055,Ananya Agarwal,ananya.agarwal599@hotmail.com,7601291570,Indore,Other,62,2024-06-02
6056,Ramesh Kapoor,ramesh.kapoor404@rediffmail.com,9395029475,Nagpur,Male,20,2021-07-18
6057,Krishna Pillai,krishna.pillai670@gmail.com,+91-8292618211,Surat,Female,58,2022-01-12
6058,Meera Bhatt,meera.bhatt723@outlook.com,8703738038,Hyderabad,Other,68,2022-09-02
6059,Aditya Gupta,aditya.gupta320@gmail.com,8753134236,Patna,Other,43,2020-02-05
6060,Shreya Sharma,shreya.sharma638@hotmail.com,8413388852,Bhopal,Male,22,2019-07-23
6061,Saanvi Chopra,saanvi.chopra78@rediffmail.com,9630879418,Vadodara,Male,64,2023-04-07
6062,Rohan Chopra,rohan.chopra291@hotmail.com,7868726489,Agra,Male,20,2022-08-29
6062,Rohan Chopra,rohan.chopra291@hotmail.com,7868726489,Agra,Male,20,2022-08-29
6063,,neha.kumar411@yahoo.com,8609018610,KANPUR,Other,190,2024-07-03
6064,Isha Mehta,isha.mehta392hotmail.com,8959435997,Indore,Female,52,2020-04-11
6065,Sneha Reddy,sneha.reddy3@gmail.com,7859185833,Pune,Male,40,2022-07-26
6066,Krishna Agarwal,krishna.agarwal294yahoo.com,8736448395,Delhi,Other,66,2023-01-20
6067,Priya Malhotra,priya.malhotra315@gmail.com,7481971701,Agra,Other,47,2024-06-22
6068,Rohan Chopra,rohan.chopra837@outlook.com,7546069362,Pune,Male,66,2021-12-22
6069,Sneha Bansal,sneha.bansal70@rediffmail.com,8521941402,Patna,Male,61,2019-12-13
6070,Suresh Reddy,suresh.reddy567@rediffmail.com,8717586327,Nashik,Other,44,2021-03-12
6071,Shreya Agarwal,shreya.agarwal343@hotmail.com,8689191824,Nagpur,Other,69,2019-07-22
6072,Vihaan Reddy,vihaan.reddy57@gmail.com,8413506232,Surat,Other,50,2023-06-29
6073,Arjun Pillai,arjun.pillai849@rediffmail.com,9413708932,Chennai,Other,34,2019-12-28
6074,Sunita Kapoor,sunita.kapoor459@gmail.com,7181989242,Ludhiana,Male,20,2024-10-17
6075,Saanvi Nair,saanvi.nair850@hotmail.com,7161864155,Bengaluru,Male,65,2021-09-10
6076,Deepak Mehta,deepak.mehta517@rediffmail.com,7007611919,Kanpur,Other,61,2022-08-08
6077,Sai Gupta,sai.gupta282@hotmail.com,+91-8732579572,Surat,Female,28,2021-05-15
6077,Sai Gupta,sai.gupta282@hotmail.com,+91-8732579572,Surat,Female,28,2021-05-15
6078,,ishaan.bhatt11@outlook.com,7589013638, Pune ,Female,197,2020-05-01
6079,Saanvi Desai,saanvi.desai112gmail.com,9520639154,Ahmedabad,Male,32,2022-12-27
6080,Krishna Patel,krishna.patel775@gmail.com,7642330100,Bhopal,Other,25,2023-01-09
6081,Ayaan Joshi,ayaan.joshi370@gmail.com,7052419375,Kolkata,Male,29,2020-05-01
6082,Deepak Rao,deepak.rao800@rediffmail.com,9587219176,Kolkata,Other,43,2020-06-30
6083,Arjun Malhotra,arjun.malhotra506@outlook.com,7900032619,Agra,Other,20,2019-09-19
6084,Kritika Sharma,kritika.sharma683@hotmail.com,7395546679,Bengaluru,Other,51,2024-04-23
6085,Reyansh Mehta,reyansh.mehta327@yahoo.com,9662087054,Indore,Male,56,2023-03-12
6086,Krishna Desai,krishna.desai587rediffmail.com,8790027367,Nashik,Other,17,2019-04-11
6087,Rohan Bhatt,rohan.bhatt105@yahoo.com,7246598753,Pune,Male,48,2019-05-09
6088,Sanjay Kumar,sanjay.kumar989@yahoo.com,7335041999,Bengaluru,Other,51,2021-04-28
6089,Neha Rao,neha.rao230@hotmail.com,8959355690,Agra,Male,35,2020-04-02
6090,Divya Agarwal,divya.agarwal98@yahoo,8760580700,Delhi,Male,16,2024-01-06
6091,Amit Nair,amit.nair61@gmail.com,7293048163,Lucknow,Other,44,2020-07-17
6092,Neha Bhatt,neha.bhatt48@hotmail.com,93568483,Mumbai,Male,49,2023-01-29
6093,Aditya Nair,aditya.nair913@yahoo.com,9443039834,Surat,Other,29,2021-10-07
6094,Vivaan Kapoor,vivaan.kapoor312@hotmail.com,8834233524,Ahmedabad,Female,55,2021-02-19
6095,Isha Desai,isha.desai388@outlook.com,7353686765,Kanpur,Female,29,2024-01-06
6096,Diya Joshi,diya.joshi134@gmail.com,8362789406,Lucknow,Male,43,2021-10-04
6097,Aditya Iyer,aditya.iyer958@yahoo.com,7378378036,Vadodara,Other,39,2022-01-31
6098,Isha Joshi,isha.joshi216@yahoo.com,9841133192,Indore,Other,42,2019-12-17
6099,Shreya Verma,shreya.verma951@yahoo.com,9720911971,Ludhiana,Female,37,2022-02-18
6100,Riya Agarwal,riya.agarwal263@yahoo.com,9887493088,Jaipur,Other,20,2019-05-01
6101,Sunita Desai,sunita.desai117@hotmail.com,8581806959,Pune,Other,23,2020-06-07
6102,Vihaan Rao,vihaan.rao458yahoo.com,8592394714,Kanpur,Male,64,2020-02-24
6103,Vivaan Kapoor,vivaan.kapoor916@yahoo.com,8578843392,Bhopal,Male,41,2024-10-10
6104,Pooja Sharma,pooja.sharma784@yahoo.com,9517499990,Kolkata,Other,27,2022-03-21
6105,Isha Verma,isha.verma248@rediffmail,7360409622,Kanpur,Female,49,2024-02-26
6106,Rahul Kapoor,rahul.kapoor737@yahoo.com,8482441441,Ahmedabad,Female,26,2020-01-24
6107,Aarav Chopra,aarav.chopra733@yahoo,7426810054,Indore,Other,27,2023-12-11
6108,Pooja Verma,pooja.verma713@hotmail.com,9999044781,Ahmedabad,Male,59,2023-06-26
6109,Arjun Bhatt,arjun.bhatt356@rediffmail.com,7254272115,Mumbai,Male,21,2024-05-14
6110,Ananya Malhotra,ananya.malhotra202@hotmail.com,7137399129,Bhopal,Female,21,2024-10-19
6111,Manish Malhotra,manish.malhotra752@yahoo.com,8365467880,Ludhiana,Male,23,2022-11-17
6112,Divya Agarwal,divya.agarwal968@outlook.com,+91-9946759894,Surat,Female,66,2022-12-05
6113,Pooja Sharma,pooja.sharma97@rediffmail.com,8996839483,Delhi,Female,49,2021-12-25
6114,Nikhil Bansal,nikhil.bansal769@outlook.com,9784868097,Kanpur,Female,35,2019-10-05
6115,Reyansh Iyer,reyansh.iyer866@hotmail.com,8509654789,Hyderabad,Other,37,2019-11-14
6116,Manish Mehta,manish.mehta63@rediffmail.com,9713855254,Pune,Female,41,2023-11-22
6117,Rahul Bansal,rahul.bansal958@hotmail.com,7118201764,Pune,Other,70,2022-05-25
6118,Myra Singh,myra.singh439@outlook.com,9405392758,Jaipur,Male,60,2022-05-16
6119,Diya Reddy,diya.reddy396@hotmail.com,9082026216,Patna,Female,16,2022-12-29
6120,Vihaan Verma,vihaan.verma485@rediffmail.com,8065429819,Patna,Other,49,2019-04-30
6121,Sunita Gupta,sunita.gupta522@hotmail.com,7160769957,Kolkata,Male,25,2022-07-16
6122,Myra Reddy,myra.reddy576@hotmail.com,8196877313,Indore,Female,70,2024-11-22
6123,Anika Gupta,anika.gupta269@outlook.com,8411203839,Surat,Female,20,2020-10-20
6124,Arjun Pillai,arjun.pillai196@rediffmail.com,9768818171,Nashik,Female,22,2021-02-03
6125,Pooja Kumar,pooja.kumar672@yahoo.com,9708637765,Patna,Other,26,2020-11-05
6126,Kavya Nair,kavya.nair227@yahoo.com,9367843735,Bhopal,Male,37,2022-01-28
6127,Deepak Pillai,deepak.pillai591@hotmail.com,9202092068,Patna,Other,69,2020-10-09
6128,Anjali Agarwal,anjali.agarwal776@outlook,+91-8020161360,Ahmedabad,Male,66,2023-09-29
6129,Aarav Mehta,aarav.mehta972@yahoo.com,8220646660,Surat,Other,45,2019-07-04
6130,Isha Singh,isha.singh836@yahoo.com,9455695202,Nashik,Other,21,2021-06-22
6131,Amit Singh,amit.singh515@hotmail.com,9833765869,Nagpur,Female,51,2020-02-14
6132,Ayaan Singh,ayaan.singh311@yahoo.com,977703639,Chennai,Female,30,2024-06-14
6133,Aarav Gupta,aarav.gupta750@hotmail,7840321511,Bhopal,Male,46,2024-11-11
6134,Isha Bhatt,isha.bhatt245@yahoo,9826170372,Agra,Male,50,2024-11-03
6135,Sai Iyer,sai.iyer188@yahoo.com,9859606087,Delhi,Female,57,2022-09-05
6136,Vivaan Kapoor,vivaan.kapoor150@gmail.com,9504846928,Chennai,Female,31,2021-05-13
6136,Vivaan Kapoor,vivaan.kapoor150@gmail.com,9504846928,Chennai,Female,31,2021-05-13
6137,,ananya.nair519@yahoo.com,8338514174,VADODARA,Other,181,2021-01-07
6138,Sunita Kapoor,sunita.kapoor79@yahoo.com,7294404113,Vadodara,Female,68,2020-12-26
6139,Isha Joshi,isha.joshi843@gmail.com,9778373,Patna,Other,34,2024-10-06
6140,Kavya Bansal,kavya.bansal503@rediffmail.com,8551202959,Ludhiana,Male,23,2020-09-30
6141,Pari Mehta,pari.mehta43@rediffmail.com,9411265659,Jaipur,Female,53,2022-04-21
6142,Vivaan Iyer,vivaan.iyer825@hotmail.com,7993838445,Agra,Other,35,2022-06-14
6143,Karan Sharma,karan.sharma246@outlook.com,8632979023,Bengaluru,Male,45,2023-07-26
6144,Aarav Sharma,aarav.sharma74@gmail.com,8042143542,Bhopal,Male,38,2019-07-04
6145,Kavya Verma,kavya.verma75@rediffmail.com,9932915063,Mumbai,Female,61,2019-10-26
6146,Anjali Desai,anjali.desai708@rediffmail.com,8293374645,Vadodara,Other,57,2022-05-07
6147,Sai Patel,sai.patel306@hotmail.com,+91-9403687457,Vadodara,Other,21,2020-04-03
6148,Pooja Nair,pooja.nair130@gmail.com,+91-9218877716,Kolkata,Other,59,2024-09-05
6149,Ishaan Bhatt,ishaan.bhatt247@outlook.com,7227050302,Jaipur,Female,63,2022-12-17
6150,Meera Iyer,meera.iyer500@gmail.com,9010885927,Ludhiana,Male,31,2019-07-26
6151,Diya Pillai,diya.pillai694@hotmail,9603445197,Delhi,Female,56,2020-06-30
6152,Vihaan Agarwal,vihaan.agarwal387@gmail.com,9198945151,Kanpur,Female,28,2024-01-03
6153,Kavya Malhotra,kavya.malhotra855@gmail.com,9006438342,Kanpur,Male,51,2021-11-22
6154,Vihaan Rao,vihaan.rao576@outlook.com,9940058873,Ludhiana,Male,25,2023-02-05
6155,Myra Iyer,myra.iyer497@hotmail.com,9597028056,Kanpur,Male,37,2023-03-25
6156,Reyansh Joshi,reyansh.joshi864@gmail.com,9106747620,Kolkata,Other,41,2020-05-27
6157,Shreya Rao,shreya.rao70@yahoo.com,9248032880,Surat,Female,62,2022-11-19
6158,Sanjay Chopra,sanjay.chopra151@hotmail.com,8771165130,Surat,Male,69,2019-07-15
6159,Sai Pillai,sai.pillai574@hotmail.com,8396001955,Ludhiana,Female,21,2021-03-13
6160,Aditya Iyer,aditya.iyer297@hotmail.com,8355218010,Nashik,Other,61,2019-03-18
6161,,krishna.pillai865@gmail.com,8199571396,ludhiana,Other,171,2021-08-03
6162,Aditya Sharma,aditya.sharma355rediffmail.com,7538974025,Nashik,Other,60,2022-09-24
6163,Neha Gupta,neha.gupta631@hotmail.com,7199168872,Patna,Other,65,2022-09-21
6164,Sunita Kumar,sunita.kumar464@hotmail.com,7266716147,Lucknow,Female,17,2020-02-05
6165,Sneha Kumar,sneha.kumar479@outlook.com,7431756270,Delhi,Female,33,2021-03-12
6166,Sneha Agarwal,sneha.agarwal508gmail.com,7157234179,Chennai,Other,56,2020-03-03
6167,Meera Rao,meera.rao411@rediffmail.com,7158266021,Hyderabad,Male,45,2020-04-01
6168,Pooja Mehta,pooja.mehta251@rediffmail.com,8335665848,Bengaluru,Female,49,2021-02-22
6169,Suresh Joshi,suresh.joshi378@rediffmail.com,7776962062,Surat,Other,58,2022-06-30
6170,Sanjay Gupta,sanjay.gupta937@yahoo.com,8646417872,Mumbai,Other,58,2023-02-27
6171,Vivaan Desai,vivaan.desai260@hotmail.com,7742767097,Lucknow,Male,23,2019-01-23
6172,Aadhya Bhatt,aadhya.bhatt282@rediffmail.com,9400828447,Pune,Female,64,2023-08-25
6173,Aadhya Bhatt,aadhya.bhatt958@hotmail.com,9452548010,Lucknow,Male,25,2020-12-05
6174,Anika Reddy,anika.reddy199@rediffmail.com,8492937328,Bhopal,Female,32,2022-03-11
6175,Reyansh Patel,reyansh.patel662@gmail.com,7180924204,Surat,Female,65,2019-11-14
6176,Sanjay Kapoor,sanjay.kapoor626@gmail.com,8742810831,Hyderabad,Other,47,2019-02-14
6177,Ayaan Joshi,ayaan.joshi934@outlook.com,9079834398,Ahmedabad,Male,53,2022-01-16
6178,Sai Singh,sai.singh769@rediffmail.com,8240419399,Hyderabad,Male,18,2024-12-07
6179,Saanvi Agarwal,saanvi.agarwal175@outlook.com,7468072377,Surat,Other,38,2024-09-21
6180,Anjali Kumar,anjali.kumar421@gmail.com,7006795184,Ludhiana,Male,50,2024-08-03
6181,Pooja Sharma,pooja.sharma109@outlook.com,9670014971,Hyderabad,Female,63,2023-01-30
6182,Kritika Desai,kritika.desai639@hotmail.com,8696874309,Chennai,Male,61,2021-05-31
6183,Krishna Nair,krishna.nair986@hotmail.com,9561625159,Delhi,Female,58,2024-08-10
6184,Kritika Rao,kritika.rao584@hotmail.com,7849442043,Lucknow,Other,43,2022-05-22
6185,Saanvi Rao,saanvi.rao578@hotmail.com,8360757901,Indore,Male,34,2022-04-04
6186,Kritika Nair,kritika.nair547@gmail.com,9066173126,Bengaluru,Other,46,2019-10-13
6187,Isha Sharma,isha.sharma73@outlook.com,8222027487,Vadodara,Other,24,2020-03-22
6188,Pari Reddy,pari.reddy346@outlook.com,8851342127,Vadodara,Female,29,2024-02-02
6189,Sanjay Joshi,sanjay.joshi785@hotmail.com,8496995398,Nashik,Male,59,2022-12-03
6190,Pari Kumar,pari.kumar189@yahoo.com,9402965927,Agra,Other,27,2020-06-10
6191,Reyansh Kapoor,reyansh.kapoor253@gmail.com,8362534652,Bhopal,Other,42,2023-01-06
6192,Sneha Chopra,sneha.chopra925@outlook.com,7215783581,Nashik,Female,33,2024-08-26
6193,Ananya Kapoor,ananya.kapoor885@hotmail.com,7831317536,Indore,Other,50,2023-11-22
6194,Aadhya Nair,aadhya.nair854@rediffmail.com,7680102807,Agra,Male,50,2024-04-09
6195,Sneha Verma,sneha.verma352@rediffmail.com,8826410589,Jaipur,Female,51,2022-07-02
6196,Neha Malhotra,neha.malhotra160@gmail.com,9916172622,Chennai,Other,34,2020-06-25
6197,Pooja Patel,pooja.patel79@gmail.com,7887736819,Chennai,Other,67,2019-05-16
6198,Pari Kapoor,pari.kapoor893@gmail.com,9070910349,Chennai,Female,31,2023-11-21
6199,Aarav Rao,aarav.rao23@outlook.com,8942431975,Indore,Other,32,2024-12-25
6200,Rohan Desai,rohan.desai986@yahoo.com,7136754915,Patna,Male,52,2019-12-21
6201,Divya Sharma,divya.sharma940@yahoo.com,9935776315,Ludhiana,Male,50,2019-09-28
6202,Kritika Verma,kritika.verma31@hotmail.com,98692769,Jaipur,Male,69,2023-08-13
6203,Sneha Bhatt,sneha.bhatt705@hotmail.com,7518199399,Lucknow,Other,54,2023-07-04
6204,Sai Chopra,sai.chopra817@rediffmail.com,9834246509,Vadodara,Other,20,2022-07-30
6205,Divya Mehta,divya.mehta305@yahoo.com,+91-8701326091,Delhi,Female,35,2021-01-29
6206,Anika Chopra,anika.chopra13@gmail.com,7513070476,Kolkata,Male,20,2019-09-27
6207,Aarav Sharma,aarav.sharma12@rediffmail.com,8763467687,Indore,Other,46,2023-08-07
6208,Manish Joshi,manish.joshi434@hotmail.com,+91-8702958967,Vadodara,Other,41,2023-08-19
6209,Aarav Kumar,aarav.kumar194@hotmail,9542531573,Delhi,Female,32,2019-06-24
6210,Saanvi Kapoor,saanvi.kapoor927@hotmail.com,9217460069,Indore,Other,17,2019-12-04
6210,Saanvi Kapoor,saanvi.kapoor927@hotmail.com,9217460069,Indore,Other,17,2019-12-04
6211,,karan.joshi491@gmail.com,+91-9148304708, Pune ,Other,129,2024-10-20
6212,Ayaan Mehta,ayaan.mehta186@hotmail.com,8052099263,Nashik,Other,16,2020-10-21
6213,Meera Reddy,meera.reddy500@hotmail.com,7789634,Indore,Male,21,2024-06-16
6214,Manish Iyer,manish.iyer692@rediffmail,8604000573,Nashik,Female,36,2024-12-20
6215,Pari Joshi,pari.joshi54@outlook.com,8960847459,Nagpur,Other,26,2021-02-27
6216,Aarav Singh,aarav.singh313@outlook.com,7009577489,Agra,Male,49,2022-11-04
6217,Anjali Mehta,anjali.mehta271@yahoo.com,9498110827,Kanpur,Female,65,2022-02-23
6218,Arjun Chopra,arjun.chopra917@rediffmail.com,7117873261,Lucknow,Other,50,2021-01-02
6219,Suresh Desai,suresh.desai407@rediffmail.com,9038990498,Nashik,Other,24,2021-10-23
6220,Aarav Singh,aarav.singh506@outlook.com,721462974,Hyderabad,Male,46,2024-12-22
6221,Manish Iyer,manish.iyer91@hotmail.com,9821015556,Surat,Female,59,2019-12-02
6222,Diya Desai,diya.desai833@hotmail.com,+91-8436033637,Jaipur,Male,32,2023-07-22
6223,Riya Sharma,riya.sharma258@rediffmail.com,8235837829,Agra,Male,60,2022-07-26
6224,Aadhya Rao,aadhya.rao656@outlook.com,7889775434,Indore,Female,35,2023-04-24
6225,Krishna Desai,krishna.desai362@hotmail.com,8233821940,Bhopal,Male,65,2024-04-11
6226,Aarav Mehta,aarav.mehta679@outlook.com,8755387379,Ludhiana,Other,43,2021-10-08
6227,Vivaan Pillai,vivaan.pillai318@yahoo.com,9292101656,Kolkata,Male,63,2022-11-01
6228,Sai Rao,sai.rao859@outlook,7732790987,Vadodara,Male,41,2024-05-25
6229,Neha Reddy,neha.reddy789@hotmail.com,7518394645,Hyderabad,Male,18,2019-10-26
6230,Sanjay Kumar,sanjay.kumar149@hotmail.com,9832474475,Chennai,Other,30,2019-11-28
6231,Rohan Desai,rohan.desai794@hotmail.com,9075097090,Hyderabad,Female,44,2019-06-19
6232,Sunita Bansal,sunita.bansal24@outlook.com,8982234043,Nashik,Male,68,2019-02-23
6233,Pari Kapoor,pari.kapoor355@rediffmail.com,8082225222,Pune,Male,62,2023-06-07
6234,Vivaan Rao,vivaan.rao553@outlook.com,7072217521,Ahmedabad,Other,36,2021-01-28
6235,Saanvi Joshi,saanvi.joshi578@yahoo.com,+91-7245205287,Chennai,Female,23,2021-06-07
6236,Neha Desai,neha.desai496@hotmail.com,7170406133,Bhopal,Other,27,2022-10-13
6237,Deepak Reddy,deepak.reddy81@hotmail.com,7271956747,Patna,Other,44,2024-07-09
6238,Riya Rao,riya.rao367rediffmail.com,7115228012,Patna,Male,18,2024-10-13
6239,Ramesh Agarwal,ramesh.agarwal314@outlook.com,8623938507,Vadodara,Female,33,2022-03-09
6240,Nikhil Singh,nikhil.singh4@gmail.com,7022739910,Patna,Other,69,2024-08-15
6241,Krishna Iyer,krishna.iyer396@outlook.com,7080712329,Ahmedabad,Female,25,2021-04-29
6242,Aditya Kapoor,aditya.kapoor614@yahoo.com,8503751273,Bengaluru,Male,46,2020-08-24
6243,Shreya Bhatt,shreya.bhatt803@outlook.com,9034647286,Pune,Male,44,2021-12-09
6244,Vivaan Chopra,vivaan.chopra314@yahoo.com,8271606737,Indore,Male,37,2023-06-18
6245,Vivaan Bansal,vivaan.bansal257@rediffmail.com,9287476027,Jaipur,Other,40,2023-12-19
6246,Nikhil Rao,nikhil.rao850@outlook.com,9834543584,Delhi,Female,24,2020-09-11
6247,Sanjay Desai,sanjay.desai261@gmail.com,7840266525,Mumbai,Male,24,2019-05-08
6248,Ramesh Kumar,ramesh.kumar117@yahoo.com,9980105298,Indore,Male,47,2024-12-09
6249,Aarav Verma,aarav.verma119@hotmail.com,8988046179,Bhopal,Male,25,2023-04-23
6250,Nikhil Bansal,nikhil.bansal750@outlook.com,9529561587,Vadodara,Female,51,2019-06-11
6251,Shreya Reddy,shreya.reddy431@hotmail.com,9565939959,Surat,Male,20,2020-06-06
6252,Vihaan Patel,vihaan.patel39@yahoo.com,9114525403,Jaipur,Female,68,2022-03-05
6253,Manish Kapoor,manish.kapoor9@rediffmail.com,837598899,Pune,Other,27,2022-05-13
6254,Aadhya Bansal,aadhya.bansal283@outlook.com,9908053274,Kolkata,Male,18,2021-10-17
6255,Diya Nair,diya.nair119@outlook.com,8967362464,Patna,Female,51,2021-06-15
6256,Vivaan Reddy,vivaan.reddy504@hotmail.com,8893083362,Bhopal,Male,22,2022-03-07
6257,Reyansh Malhotra,reyansh.malhotra440@yahoo.com,7712323022,Ludhiana,Other,66,2019-01-13
6258,Aadhya Kumar,aadhya.kumar990@rediffmail.com,9851287949,Chennai,Male,65,2020-04-08
6259,Amit Verma,amit.verma612@rediffmail.com,7993549259,Chennai,Female,24,2024-08-06
6260,Diya Chopra,diya.chopra862@rediffmail.com,95283835,Nashik,Female,26,2020-07-12
6261,Neha Joshi,neha.joshi975@rediffmail.com,9289441622,Pune,Other,62,2020-05-10
6262,Sneha Joshi,sneha.joshi525@outlook.com,7918185052,Ludhiana,Male,23,2022-08-31
6263,Sunita Chopra,sunita.chopra783@hotmail.com,8654506218,Surat,Female,38,2019-08-06
6264,Aarav Bhatt,aarav.bhatt26@outlook.com,8584723223,Nagpur,Male,69,2020-09-29
6265,Vihaan Chopra,vihaan.chopra561@rediffmail.com,942296362,Jaipur,Other,42,2019-06-04
6266,Anjali Kumar,anjali.kumar316@rediffmail.com,7301386931,Pune,Female,60,2020-12-11
6267,Ananya Rao,ananya.rao986@rediffmail.com,9294439410,Delhi,Female,66,2024-11-29
6268,Sai Singh,sai.singh686outlook.com,7294487958,Lucknow,Other,23,2022-09-06
6269,Anika Joshi,anika.joshi380@rediffmail.com,+91-8864527528,Ahmedabad,Male,63,2022-12-26
6270,Karan Reddy,karan.reddy345@hotmail.com,8032448599,Jaipur,Male,26,2022-10-01
6271,Ramesh Bhatt,ramesh.bhatt906@rediffmail.com,7596483839,Nashik,Other,27,2024-01-05
6272,Aarav Kumar,aarav.kumar80@outlook.com,8100307905,Mumbai,Male,29,2019-06-21
6272,Aarav Kumar,aarav.kumar80@outlook.com,8100307905,Mumbai,Male,29,2019-06-21
6273,,anjali.pillai347@rediffmail.com,7337266848,vadodara,Other,135,2020-09-29
6274,Reyansh Bhatt,reyansh.bhatt891@hotmail.com,8672548509,Indore,Other,59,2023-06-22
6275,Sai Malhotra,sai.malhotra812@outlook.com,9783087488,Kolkata,Male,31,2022-07-23
6275,Sai Malhotra,sai.malhotra812@outlook.com,9783087488,Kolkata,Male,31,2022-07-23
6276,,sneha.kumar304@rediffmail.com,8986865811,Nagpur  ,Female,169,2020-06-29
6277,Karan Kumar,karan.kumar878@outlook.com,92808001,Patna,Other,26,2020-06-19
6278,Rahul Chopra,rahul.chopra848@outlook.com,8655298761,Delhi,Other,59,2020-11-12
6279,Deepak Kapoor,deepak.kapoor780@outlook.com,9254707782,Bengaluru,Female,24,2022-12-08
6280,Krishna Sharma,krishna.sharma173yahoo.com,7688476998,Kanpur,Male,22,2023-04-30
6281,Reyansh Agarwal,reyansh.agarwal557@hotmail.com,7603764977,Chennai,Other,25,2024-01-03
6282,Amit Gupta,amit.gupta301@outlook.com,8750573808,Kanpur,Female,64,2021-02-28
6283,Anjali Pillai,anjali.pillai735@yahoo.com,9808807298,Surat,Male,32,2023-01-31
6284,Deepak Pillai,deepak.pillai856@yahoo.com,8343803158,Delhi,Female,47,2019-02-18
6285,Shreya Verma,shreya.verma783@hotmail,8427600758,Jaipur,Female,20,2020-12-02
6286,Sunita Reddy,sunita.reddy566@rediffmail.com,7426541446,Nagpur,Female,67,2023-10-28
6287,Kavya Reddy,kavya.reddy691@rediffmail.com,+91-8849362153,Surat,Male,27,2023-05-23
6288,Sunita Kapoor,sunita.kapoor554@rediffmail.com,9827515870,Surat,Female,47,2021-10-15
6289,Pari Nair,pari.nair219@rediffmail.com,7388466058,Bhopal,Male,32,2022-02-03
6290,Sanjay Verma,sanjay.verma705@outlook.com,9669883057,Agra,Male,45,2022-10-22
6291,Anjali Sharma,anjali.sharma791@gmail.com,7084255517,Patna,Other,54,2019-05-13
6292,Aditya Desai,aditya.desai132@rediffmail.com,9817917978,Nashik,Female,31,2023-06-12
6293,Sneha Patel,sneha.patel699@rediffmail,7402421718,Nagpur,Female,28,2023-06-05
6294,Rohan Agarwal,rohan.agarwal484@gmail.com,7179072433,Ludhiana,Male,59,2020-02-23
6295,Diya Kumar,diya.kumar697@outlook.com,7961678518,Pune,Male,65,2024-03-10
6296,Pooja Rao,pooja.rao909@gmail.com,815034797,Surat,Other,26,2020-09-16
6297,Riya Bansal,riya.bansal702@outlook.com,9509772,Pune,Male,68,2019-01-15
6298,Shreya Kapoor,shreya.kapoor393@gmail.com,8530294197,Bengaluru,Male,19,2020-03-19
6299,Nikhil Gupta,nikhil.gupta76@rediffmail.com,8769624488,Surat,Male,16,2024-07-24
6300,Priya Rao,priya.rao400@outlook.com,9379304214,Kolkata,Female,35,2024-01-11
6301,Myra Desai,myra.desai824@gmail.com,7578200486,Mumbai,Male,51,2024-04-27
6302,Krishna Patel,krishna.patel129@outlook.com,8262768242,Lucknow,Female,24,2022-10-12
6303,Pooja Kumar,pooja.kumar578@yahoo.com,8953661284,Patna,Female,61,2024-07-19
6304,Riya Singh,riya.singh480hotmail.com,8085503614,Nashik,Female,30,2021-04-10
6305,Saanvi Mehta,saanvi.mehta45@hotmail.com,8933145866,Indore,Male,47,2024-12-09
6306,Pooja Bhatt,pooja.bhatt617@hotmail.com,9010193041,Agra,Female,59,2023-07-15
6307,Arjun Kapoor,arjun.kapoor954@hotmail.com,9028485736,Nashik,Female,27,2023-10-19
6308,Kritika Joshi,kritika.joshi385@hotmail.com,7090099731,Mumbai,Male,70,2020-04-14
6309,Aadhya Nair,aadhya.nair805@gmail.com,7211571527,Nagpur,Male,40,2022-04-20
6310,Sunita Agarwal,sunita.agarwal777@gmail.com,9246542,Kanpur,Other,51,2021-08-13
6311,Arjun Sharma,arjun.sharma710@yahoo.com,7970681258,Ludhiana,Other,36,2019-09-30
6312,Rohan Bhatt,rohan.bhatt305@yahoo.com,8806898086,Nagpur,Male,61,2020-06-05
6313,Pari Bhatt,pari.bhatt687@hotmail.com,7514201558,Ludhiana,Female,59,2020-12-04
6314,Amit Joshi,amit.joshi786@rediffmail.com,9575579189,Ahmedabad,Female,35,2024-10-14
6315,Meera Nair,meera.nair713@rediffmail.com,9758552457,Chennai,Male,60,2020-02-23
6316,Pooja Bhatt,pooja.bhatt985@rediffmail.com,7484770069,Jaipur,Male,63,2022-01-06
6317,Rahul Kumar,rahul.kumar948@hotmail.com,8863387367,Mumbai,Male,41,2023-10-28
6318,Arjun Patel,arjun.patel328@rediffmail.com,9933246968,Chennai,Male,32,2023-01-01
6319,Suresh Rao,suresh.rao610@hotmail.com,7598355876,Kanpur,Other,34,2019-12-01
6320,Aadhya Kapoor,aadhya.kapoor117@yahoo.com,9368953594,Jaipur,Other,41,2019-12-07
6321,Neha Sharma,neha.sharma481outlook.com,7839850629,Vadodara,Other,30,2019-02-07
6322,Meera Bhatt,meera.bhatt366@gmail.com,70524235,Kanpur,Other,50,2020-06-26
6323,Diya Kapoor,diya.kapoor337@rediffmail,8781835813,Surat,Male,25,2021-12-16
6324,Ramesh Agarwal,ramesh.agarwal104@yahoo.com,8726448533,Nagpur,Male,63,2019-09-29
6325,Deepak Iyer,deepak.iyer742@hotmail.com,7304931186,Pune,Other,65,2024-09-26
6326,Saanvi Kapoor,saanvi.kapoor929@yahoo.com,8267322436,Nashik,Female,58,2020-06-08
6327,Rahul Singh,rahul.singh172@hotmail,9837796261,Jaipur,Male,47,2022-03-30
6328,Kavya Gupta,kavya.gupta351@outlook.com,9122454325,Agra,Female,35,2020-12-31
6329,Rahul Desai,rahul.desai169@gmail.com,7150200941,Bengaluru,Female,28,2022-03-04
6330,Aarav Verma,aarav.verma659@rediffmail.com,7868578138,Kanpur,Male,51,2024-09-16
6331,Divya Kumar,divya.kumar171@gmail.com,8652168240,Bengaluru,Female,33,2024-09-11
6332,Ishaan Patel,ishaan.patel799@outlook.com,9143688967,Kanpur,Other,70,2019-05-24
6333,Aadhya Desai,aadhya.desai468@rediffmail.com,9604570009,Agra,Male,60,2020-02-09
6334,Vivaan Malhotra,vivaan.malhotra39@rediffmail.com,9927010638,Nashik,Other,50,2024-01-31
6335,Aadhya Kumar,aadhya.kumar74@rediffmail.com,8614397641,Mumbai,Female,65,2020-08-18
6336,Priya Joshi,priya.joshi704@rediffmail.com,9288428545,Vadodara,Female,34,2022-09-05
6337,Ayaan Malhotra,ayaan.malhotra521@hotmail.com,9627728287,Bhopal,Other,37,2019-11-11
6338,Riya Iyer,riya.iyer77@gmail.com,8884341610,Jaipur,Female,20,2023-09-16
6339,Anika Singh,anika.singh964@hotmail.com,7932024120,Agra,Other,41,2024-01-15
6340,Neha Nair,neha.nair502@rediffmail.com,9853984052,Delhi,Male,32,2024-03-03
6341,Kritika Joshi,kritika.joshi244@hotmail.com,8014630972,Ahmedabad,Female,69,2020-10-26
6342,Aadhya Malhotra,aadhya.malhotra727@rediffmail.com,9731342884,Agra,Other,60,2019-05-28
6343,Neha Gupta,neha.gupta498@yahoo.com,8732303035,Chennai,Other,50,2020-04-29
6344,Anjali Patel,anjali.patel430@gmail.com,79996188,Ahmedabad,Male,22,2019-02-24
6345,Kavya Patel,kavya.patel470@gmail.com,9279920793,Indore,Female,55,2020-11-19
6346,Karan Patel,karan.patel283@rediffmail.com,8867712942,Nagpur,Female,62,2024-05-06
6347,Rahul Singh,rahul.singh654@rediffmail,7980749359,Nashik,Male,36,2019-04-15
6348,Neha Verma,neha.verma571@gmail.com,9536737792,Surat,Male,49,2021-09-03
6349,Priya Agarwal,priya.agarwal204@hotmail.com,+91-8628857766,Pune,Male,22,2024-03-19
6350,Saanvi Mehta,saanvi.mehta978@outlook.com,7499878014,Mumbai,Other,33,2019-05-27
6351,Anjali Bhatt,anjali.bhatt83@yahoo.com,7541049767,Bhopal,Other,45,2019-04-16
6352,Kavya Verma,kavya.verma229@hotmail,9560870037,Nagpur,Female,69,2022-09-17
6353,Nikhil Singh,nikhil.singh640@gmail.com,97145565,Mumbai,Other,29,2024-10-26
6354,Meera Sharma,meera.sharma890@outlook.com,9092163620,Pune,Male,44,2020-09-29
6355,Aditya Malhotra,aditya.malhotra963@gmail.com,8516350380,Mumbai,Male,66,2024-03-12
6356,Nikhil Gupta,nikhil.gupta253@outlook.com,7575283340,Lucknow,Female,42,2023-09-08
6357,Krishna Iyer,krishna.iyer437@rediffmail.com,9423336426,Mumbai,Male,19,2021-07-16
6358,Arjun Singh,arjun.singh458@rediffmail.com,8131716774,Surat,Other,46,2023-08-04
6359,Meera Singh,meera.singh336@gmail.com,9467143619,Delhi,Other,52,2020-05-29
6359,Meera Singh,meera.singh336@gmail.com,9467143619,Delhi,Other,52,2020-05-29
6360,,rahul.nair191@hotmail.com,9731289786,Nashik  ,Female,122,2020-07-06
6361,Nikhil Gupta,nikhil.gupta75@yahoo.com,9206963390,Kolkata,Other,62,2020-12-27
6362,Reyansh Gupta,reyansh.gupta118@yahoo.com,9282112699,Ludhiana,Female,50,2021-11-17
6363,Suresh Bansal,suresh.bansal238@outlook.com,8513124282,Patna,Other,57,2021-06-14
6364,Rahul Malhotra,rahul.malhotra809@rediffmail.com,918189226,Nagpur,Female,31,2019-02-17
6365,Aditya Malhotra,aditya.malhotra129@yahoo.com,9950473186,Pune,Female,61,2022-02-06
6366,Pari Iyer,pari.iyer928@outlook.com,7952191306,Indore,Female,70,2024-08-29
6367,Vihaan Bansal,vihaan.bansal505@hotmail.com,8453056350,Indore,Female,31,2023-01-16
6368,Nikhil Kapoor,nikhil.kapoor360@outlook.com,8284910393,Hyderabad,Male,58,2021-06-26
6369,Neha Joshi,neha.joshi819@outlook.com,8330071266,Delhi,Female,49,2021-06-16
6370,Myra Singh,myra.singh943@hotmail.com,9958823115,Lucknow,Other,68,2022-10-07
6371,Pooja Singh,pooja.singh687@yahoo.com,9921053925,Bengaluru,Male,35,2024-09-04
6371,Pooja Singh,pooja.singh687@yahoo.com,9921053925,Bengaluru,Male,35,2024-09-04
6372,,arjun.singh472@outlook.com,7323619953,Agra  ,Other,139,2021-04-18
6373,Divya Mehta,divya.mehta147@yahoo.com,7874449459,Ludhiana,Female,42,2019-12-22
6374,Arjun Sharma,arjun.sharma284@yahoo.com,7087218592,Bengaluru,Female,49,2019-08-09
6375,Vihaan Joshi,vihaan.joshi680@yahoo.com,8919920611,Agra,Male,62,2019-06-25
6376,Ramesh Agarwal,ramesh.agarwal5@gmail.com,8941831384,Nashik,Other,54,2023-05-21
6377,Shreya Patel,shreya.patel351@outlook.com,7567420659,Ahmedabad,Male,20,2021-03-21
6378,Rohan Reddy,rohan.reddy835@yahoo.com,8992903104,Agra,Female,29,2019-01-08
6379,Divya Bansal,divya.bansal896@hotmail.com,8105522778,Lucknow,Other,37,2022-02-02
6380,Neha Sharma,neha.sharma818@rediffmail.com,8597264604,Pune,Male,37,2022-07-22
6381,Nikhil Desai,nikhil.desai938@outlook.com,7014505026,Patna,Male,42,2023-05-07
6382,Anika Sharma,anika.sharma546gmail.com,7508910105,Chennai,Male,48,2022-02-08
6383,Ramesh Patel,ramesh.patel963@outlook.com,8067284788,Ahmedabad,Other,42,2023-02-02
6384,Ishaan Kumar,ishaan.kumar754@gmail.com,7306837161,Vadodara,Other,25,2019-04-07
6385,Anika Singh,anika.singh181@yahoo.com,8791643683,Mumbai,Male,65,2020-07-31
6386,Suresh Desai,suresh.desai76@yahoo.com,8658539909,Ludhiana,Female,41,2021-04-05
6387,Nikhil Chopra,nikhil.chopra948@yahoo.com,9165135084,Lucknow,Male,23,2023-12-24
6388,Anika Reddy,anika.reddy790@yahoo.com,9236513882,Kolkata,Female,51,2024-05-06
6389,Saanvi Desai,saanvi.desai928@outlook.com,8432089255,Nashik,Other,65,2024-01-10
6390,Kavya Nair,kavya.nair259@yahoo.com,9067006965,Ahmedabad,Male,28,2021-03-12
6391,Amit Rao,amit.rao286@outlook.com,7477078818,Vadodara,Other,68,2019-09-30
6392,Meera Singh,meera.singh932@outlook.com,7980037752,Ludhiana,Other,29,2021-11-17
6393,Isha Desai,isha.desai116@outlook.com,9417927999,Vadodara,Female,28,2024-09-28
6394,Ananya Iyer,ananya.iyer969@hotmail.com,7425736309,Pune,Other,64,2019-03-07
6395,Aditya Kapoor,aditya.kapoor253@yahoo.com,8360271183,Ahmedabad,Other,42,2020-02-26
6396,Manish Malhotra,manish.malhotra839@gmail.com,9073407249,Patna,Male,36,2022-07-14
6397,Isha Bansal,isha.bansal89@outlook.com,845457317,Lucknow,Female,68,2021-04-16
6398,Vihaan Chopra,vihaan.chopra609@rediffmail.com,7101592650,Bhopal,Other,26,2021-03-14
6399,Ramesh Verma,ramesh.verma656@rediffmail.com,7036071144,Indore,Female,58,2019-08-08
6400,Ramesh Bansal,ramesh.bansal851@hotmail.com,9245068314,Nashik,Other,41,2023-06-25
6401,Vivaan Singh,vivaan.singh935@rediffmail.com,+91-7573885477,Nashik,Other,24,2022-07-05
6402,Kavya Desai,kavya.desai390@gmail.com,+91-7315209304,Kolkata,Other,50,2021-07-25
6403,Sneha Joshi,sneha.joshi919@yahoo.com,8161175783,Nagpur,Other,60,2021-01-08
6404,Diya Rao,diya.rao309@outlook.com,8004394649,Surat,Female,68,2024-06-26
6405,Rohan Agarwal,rohan.agarwal47@hotmail.com,9780032805,Mumbai,Female,25,2019-08-20
6406,Ananya Bansal,ananya.bansal588@rediffmail.com,+91-7328670121,Bengaluru,Male,22,2019-06-17
6407,Myra Mehta,myra.mehta704@outlook.com,86759430,Vadodara,Female,61,2023-01-13
6408,Manish Patel,manish.patel858@rediffmail.com,8986905714,Pune,Male,22,2024-02-09
6409,Aditya Agarwal,aditya.agarwal639@yahoo.com,8536538616,Agra,Male,65,2023-11-25
6410,Aarav Chopra,aarav.chopra262@hotmail.com,8641672796,Ahmedabad,Other,19,2023-10-21
6411,Ananya Gupta,ananya.gupta83hotmail.com,9224811911,Ludhiana,Female,24,2024-02-03
6412,Riya Pillai,riya.pillai112@gmail.com,9332898302,Kolkata,Male,48,2019-04-24
6413,Pooja Malhotra,pooja.malhotra931@gmail.com,8896346769,Bhopal,Female,30,2022-01-29
6414,Neha Pillai,neha.pillai824@outlook.com,8056894338,Patna,Other,24,2021-01-03
6415,Saanvi Nair,saanvi.nair415@outlook,8473597555,Lucknow,Other,51,2019-11-25
6416,Meera Nair,meera.nair67@rediffmail.com,8982164150,Lucknow,Female,69,2022-05-09
6417,Anika Mehta,anika.mehta995@outlook.com,8233131953,Chennai,Female,17,2024-07-03
6418,Arjun Bhatt,arjun.bhatt796@rediffmail.com,8062017636,Nashik,Female,24,2024-06-30
6419,Sunita Verma,sunita.verma839@yahoo.com,8545208601,Nashik,Female,22,2023-06-16
6420,Diya Kapoor,diya.kapoor267@gmail.com,9741964818,Delhi,Male,17,2021-07-07
6421,Priya Pillai,priya.pillai403@yahoo.com,805132031,Kanpur,Female,64,2022-03-04
6422,Vihaan Kumar,vihaan.kumar996@rediffmail.com,7789100395,Mumbai,Female,22,2024-11-11
6423,Saanvi Kapoor,saanvi.kapoor100@yahoo.com,9471375439,Ludhiana,Female,27,2019-06-30
6424,Ayaan Desai,ayaan.desai242@gmail.com,9467846590,Delhi,Female,65,2024-12-17
6425,Ayaan Chopra,ayaan.chopra290@gmail.com,8279435620,Kanpur,Female,16,2020-02-13
6426,Ayaan Nair,ayaan.nair956@yahoo.com,7216859473,Mumbai,Female,46,2024-03-16
6427,Diya Iyer,diya.iyer47@yahoo.com,8949850738,Kanpur,Other,48,2022-01-27
6428,Kavya Singh,kavya.singh99@rediffmail.com,8393109611,Vadodara,Male,56,2021-04-17
6429,Sneha Kapoor,sneha.kapoor726@gmail.com,9402122372,Indore,Female,31,2019-05-23
6430,Ishaan Mehta,ishaan.mehta112@rediffmail.com,7941781403,Chennai,Female,16,2024-04-22
6431,Kavya Mehta,kavya.mehta275@outlook.com,7234035983,Nagpur,Other,60,2024-12-21
6432,Neha Singh,neha.singh399@gmail.com,9632173772,Lucknow,Other,67,2021-10-06
6433,Anika Malhotra,anika.malhotra592@yahoo.com,8869057899,Ahmedabad,Female,66,2022-02-08
6434,Arjun Mehta,arjun.mehta845@outlook.com,8430876239,Bengaluru,Male,19,2020-01-09
6435,Isha Malhotra,isha.malhotra487@rediffmail.com,99083281,Surat,Male,50,2022-05-30
6436,Sai Agarwal,sai.agarwal332@yahoo,7545641732,Kolkata,Other,62,2021-11-26
6437,Arjun Gupta,arjun.gupta422@outlook.com,7747175710,Mumbai,Female,20,2023-05-11
6438,Kavya Sharma,kavya.sharma228@gmail.com,7881874140,Ludhiana,Female,40,2021-03-07
6439,Shreya Mehta,shreya.mehta358@rediffmail.com,7121886567,Kolkata,Other,26,2020-06-26
6440,Ayaan Gupta,ayaan.gupta17@outlook.com,7819636348,Patna,Female,29,2023-06-01
6441,Vihaan Pillai,vihaan.pillai862@hotmail.com,9201777257,Kanpur,Other,40,2020-03-27
6442,Anjali Bansal,anjali.bansal539@rediffmail.com,8757688870,Nagpur,Male,30,2020-01-21
6443,Sunita Sharma,sunita.sharma751@yahoo.com,9338454409,Nagpur,Male,65,2024-06-18
6444,Kritika Malhotra,kritika.malhotra423@gmail.com,7332495166,Surat,Other,45,2019-08-24
6445,Diya Gupta,diya.gupta950@hotmail.com,8767557173,Chennai,Female,57,2024-05-28
6446,Suresh Desai,suresh.desai113@gmail.com,8063410896,Nashik,Male,38,2022-01-18
6447,Reyansh Verma,reyansh.verma647@yahoo.com,8542013737,Ahmedabad,Female,34,2023-12-07
6448,Neha Patel,neha.patel656@yahoo.com,7298824702,Nashik,Male,20,2020-11-17
6449,Aadhya Iyer,aadhya.iyer894outlook.com,9730763193,Pune,Other,26,2020-12-16
6450,Neha Kapoor,neha.kapoor992@rediffmail.com,9918319162,Nashik,Female,17,2019-11-30
6451,Sneha Gupta,sneha.gupta650@gmail.com,9402250670,Nagpur,Other,50,2019-01-13
6452,Pooja Verma,pooja.verma416@hotmail.com,7862203949,Patna,Male,56,2023-12-13
6453,Amit Pillai,amit.pillai267@gmail.com,8958769014,Pune,Other,43,2019-06-06
6454,Vivaan Gupta,vivaan.gupta125@outlook.com,+91-8172694929,Delhi,Female,17,2023-08-01
6455,Suresh Reddy,suresh.reddy906@hotmail.com,8153781903,Bhopal,Other,63,2023-02-15
6456,Sneha Agarwal,sneha.agarwal590@yahoo.com,9559971825,Bhopal,Female,35,2021-07-10
6457,Riya Pillai,riya.pillai521@gmail.com,8833651816,Bengaluru,Male,68,2022-01-21
6458,Sunita Malhotra,sunita.malhotra84@rediffmail.com,7803633100,Nagpur,Other,57,2022-04-15
6459,Kavya Rao,kavya.rao752rediffmail.com,9707705420,Chennai,Other,31,2020-09-26
6460,Reyansh Joshi,reyansh.joshi750@gmail.com,8263890044,Agra,Male,52,2019-01-22
6461,Sai Pillai,sai.pillai352@hotmail.com,9292081942,Agra,Other,32,2024-03-12
6462,Aadhya Chopra,aadhya.chopra993@outlook.com,8702237563,Lucknow,Female,52,2020-07-12
6463,Vivaan Mehta,vivaan.mehta505@yahoo.com,9181052993,Jaipur,Female,20,2022-07-23
6464,Saanvi Sharma,saanvi.sharma521@gmail.com,8791324983,Jaipur,Female,70,2022-08-21
6465,Sneha Verma,sneha.verma83@rediffmail.com,+91-9619380915,Hyderabad,Male,16,2019-06-01
6466,Aarav Kumar,aarav.kumar755@hotmail.com,9233442416,Bhopal,Female,54,2021-12-02
6467,Sanjay Bansal,sanjay.bansal595@hotmail.com,7374790047,Ahmedabad,Other,63,2022-11-11
6468,Aarav Joshi,aarav.joshi413@rediffmail.com,7540780402,Mumbai,Male,24,2023-02-08
6469,Rohan Gupta,rohan.gupta593@outlook.com,9662046657,Surat,Female,64,2022-09-28
6470,Isha Desai,isha.desai7@hotmail.com,7956767752,Nagpur,Other,37,2019-04-08
6471,Vivaan Kapoor,vivaan.kapoor91@rediffmail.com,7819955615,Indore,Female,41,2021-07-30
6472,Pari Nair,pari.nair234@rediffmail.com,9285332371,Ludhiana,Other,21,2022-05-16
6473,Deepak Singh,deepak.singh674@yahoo,8317621334,Surat,Other,68,2021-02-22
6474,Kritika Kapoor,kritika.kapoor784@gmail.com,8685925294,Surat,Other,26,2023-06-29
6475,Riya Chopra,riya.chopra665@yahoo.com,7634989797,Ahmedabad,Male,40,2024-02-29
6476,Pooja Singh,pooja.singh754@gmail.com,8751416888,Vadodara,Other,49,2024-05-27
6477,Sai Bhatt,sai.bhatt352@yahoo.com,8483154524,Hyderabad,Other,22,2019-07-26
6478,Reyansh Nair,reyansh.nair734@hotmail,8232702,Ahmedabad,Female,60,2021-07-15
6479,Sneha Bhatt,sneha.bhatt154@gmail.com,7771226871,Indore,Female,58,2023-02-12
6480,Manish Rao,manish.rao153@rediffmail.com,8710294873,Kolkata,Other,60,2022-11-29
6481,Priya Chopra,priya.chopra853@outlook.com,8473576629,Patna,Female,69,2022-05-29
6482,Rahul Mehta,rahul.mehta532@yahoo.com,9820220728,Pune,Male,37,2021-12-03
6483,Diya Nair,diya.nair704@yahoo.com,+91-8579139849,Nashik,Female,28,2023-01-13
6484,Meera Iyer,meera.iyer432@hotmail.com,7768777969,Kanpur,Other,32,2019-06-30
6485,Rohan Patel,rohan.patel90@gmail.com,7354040339,Mumbai,Other,68,2024-03-10
6486,Amit Kapoor,amit.kapoor950@yahoo.com,9121937636,Pune,Male,39,2019-03-06
6487,Myra Nair,myra.nair521@yahoo.com,8089198501,Bhopal,Other,47,2023-01-02
6488,Priya Agarwal,priya.agarwal847@outlook.com,95649273,Delhi,Male,33,2019-09-07
6489,Aarav Bhatt,aarav.bhatt191@gmail.com,8853260930,Nagpur,Female,52,2023-10-18
6490,Kavya Pillai,kavya.pillai101@rediffmail.com,9449140519,Kanpur,Female,34,2020-08-10
6491,Kavya Sharma,kavya.sharma510@rediffmail.com,8911439552,Surat,Female,19,2024-05-14
6492,Diya Pillai,diya.pillai428@yahoo.com,9516431499,Bengaluru,Other,21,2024-02-14
6493,Meera Singh,meera.singh79@hotmail.com,9631454090,Nashik,Male,20,2022-04-02
6494,Myra Reddy,myra.reddy352@gmail.com,86825276,Hyderabad,Female,66,2020-08-21
6495,Aarav Sharma,aarav.sharma639@hotmail.com,8962121292,Indore,Female,29,2020-01-02
6496,Kavya Mehta,kavya.mehta182@outlook.com,7100367569,Bengaluru,Other,20,2024-05-22
6497,Kritika Reddy,kritika.reddy495hotmail.com,7381721364,Mumbai,Other,23,2020-07-08
6498,Vivaan Bhatt,vivaan.bhatt148@hotmail.com,9263322521,Indore,Female,24,2021-02-14
6499,Ramesh Verma,ramesh.verma754@yahoo.com,8516742241,Mumbai,Female,30,2024-11-15
6500,Anika Rao,anika.rao641@hotmail.com,8364174108,Indore,Other,29,2019-08-26
6501,Sai Agarwal,sai.agarwal781@gmail.com,7552183156,Mumbai,Other,18,2022-09-11
6502,Myra Bhatt,myra.bhatt474@outlook.com,7263016019,Ludhiana,Other,52,2021-06-26
6503,Aadhya Chopra,aadhya.chopra313hotmail.com,8059207820,Lucknow,Other,35,2020-10-15
6504,Anjali Bansal,anjali.bansal325@gmail.com,+91-7538788200,Ahmedabad,Female,65,2021-06-27
6505,Vivaan Desai,vivaan.desai983@gmail.com,8794741551,Agra,Other,59,2024-03-20
6506,Amit Rao,amit.rao816@hotmail.com,7960843429,Hyderabad,Other,17,2024-10-29
6507,Meera Singh,meera.singh918@rediffmail.com,7569511875,Mumbai,Male,30,2024-06-27
6508,Shreya Kapoor,shreya.kapoor198@hotmail.com,9968861502,Patna,Other,39,2021-04-12
6509,Neha Gupta,neha.gupta444@rediffmail.com,7410174013,Mumbai,Female,22,2024-08-01
6510,Diya Desai,diya.desai831@outlook.com,9146942955,Delhi,Other,41,2022-04-06
6511,Sunita Singh,sunita.singh639@rediffmail.com,8902997993,Jaipur,Other,53,2021-03-30
6512,Aadhya Nair,aadhya.nair980@gmail.com,9316136418,Kolkata,Other,16,2019-11-14
6513,Vihaan Kumar,vihaan.kumar527@gmail.com,8957789166,Lucknow,Female,48,2020-11-15
6514,Aditya Kapoor,aditya.kapoor365@gmail.com,9878145308,Bengaluru,Female,53,2021-01-03
6515,Deepak Patel,deepak.patel173@rediffmail.com,9563986895,Hyderabad,Female,51,2020-10-08
6516,Anjali Agarwal,anjali.agarwal33@yahoo.com,9601029147,Jaipur,Male,30,2019-09-10
6517,Vihaan Agarwal,vihaan.agarwal591@yahoo.com,8517093859,Bhopal,Male,54,2019-03-31
6518,Pooja Bhatt,pooja.bhatt306@gmail.com,7491547393,Indore,Male,59,2022-10-27
6519,Kritika Joshi,kritika.joshi155@hotmail.com,8428546292,Mumbai,Other,46,2023-08-17
6520,Neha Malhotra,neha.malhotra277@yahoo.com,7853777385,Ahmedabad,Male,17,2021-11-12
6521,Sunita Nair,sunita.nair810@yahoo.com,8895027345,Surat,Female,68,2022-07-05
6522,Anjali Verma,anjali.verma86@yahoo.com,7166643205,Jaipur,Female,19,2023-01-06
6523,Vivaan Patel,vivaan.patel874@hotmail.com,8506479707,Hyderabad,Female,38,2019-07-29
6524,Aadhya Joshi,aadhya.joshi406@rediffmail.com,7069494851,Ludhiana,Female,39,2022-12-18
6525,Diya Desai,diya.desai551@hotmail.com,9724720474,Kolkata,Female,29,2020-05-21
6526,Amit Joshi,amit.joshi422@hotmail.com,9113724614,Nagpur,Female,69,2021-11-04
6527,Kritika Verma,kritika.verma564@outlook,9810817617,Lucknow,Female,47,2021-04-06
6528,Myra Patel,myra.patel748@yahoo.com,8164777153,Bhopal,Male,49,2019-04-06
6529,Sneha Desai,sneha.desai885@outlook.com,7858507676,Jaipur,Female,58,2019-02-12
6530,Myra Nair,myra.nair431@outlook.com,9382205262,Bengaluru,Female,26,2024-02-02
6531,,krishna.rao945@hotmail.com,9454009912, Indore ,Female,144,2019-08-26
6532,Krishna Mehta,krishna.mehta422@yahoo.com,8965104312,Agra,Female,36,2024-03-26
6533,Ayaan Reddy,ayaan.reddy333@gmail,7546274139,Indore,Female,26,2022-01-10
6534,Priya Joshi,priya.joshi647@gmail.com,7398765183,Jaipur,Female,66,2023-12-09
6535,Manish Bhatt,manish.bhatt214@rediffmail.com,9194340032,Hyderabad,Male,69,2024-03-12
6536,Shreya Kapoor,shreya.kapoor183@rediffmail.com,9989097209,Hyderabad,Male,68,2019-01-25
6537,Sanjay Rao,sanjay.rao150@yahoo.com,9068757532,Kanpur,Male,70,2023-03-19
6538,Ishaan Desai,ishaan.desai556@outlook,8137245572,Ahmedabad,Other,54,2022-01-27
6539,Ayaan Kapoor,ayaan.kapoor403@outlook.com,8092601873,Delhi,Female,31,2024-08-26
6540,Ishaan Desai,ishaan.desai118@yahoo.com,7197255105,Indore,Female,51,2020-10-26
6541,Ramesh Rao,ramesh.rao999@hotmail.com,+91-7586630244,Agra,Other,48,2023-04-22
6542,Diya Verma,diya.verma271@outlook.com,7066768413,Surat,Other,48,2019-05-21
6543,Riya Desai,riya.desai75@hotmail.com,7105965399,Vadodara,Other,44,2024-09-19
6544,Deepak Kapoor,deepak.kapoor932@gmail.com,9819656196,Pune,Other,65,2024-10-21
6545,Sunita Malhotra,sunita.malhotra102@rediffmail.com,8091571611,Delhi,Female,41,2023-01-09
6546,Vihaan Verma,vihaan.verma614@gmail.com,8770825696,Kolkata,Male,67,2019-09-10
6547,Ananya Gupta,ananya.gupta727@yahoo.com,7274474177,Nashik,Other,60,2023-11-16
6548,Karan Bhatt,karan.bhatt659@hotmail.com,9883937306,Patna,Male,33,2022-05-13
6549,Kavya Agarwal,kavya.agarwal980@gmail.com,9003813606,Hyderabad,Female,49,2019-11-19
6550,Amit Chopra,amit.chopra765@rediffmail.com,7753156326,Ludhiana,Other,35,2022-07-22
6551,Sanjay Reddy,sanjay.reddy327@outlook.com,7648427784,Jaipur,Other,57,2019-04-26
6552,Nikhil Reddy,nikhil.reddy329@hotmail.com,7813284057,Lucknow,Male,68,2021-09-26
6553,Anjali Kumar,anjali.kumar594@outlook.com,7423674307,Ludhiana,Other,62,2024-12-19
6554,Myra Bhatt,myra.bhatt917@outlook.com,7070253687,Lucknow,Male,62,2019-05-31
6555,Rohan Nair,rohan.nair875@hotmail.com,9936818072,Nagpur,Male,46,2020-11-01
6556,Shreya Kapoor,shreya.kapoor363@gmail.com,8781905628,Kanpur,Other,61,2022-02-09
6557,Kavya Desai,kavya.desai806@rediffmail.com,8499433738,Kolkata,Male,21,2021-03-06
6558,Meera Desai,meera.desai484@gmail.com,8554186355,Ludhiana,Male,53,2019-04-21
6559,Isha Reddy,isha.reddy936@yahoo.com,7778210297,Nagpur,Female,27,2021-03-24
6560,Rahul Agarwal,rahul.agarwal995@yahoo.com,9867794807,Nashik,Male,49,2019-09-07
6561,Vivaan Chopra,vivaan.chopra782@gmail.com,9398365941,Pune,Male,36,2024-05-11
6562,Saanvi Gupta,saanvi.gupta215@outlook,7583751476,Ludhiana,Female,26,2024-12-10
6563,Kavya Patel,kavya.patel593@yahoo.com,7386002319,Agra,Female,44,2019-02-03
6564,Meera Desai,meera.desai485@outlook.com,8821186374,Kanpur,Male,21,2021-08-18
6565,Ananya Mehta,ananya.mehta400@outlook,7802737796,Delhi,Male,70,2019-10-29
6566,Pari Pillai,pari.pillai505@gmail.com,+91-9928828510,Ahmedabad,Female,52,2024-11-04
6567,Reyansh Gupta,reyansh.gupta40@rediffmail.com,9436069298,Agra,Other,45,2024-12-05
6568,Neha Nair,neha.nair878@gmail.com,9456583069,Indore,Male,50,2022-03-13
6569,Ishaan Desai,ishaan.desai125@yahoo.com,7848713945,Vadodara,Female,70,2021-09-23
6570,Myra Reddy,myra.reddy360@rediffmail.com,9751724272,Nagpur,Female,60,2023-04-08
6571,Pooja Agarwal,pooja.agarwal422@outlook.com,7801393725,Indore,Female,45,2019-08-01
6572,Myra Bansal,myra.bansal184@hotmail.com,7345113247,Indore,Male,46,2024-12-25
6573,Kritika Sharma,kritika.sharma226@outlook.com,9334590747,Delhi,Other,62,2023-05-06
6574,Aarav Iyer,aarav.iyer38@yahoo.com,7017602113,Vadodara,Other,17,2023-03-10
6575,Arjun Chopra,arjun.chopra896@rediffmail.com,7372941014,Bhopal,Female,36,2019-02-11
6576,Riya Gupta,riya.gupta697@outlook.com,9824171227,Hyderabad,Male,19,2020-08-28
6577,Kavya Rao,kavya.rao442@gmail.com,9685058951,Indore,Other,39,2022-07-24
6578,Sneha Reddy,sneha.reddy920@outlook.com,9183540215,Indore,Male,51,2021-06-30
6579,Priya Agarwal,priya.agarwal591@gmail.com,7395147995,Lucknow,Female,68,2024-10-27
6580,Reyansh Chopra,reyansh.chopra244@gmail.com,9009884217,Mumbai,Other,19,2023-08-29
6580,Reyansh Chopra,reyansh.chopra244@gmail.com,9009884217,Mumbai,Other,19,2023-08-29
6581,,krishna.kumar649@hotmail.com,8219735059,Ahmed@b@d,Female,165,2019-08-19
6582,Manish Pillai,manish.pillai228@outlook.com,9224914690,Surat,Other,45,2019-04-26
6583,Ramesh Agarwal,ramesh.agarwal570@gmail.com,7769527658,Nashik,Male,67,2021-02-06
6584,Anika Kumar,anika.kumar253@gmail.com,9653457707,Kolkata,Male,38,2021-08-31
6585,Sneha Singh,sneha.singh8@gmail.com,7670028547,Chennai,Other,56,2022-10-14
6586,Rahul Pillai,rahul.pillai938@yahoo.com,8158154973,Ahmedabad,Other,49,2019-05-21
6587,Neha Kumar,neha.kumar856@outlook.com,7544375408,Mumbai,Male,35,2022-07-31
6588,Neha Patel,neha.patel387@outlook.com,8136462865,Kolkata,Female,32,2020-07-09
6589,Reyansh Gupta,reyansh.gupta733@yahoo.com,9099712668,Indore,Female,39,2024-02-03
6590,Arjun Malhotra,arjun.malhotra754@gmail.com,8266759092,Kanpur,Male,56,2024-01-29
6591,Sunita Joshi,sunita.joshi466@rediffmail.com,9177460032,Jaipur,Male,69,2024-08-10
6592,Riya Kapoor,riya.kapoor343@hotmail.com,9540979002,Surat,Other,33,2020-03-25
6593,Sai Reddy,sai.reddy35@rediffmail.com,8195517215,Vadodara,Other,51,2023-03-25
6594,Krishna Kapoor,krishna.kapoor840@gmail.com,9823678217,Indore,Male,45,2023-07-14
6595,Ishaan Agarwal,ishaan.agarwal614@hotmail.com,7511187938,Agra,Male,48,2024-10-09
6596,Karan Mehta,karan.mehta920@hotmail.com,8083345280,Vadodara,Female,23,2024-03-13
6597,Isha Kapoor,isha.kapoor511@outlook.com,9163782225,Patna,Other,54,2020-03-15
6598,Vivaan Kapoor,vivaan.kapoor691@outlook.com,9784701091,Agra,Other,45,2019-03-14
6599,Suresh Malhotra,suresh.malhotra971@gmail.com,7894250161,Indore,Female,67,2023-01-31
6600,Suresh Malhotra,suresh.malhotra427@yahoo.com,8238294262,Ahmedabad,Female,18,2020-08-18
6601,Amit Pillai,amit.pillai61@rediffmail.com,9770933188,Kanpur,Female,65,2023-03-12
6602,Divya Iyer,divya.iyer685@outlook.com,7355905155,Surat,Other,28,2020-04-17
6603,Reyansh Joshi,reyansh.joshi929@outlook.com,9662361917,Surat,Female,41,2019-01-23
6604,Anika Kapoor,anika.kapoor661@gmail.com,7800108265,Bhopal,Other,64,2019-03-18
6605,Rahul Malhotra,rahul.malhotra776@gmail.com,8892821653,Nashik,Female,56,2024-07-08
6606,Pari Rao,pari.rao627@outlook.com,+91-8140376360,Kolkata,Female,53,2021-06-14
6607,Shreya Bhatt,shreya.bhatt236@outlook.com,9612875719,Nagpur,Female,21,2021-10-21
6608,Manish Kumar,manish.kumar35@rediffmail.com,8536282465,Chennai,Female,67,2024-04-25
6609,Rohan Verma,rohan.verma317@rediffmail.com,7219730201,Nashik,Male,61,2020-05-27
6610,Anika Kumar,anika.kumar833gmail.com,9007490779,Nagpur,Male,57,2021-03-23
6611,Aarav Gupta,aarav.gupta866hotmail.com,8238855973,Surat,Male,53,2020-07-25
6612,Deepak Chopra,deepak.chopra359@rediffmail.com,+91-8478004531,Pune,Other,52,2024-01-12
6613,Shreya Nair,shreya.nair829@outlook.com,8442107195,Indore,Male,37,2020-02-03
6614,Riya Kapoor,riya.kapoor40@gmail.com,8441667002,Hyderabad,Male,59,2023-06-26
6615,Diya Mehta,diya.mehta729@hotmail.com,7527611938,Kolkata,Female,58,2021-04-12
6616,Ishaan Patel,ishaan.patel237@hotmail.com,7491013542,Kolkata,Other,47,2021-05-15
6617,Anjali Nair,anjali.nair946@outlook.com,8107426034,Nagpur,Male,67,2023-08-28
6618,Isha Bansal,isha.bansal966@gmail.com,7247058357,Lucknow,Other,24,2022-01-24
6619,Arjun Kapoor,arjun.kapoor48@gmail.com,9228906337,Mumbai,Male,19,2024-10-14
6620,Aditya Joshi,aditya.joshi983@hotmail.com,7279087348,Bhopal,Other,30,2022-08-15
6621,Rohan Patel,rohan.patel364@hotmail.com,7192442645,Chennai,Other,65,2022-11-05
6622,Meera Patel,meera.patel280@hotmail,9315004217,Kanpur,Male,32,2023-10-01
6623,Anjali Iyer,anjali.iyer418@gmail.com,7765121472,Kanpur,Other,44,2020-08-23
6624,Anika Iyer,anika.iyer517@yahoo.com,7237314000,Nagpur,Male,22,2023-07-10
6625,Meera Singh,meera.singh32@hotmail.com,8706639,Chennai,Male,45,2024-02-21
6626,Suresh Kumar,suresh.kumar938@rediffmail.com,7462769089,Nashik,Male,68,2019-05-22
6627,Ramesh Joshi,ramesh.joshi664@outlook.com,7790641789,Delhi,Other,33,2019-12-22
6628,Saanvi Verma,saanvi.verma144@gmail.com,8005793912,Ludhiana,Other,20,2021-11-28
6629,Meera Verma,meera.verma275@yahoo.com,7236271876,Pune,Male,17,2019-07-31
6630,Riya Verma,riya.verma245@yahoo.com,7768006710,Vadodara,Other,59,2021-07-18
6631,Anika Pillai,anika.pillai372@outlook.com,7109449523,Kolkata,Other,39,2022-04-21
6632,Nikhil Sharma,nikhil.sharma542gmail.com,8664021131,Hyderabad,Other,66,2020-01-13
6633,Kritika Iyer,kritika.iyer667@yahoo.com,9805191412,Lucknow,Female,17,2019-03-30
6634,Sneha Chopra,sneha.chopra195@outlook.com,7921014047,Patna,Other,42,2023-08-21
6635,Aarav Joshi,aarav.joshi795@hotmail.com,7708126933,Ahmedabad,Male,25,2019-08-26
6636,Ramesh Singh,ramesh.singh259@gmail.com,8770777320,Hyderabad,Male,53,2021-09-20
6637,Aarav Sharma,aarav.sharma600@gmail.com,8065419929,Agra,Female,17,2023-11-19
6638,Saanvi Bansal,saanvi.bansal772@gmail.com,7703173550,Ludhiana,Male,64,2022-04-05
6639,Kavya Singh,kavya.singh817@outlook.com,7354576884,Kolkata,Male,53,2023-04-23
6640,Kritika Singh,kritika.singh343@yahoo.com,7753308129,Nashik,Male,20,2024-01-22
6641,Krishna Mehta,krishna.mehta889@yahoo.com,9710515677,Lucknow,Male,52,2019-05-11
6642,Vivaan Rao,vivaan.rao768@yahoo,9422395199,Bengaluru,Female,61,2019-04-29
6643,Sneha Chopra,sneha.chopra522@yahoo.com,8178350238,Agra,Female,20,2022-10-04
6644,Aditya Rao,aditya.rao490@outlook.com,8013420809,Jaipur,Male,21,2022-08-31
6645,Neha Desai,neha.desai644outlook.com,9099757620,Ahmedabad,Male,32,2022-01-04
6646,Suresh Malhotra,suresh.malhotra408@rediffmail.com,9100280928,Vadodara,Female,61,2019-04-06
6647,Shreya Verma,shreya.verma431@hotmail.com,9367979462,Ludhiana,Female,62,2023-09-13
6648,Deepak Mehta,deepak.mehta61@hotmail.com,+91-7351140962,Kanpur,Other,32,2021-03-05
6649,Deepak Nair,deepak.nair258@outlook.com,743288341,Nashik,Other,24,2024-12-17
6650,Vihaan Bhatt,vihaan.bhatt27@yahoo.com,8072077121,Bengaluru,Female,68,2024-11-21
6651,Ramesh Patel,ramesh.patel709@hotmail.com,9579216009,Bengaluru,Female,67,2024-02-12
6652,Rohan Joshi,rohan.joshi780@yahoo.com,75813514,Mumbai,Other,39,2023-03-29
6653,Anjali Nair,anjali.nair14@rediffmail.com,9993205066,Nashik,Female,67,2023-10-28
6654,Vivaan Desai,vivaan.desai450@gmail.com,+91-8639962554,Vadodara,Other,41,2020-07-12
6655,Myra Mehta,myra.mehta978@rediffmail.com,9295597426,Bhopal,Female,23,2020-11-30
6656,Aadhya Nair,aadhya.nair487@yahoo.com,8729321398,Indore,Other,69,2023-03-08
6657,Ayaan Bansal,ayaan.bansal439@outlook.com,8141711588,Agra,Male,35,2024-01-02
6658,Ayaan Agarwal,ayaan.agarwal851@yahoo.com,8369623604,Vadodara,Other,49,2020-01-14
6659,Amit Malhotra,amit.malhotra701@hotmail.com,9292580727,Chennai,Female,22,2020-11-26
6660,Diya Joshi,diya.joshi233@gmail,8144171957,Lucknow,Female,42,2020-07-31
6661,Kavya Verma,kavya.verma203@outlook.com,8561893507,Agra,Male,40,2023-09-01
6662,Ramesh Patel,ramesh.patel256@rediffmail.com,8582937845,Pune,Other,27,2024-09-15
6663,Deepak Malhotra,deepak.malhotra748@outlook.com,9822685067,Vadodara,Other,41,2023-04-13
6664,Kavya Reddy,kavya.reddy286@yahoo.com,7104323414,Hyderabad,Male,32,2019-02-13
6665,Krishna Reddy,krishna.reddy312@gmail.com,9325703781,Mumbai,Other,60,2019-12-22
6666,Suresh Singh,suresh.singh751@outlook.com,7471395290,Patna,Female,63,2023-07-12
6667,Anika Mehta,anika.mehta701@yahoo,8047217808,Ludhiana,Female,38,2019-12-11
6668,Isha Bhatt,isha.bhatt568@outlook.com,+91-9322572216,Indore,Male,28,2023-02-12
6669,Pooja Singh,pooja.singh902@outlook.com,9416805213,Delhi,Male,19,2021-07-25
6670,Ishaan Kumar,ishaan.kumar371@yahoo.com,+91-8415918055,Kolkata,Female,70,2022-03-16
6671,Isha Bhatt,isha.bhatt552@yahoo.com,9266445007,Surat,Female,50,2019-08-09
6672,Ananya Singh,ananya.singh194@outlook.com,+91-7132985322,Hyderabad,Male,47,2023-01-24
6673,Pooja Verma,pooja.verma839@outlook.com,8948267759,Surat,Female,57,2019-10-17
6674,Sai Singh,sai.singh791@gmail.com,8707255845,Delhi,Female,55,2022-06-03
6675,Manish Bhatt,manish.bhatt168@hotmail.com,9922686049,Pune,Female,70,2020-05-28
6676,Saanvi Patel,saanvi.patel177@gmail.com,7529548814,Bengaluru,Male,26,2019-08-11
6677,Riya Sharma,riya.sharma171@outlook.com,9825265626,Bengaluru,Male,36,2022-07-16
6678,Manish Bansal,manish.bansal575@rediffmail.com,8289689243,Jaipur,Male,60,2021-10-30
6679,Aarav Patel,aarav.patel944@outlook.com,7310413192,Bengaluru,Other,50,2020-01-24
6680,Sai Agarwal,sai.agarwal287@outlook.com,7712463881,Lucknow,Male,19,2019-09-10
6681,Kritika Gupta,kritika.gupta38@yahoo.com,8912895541,Patna,Female,30,2024-03-14
6682,Saanvi Bansal,saanvi.bansal818@rediffmail.com,9607043556,Delhi,Female,41,2024-11-03
6683,Krishna Joshi,krishna.joshi6@rediffmail.com,9139162133,Pune,Male,55,2022-10-10
6684,Riya Gupta,riya.gupta74@gmail.com,8042550078,Bhopal,Female,16,2022-03-21
6685,Kavya Kumar,kavya.kumar786@rediffmail.com,9222341665,Bhopal,Female,68,2021-02-04
6686,Arjun Agarwal,arjun.agarwal357@hotmail.com,8707525760,Mumbai,Male,22,2021-12-03
6687,Sunita Gupta,sunita.gupta523@outlook.com,9320078651,Ludhiana,Other,66,2020-08-11
6688,Karan Kapoor,karan.kapoor329@yahoo.com,8006434661,Chennai,Other,24,2020-09-30
6689,Deepak Patel,deepak.patel88@hotmail.com,9103491866,Surat,Other,50,2021-05-01
6690,Isha Agarwal,isha.agarwal658@rediffmail.com,7541592052,Bengaluru,Male,34,2024-03-10
6691,Shreya Kapoor,shreya.kapoor197@gmail.com,8737460187,Surat,Male,49,2020-12-03
6692,Aadhya Bhatt,aadhya.bhatt285@rediffmail.com,8678298536,Hyderabad,Male,28,2022-02-13
6692,Aadhya Bhatt,aadhya.bhatt285@rediffmail.com,8678298536,Hyderabad,Male,28,2022-02-13
6693,,ayaan.verma13@hotmail.com,7580193740,Hyder@b@d,Other,122,2020-01-28
6694,Shreya Gupta,shreya.gupta705@gmail.com,7672909547,Ludhiana,Other,60,2020-11-10
6695,Saanvi Kapoor,saanvi.kapoor846@gmail.com,9402117710,Bengaluru,Male,20,2021-09-15
6696,Karan Nair,karan.nair786@outlook.com,8312746905,Nagpur,Female,22,2022-05-02
6696,Karan Nair,karan.nair786@outlook.com,8312746905,Nagpur,Female,22,2022-05-02
6697,,sneha.agarwal76@outlook.com,7258161771,hyderabad,Male,166,2019-01-27
6698,Kavya Malhotra,kavya.malhotra591@outlook.com,9767020361,Bhopal,Male,65,2023-09-30
6699,Isha Verma,isha.verma195@outlook.com,8523383962,Indore,Other,29,2022-09-10
6700,Nikhil Desai,nikhil.desai120@rediffmail.com,+91-8355382624,Kanpur,Female,34,2020-09-12
6701,Rahul Iyer,rahul.iyer658@rediffmail.com,9961445964,Kanpur,Other,19,2021-08-07
6702,Myra Desai,myra.desai884@hotmail.com,8231414086,Bhopal,Male,35,2019-02-21
6703,Divya Desai,divya.desai58@gmail.com,9431012646,Surat,Female,24,2022-04-20
6704,Isha Malhotra,isha.malhotra998@gmail.com,7089269580,Bengaluru,Female,45,2019-04-07
6705,Sanjay Reddy,sanjay.reddy947@rediffmail.com,7375507292,Ludhiana,Female,52,2020-08-06
6706,Arjun Iyer,arjun.iyer106@rediffmail.com,8318428288,Jaipur,Other,69,2019-12-05
6707,Rahul Malhotra,rahul.malhotra346yahoo.com,8064636878,Pune,Other,30,2023-11-29
6708,Sanjay Reddy,sanjay.reddy141@rediffmail.com,9768198883,Patna,Male,20,2022-10-21
6709,Reyansh Sharma,reyansh.sharma902@hotmail.com,9773072837,Nagpur,Female,54,2019-01-02
6710,Aditya Bansal,aditya.bansal251@yahoo.com,8843388920,Mumbai,Male,61,2023-05-22
6711,Divya Malhotra,divya.malhotra553hotmail.com,8414190902,Bengaluru,Female,52,2019-03-23
6712,Vihaan Joshi,vihaan.joshi738@gmail.com,7928936265,Mumbai,Female,54,2020-02-12
6713,Rohan Nair,rohan.nair711outlook.com,9498107225,Hyderabad,Other,39,2019-04-18
6714,Sunita Nair,sunita.nair545@gmail.com,9206606969,Kanpur,Male,67,2021-08-27
6715,Suresh Mehta,suresh.mehta96@gmail.com,7535667057,Bhopal,Male,67,2020-11-12
6716,Divya Kapoor,divya.kapoor170@rediffmail.com,9787953368,Mumbai,Other,62,2023-09-07
6717,Amit Nair,amit.nair173@hotmail.com,9299609568,Chennai,Male,34,2021-03-13
6718,Ananya Pillai,ananya.pillai479@rediffmail.com,82476439,Indore,Male,21,2022-04-22
6719,Isha Gupta,isha.gupta332@outlook.com,9402861984,Vadodara,Female,28,2022-04-16
6720,Diya Pillai,diya.pillai566@hotmail.com,9394352588,Delhi,Other,59,2022-01-17
6721,Rohan Reddy,rohan.reddy399@gmail.com,7597900812,Kolkata,Male,28,2020-03-11
6722,Aadhya Agarwal,aadhya.agarwal747@outlook.com,8993790016,Nashik,Male,50,2020-08-26
6723,Priya Gupta,priya.gupta377@outlook.com,8179216844,Hyderabad,Male,20,2024-09-02
6724,Myra Verma,myra.verma787@gmail.com,7345167786,Kolkata,Male,23,2024-02-17
6725,Riya Agarwal,riya.agarwal862@yahoo.com,9450999408,Jaipur,Male,65,2020-11-24
6726,Priya Bansal,priya.bansal703@rediffmail.com,7866419984,Jaipur,Female,31,2022-04-18
6727,Arjun Bhatt,arjun.bhatt641@hotmail.com,7080076955,Delhi,Female,34,2019-12-14
6728,Diya Kumar,diya.kumar942@yahoo.com,7348129914,Indore,Female,18,2019-02-09
6729,Kavya Pillai,kavya.pillai152hotmail.com,8045767673,Jaipur,Male,51,2020-01-13
6730,Vihaan Agarwal,vihaan.agarwal151@hotmail.com,9854874646,Nashik,Other,34,2019-02-18
6731,Ramesh Desai,ramesh.desai795@outlook.com,8307575251,Pune,Female,61,2022-05-18
6732,Sneha Reddy,sneha.reddy546@hotmail.com,9150960426,Bhopal,Female,33,2021-06-25
6733,Divya Pillai,divya.pillai76@gmail.com,7411759980,Pune,Female,60,2024-09-23
6734,Meera Patel,meera.patel48@outlook.com,9686820268,Surat,Male,53,2022-03-06
6735,Reyansh Agarwal,reyansh.agarwal887@hotmail.com,9421270017,Lucknow,Female,63,2020-08-25
6736,Meera Mehta,meera.mehta822@hotmail.com,8733164426,Indore,Female,41,2022-10-07
6737,Pooja Agarwal,pooja.agarwal617@yahoo.com,8639340794,Indore,Other,64,2019-03-09
6738,Myra Patel,myra.patel196@outlook.com,7281606777,Surat,Male,24,2023-08-18
6739,Krishna Gupta,krishna.gupta39@hotmail.com,9172788372,Bengaluru,Male,17,2020-01-24
6740,Aarav Malhotra,aarav.malhotra664@outlook.com,8805213882,Indore,Female,48,2020-06-05
6741,Kavya Kumar,kavya.kumar597@gmail.com,7626734333,Indore,Male,65,2024-05-05
6742,Rohan Chopra,rohan.chopra656@outlook.com,8413289532,Kolkata,Female,66,2022-08-17
6743,Vivaan Chopra,vivaan.chopra924@rediffmail.com,7378203591,Ludhiana,Other,55,2020-12-04
6744,Diya Gupta,diya.gupta550@gmail.com,9281785413,Hyderabad,Other,38,2024-07-09
6744,Diya Gupta,diya.gupta550@gmail.com,9281785413,Hyderabad,Other,38,2024-07-09
6745,,sunita.desai114@outlook.com,9086964111,Lucknow,Other,200,2023-03-12
6746,Pari Chopra,pari.chopra939@yahoo.com,9541362749,Indore,Female,19,2022-02-15
6747,Aadhya Agarwal,aadhya.agarwal986@outlook.com,7045165880,Indore,Female,23,2021-04-15
6748,Deepak Singh,deepak.singh585@yahoo.com,7311588240,Kolkata,Male,68,2020-02-01
6749,Reyansh Agarwal,reyansh.agarwal565@rediffmail.com,8084773891,Mumbai,Other,59,2020-10-15
6750,Ayaan Bhatt,ayaan.bhatt698@hotmail.com,7247135838,Nashik,Male,59,2024-02-13
6751,Rohan Joshi,rohan.joshi563@outlook.com,7668430292,Kolkata,Male,43,2020-06-20
6752,Aadhya Reddy,aadhya.reddy539@hotmail.com,9341808,Bhopal,Female,62,2019-01-21
6753,Aarav Sharma,aarav.sharma129hotmail.com,8215107574,Bhopal,Other,48,2019-04-27
6754,Isha Agarwal,isha.agarwal124@yahoo.com,7054821916,Nagpur,Other,25,2024-01-29
6755,Sunita Malhotra,sunita.malhotra231@outlook.com,8133014693,Kanpur,Other,31,2020-07-05
6756,Anjali Kumar,anjali.kumar332yahoo.com,9967668341,Ludhiana,Female,40,2024-05-04
6757,Ananya Chopra,ananya.chopra427yahoo.com,9548827549,Patna,Female,17,2022-12-17
6758,Karan Nair,karan.nair469@rediffmail.com,959000600,Ahmedabad,Female,16,2022-03-21
6759,Shreya Chopra,shreya.chopra765@hotmail,8599799620,Bengaluru,Female,48,2024-10-26
6760,Anjali Joshi,anjali.joshi275@yahoo.com,8088213720,Delhi,Other,37,2021-06-29
6761,Shreya Nair,shreya.nair684@gmail.com,9868263585,Kanpur,Male,16,2019-12-15
6762,Suresh Mehta,suresh.mehta702@hotmail.com,9770986755,Patna,Male,24,2023-10-10
6763,Anjali Agarwal,anjali.agarwal127@rediffmail.com,9699763857,Agra,Other,56,2022-02-09
6764,Isha Singh,isha.singh860@gmail,8212334213,Hyderabad,Other,52,2024-10-28
6765,Sunita Patel,sunita.patel438@rediffmail.com,8094208061,Kolkata,Male,41,2022-06-18
6766,Isha Singh,isha.singh816@gmail.com,9063417366,Hyderabad,Male,68,2022-04-21
6767,Sunita Sharma,sunita.sharma3@gmail.com,7837243350,Ahmedabad,Male,67,2023-03-27
6768,Aadhya Reddy,aadhya.reddy992@outlook.com,7577194177,Mumbai,Female,16,2022-12-07
6769,Deepak Chopra,deepak.chopra866@rediffmail.com,9229601538,Nagpur,Female,16,2021-02-01
6770,Priya Bhatt,priya.bhatt787@gmail.com,8921641565,Kolkata,Female,27,2020-10-22
6771,Aditya Kapoor,aditya.kapoor883@yahoo,9269854771,Chennai,Male,41,2021-09-03
6772,Amit Chopra,amit.chopra907@outlook.com,7236877431,Nashik,Female,58,2023-06-14
6773,Saanvi Agarwal,saanvi.agarwal400@gmail.com,7906420454,Kanpur,Female,52,2024-09-15
6774,Ananya Sharma,ananya.sharma865@yahoo.com,8141780150,Bhopal,Female,29,2019-07-27
6775,Riya Desai,riya.desai689@yahoo.com,9792623486,Bhopal,Other,44,2022-09-26
6776,Aadhya Agarwal,aadhya.agarwal257@hotmail.com,7788649223,Nashik,Male,31,2020-03-12
6777,Reyansh Sharma,reyansh.sharma751@rediffmail.com,9079881381,Jaipur,Other,24,2019-08-16
6778,Sai Desai,sai.desai64@rediffmail.com,9539740507,Hyderabad,Female,61,2024-10-11
6779,Karan Patel,karan.patel723@hotmail.com,9874546667,Bengaluru,Other,68,2022-01-05
6780,Myra Sharma,myra.sharma892@outlook.com,7088795173,Surat,Female,63,2021-03-06
6781,Rahul Reddy,rahul.reddy107@yahoo.com,8603350984,Bhopal,Female,62,2020-01-23
6782,Pari Singh,pari.singh925yahoo.com,8461346425,Ahmedabad,Male,47,2022-11-16
6783,Ishaan Patel,ishaan.patel606@hotmail.com,8299805991,Nashik,Male,59,2023-03-26
6784,Rahul Reddy,rahul.reddy189@rediffmail.com,7399616027,Ludhiana,Male,39,2023-12-28
6785,Arjun Patel,arjun.patel120@outlook.com,9522458808,Lucknow,Other,69,2024-09-18
6786,Sanjay Pillai,sanjay.pillai713@gmail.com,8136590883,Pune,Female,69,2023-03-08
6787,Myra Patel,myra.patel841@hotmail.com,7923484386,Kanpur,Male,24,2023-09-23
6788,Saanvi Iyer,saanvi.iyer669@yahoo.com,7807130840,Pune,Male,23,2020-07-09
6789,Sanjay Reddy,sanjay.reddy371@rediffmail.com,8496498881,Delhi,Female,39,2021-10-07
6790,Myra Iyer,myra.iyer445@yahoo.com,7413974457,Pune,Other,20,2021-09-26
6791,,kritika.chopra490@hotmail.com,8279680866,bengaluru,Other,200,2024-01-28
6792,Aditya Iyer,aditya.iyer452@gmail.com,8787215772,Surat,Male,70,2019-05-28
6793,Aarav Reddy,aarav.reddy39@yahoo.com,9670584384,Chennai,Female,49,2022-12-26
6794,Krishna Pillai,krishna.pillai843@yahoo,8508744694,Patna,Male,20,2021-05-17
6795,Vihaan Patel,vihaan.patel843@hotmail.com,9461025155,Patna,Male,18,2020-01-16
6796,Deepak Singh,deepak.singh419@yahoo,8029132417,Pune,Male,56,2019-06-07
6797,Rahul Chopra,rahul.chopra320@outlook.com,8560892864,Bengaluru,Female,27,2020-05-03
6798,Diya Gupta,diya.gupta738@hotmail.com,8724869063,Mumbai,Male,63,2024-08-19
6799,Myra Sharma,myra.sharma435@hotmail.com,8323614420,Nagpur,Female,17,2023-12-14
6800,Priya Sharma,priya.sharma752@outlook.com,9712493619,Kanpur,Other,65,2022-04-20
6801,Meera Sharma,meera.sharma257@rediffmail.com,8817640038,Delhi,Male,67,2024-01-16
6802,Saanvi Joshi,saanvi.joshi480@outlook.com,8146805867,Surat,Other,52,2022-01-20
6803,Anjali Pillai,anjali.pillai813@rediffmail.com,98037607,Surat,Other,44,2024-12-10
6804,Vivaan Chopra,vivaan.chopra233@hotmail.com,+91-7792274210,Ahmedabad,Male,42,2019-01-07
6805,Aarav Joshi,aarav.joshi213@rediffmail.com,7822082113,Nashik,Male,25,2021-07-29
6806,Shreya Kumar,shreya.kumar395@hotmail.com,9713536426,Jaipur,Other,63,2023-12-13
6807,Vihaan Iyer,vihaan.iyer856@gmail.com,9833373623,Pune,Other,36,2019-04-27
6808,Deepak Mehta,deepak.mehta497@rediffmail.com,7622471347,Hyderabad,Male,70,2021-01-23
6809,Anjali Kumar,anjali.kumar444@yahoo.com,8289999383,Patna,Other,16,2020-01-12
6810,Suresh Kapoor,suresh.kapoor892@outlook.com,9792306207,Pune,Male,16,2019-11-13
6811,Vihaan Sharma,vihaan.sharma536@rediffmail.com,7182437530,Ahmedabad,Male,60,2021-04-29
6812,Vivaan Verma,vivaan.verma474@rediffmail.com,9129045325,Bhopal,Other,17,2023-10-26
6813,Vihaan Nair,vihaan.nair650@yahoo.com,7632055286,Nashik,Male,45,2019-09-08
6814,Rahul Reddy,rahul.reddy940@hotmail.com,8780183387,Patna,Female,22,2020-09-21
6815,Riya Iyer,riya.iyer583@hotmail.com,9798677528,Ahmedabad,Male,37,2020-12-24
6816,Priya Joshi,priya.joshi403@gmail.com,8849422949,Pune,Other,28,2021-03-31
6817,Sneha Nair,sneha.nair100@gmail.com,7528521395,Chennai,Male,52,2021-01-25
6818,Ananya Sharma,ananya.sharma547@outlook.com,7027750,Hyderabad,Male,55,2024-05-06
6819,Kritika Joshi,kritika.joshi560@outlook.com,9195561156,Bengaluru,Other,28,2022-05-07
6820,Aarav Rao,aarav.rao255@outlook.com,7928903202,Kanpur,Female,29,2024-07-17
6820,Aarav Rao,aarav.rao255@outlook.com,7928903202,Kanpur,Female,29,2024-07-17
6821,,arjun.rao507@outlook.com,9653820486,PUNE,Female,160,2022-05-19
6822,Riya Gupta,riya.gupta384@hotmail.com,9536136737,Mumbai,Male,42,2019-10-03
6823,Amit Desai,amit.desai843@gmail.com,7445173600,Bengaluru,Female,68,2023-10-12
6824,Sai Bhatt,sai.bhatt112@gmail.com,8937441245,Mumbai,Female,18,2020-05-29
6825,Pooja Joshi,pooja.joshi914@outlook.com,9477663977,Kanpur,Female,34,2023-05-17
6826,Reyansh Reddy,reyansh.reddy193@outlook.com,7151277923,Jaipur,Female,42,2024-03-24
6827,Kavya Patel,kavya.patel813@rediffmail.com,8695658756,Nagpur,Female,43,2021-04-06
6828,Vihaan Chopra,vihaan.chopra724@outlook.com,8136692935,Bhopal,Male,35,2024-01-08
6829,Shreya Sharma,shreya.sharma275@rediffmail.com,8118889784,Vadodara,Other,33,2024-10-22
6830,Anjali Joshi,anjali.joshi170@yahoo.com,8723750430,Delhi,Female,43,2023-12-02
6831,Amit Agarwal,amit.agarwal624@yahoo.com,9338533699,Hyderabad,Other,62,2019-09-27
6832,Rahul Rao,rahul.rao126@yahoo.com,9192962750,Mumbai,Female,58,2019-09-05
6833,Sneha Bhatt,sneha.bhatt812yahoo.com,8968853310,Kanpur,Other,18,2021-06-01
6834,Rahul Bhatt,rahul.bhatt614@gmail.com,8962413662,Agra,Female,22,2019-11-21
6835,Diya Joshi,diya.joshi635@yahoo.com,7228623881,Ahmedabad,Other,28,2020-01-04
6836,Anika Nair,anika.nair936@hotmail.com,8554791702,Nashik,Female,43,2019-07-12
6837,Riya Sharma,riya.sharma94@yahoo.com,7696847701,Kolkata,Other,52,2022-07-24
6838,Meera Mehta,meera.mehta573@outlook.com,8356676939,Patna,Male,55,2020-03-18
6839,Ishaan Verma,ishaan.verma362hotmail.com,73891801,Surat,Other,34,2020-12-02
6840,Suresh Desai,suresh.desai193@gmail.com,9085326337,Ahmedabad,Other,31,2021-09-06
6841,Ananya Malhotra,ananya.malhotra750outlook.com,9430047324,Agra,Female,17,2023-07-03
6842,Rohan Sharma,rohan.sharma883@yahoo.com,9505535670,Pune,Male,54,2019-12-04
6843,Suresh Iyer,suresh.iyer561@gmail.com,9066027231,Ahmedabad,Female,26,2023-06-19
6844,Sunita Reddy,sunita.reddy54@hotmail.com,7149698535,Lucknow,Male,22,2020-01-29
6845,Aadhya Singh,aadhya.singh976@gmail.com,7702576078,Bengaluru,Other,53,2024-08-29
6846,Myra Desai,myra.desai989@yahoo.com,7338500337,Pune,Male,16,2024-09-14
6847,Diya Patel,diya.patel717@rediffmail.com,7684346598,Agra,Female,57,2022-02-08
6848,Manish Chopra,manish.chopra858@gmail.com,8793404321,Lucknow,Male,30,2022-06-24
6849,Kavya Singh,kavya.singh14@outlook.com,8579909470,Ludhiana,Female,52,2024-07-01
6850,Priya Pillai,priya.pillai33@outlook.com,7676638309,Nashik,Male,61,2023-02-12
6851,Shreya Agarwal,shreya.agarwal347@gmail.com,7570780604,Agra,Other,44,2020-12-08
6852,Karan Chopra,karan.chopra876@gmail.com,8877127508,Indore,Female,16,2023-05-31
6853,Kavya Nair,kavya.nair593@gmail.com,7997188099,Indore,Male,70,2020-03-20
6854,Arjun Bansal,arjun.bansal517@outlook.com,9461502807,Lucknow,Other,37,2023-08-30
6855,Karan Gupta,karan.gupta674@yahoo.com,9184965476,Agra,Female,27,2020-08-31
6856,,rohan.chopra358@rediffmail.com,8959234076,nashik,Other,159,2023-08-26
6857,Manish Bansal,manish.bansal396@gmail.com,9994080883,Surat,Female,42,2022-07-30
6857,Manish Bansal,manish.bansal396@gmail.com,9994080883,Surat,Female,42,2022-07-30
6858,,shreya.sharma104@outlook.com,7370892690,Delhi  ,Female,140,2024-12-17
6859,Kavya Bansal,kavya.bansal911@rediffmail.com,9503986862,Kolkata,Male,28,2021-04-17
6860,Sneha Mehta,sneha.mehta321@yahoo.com,7382506953,Delhi,Other,37,2021-01-20
6861,Ramesh Patel,ramesh.patel764@yahoo.com,7110858113,Vadodara,Female,62,2022-10-20
6862,Saanvi Verma,saanvi.verma730@hotmail.com,8437741331,Jaipur,Male,48,2021-11-03
6863,Sneha Singh,sneha.singh447@rediffmail.com,9925745160,Lucknow,Other,67,2022-11-07
6864,Neha Nair,neha.nair929@gmail.com,8376974698,Nagpur,Male,41,2022-01-26
6865,Rahul Sharma,rahul.sharma452@yahoo.com,9998813114,Vadodara,Male,65,2022-01-23
6866,Pari Agarwal,pari.agarwal490@yahoo.com,8834367934,Chennai,Other,16,2019-03-27
6867,Kavya Joshi,kavya.joshi272@outlook,91313544,Vadodara,Male,26,2022-09-15
6868,Aadhya Gupta,aadhya.gupta569@yahoo.com,9460956632,Surat,Other,54,2019-09-17
6869,Aditya Bansal,aditya.bansal14@gmail.com,7663601720,Bhopal,Male,29,2023-09-26
6870,Kavya Chopra,kavya.chopra218@yahoo.com,7954231690,Ludhiana,Female,55,2020-07-27
6871,Rohan Mehta,rohan.mehta65@rediffmail.com,7404240048,Indore,Female,29,2021-01-31
6872,Ananya Bansal,ananya.bansal538@outlook.com,9440701306,Chennai,Other,29,2021-01-14
6873,Meera Desai,meera.desai523@hotmail.com,+91-7960900475,Nagpur,Other,23,2021-05-25
6874,Myra Bansal,myra.bansal592@rediffmail.com,+91-7817982624,Nashik,Female,55,2023-07-21
6875,Pari Kumar,pari.kumar935@hotmail.com,8729540466,Jaipur,Male,20,2019-03-19
6876,Rohan Kapoor,rohan.kapoor128@outlook.com,9892385745,Bhopal,Other,32,2019-01-25
6877,Karan Agarwal,karan.agarwal650@hotmail,8589501952,Mumbai,Female,40,2020-07-07
6878,Sanjay Verma,sanjay.verma113hotmail.com,9126220017,Surat,Other,63,2023-12-14
6879,Vivaan Desai,vivaan.desai484@outlook.com,9224493281,Jaipur,Female,64,2024-03-13
6880,Priya Verma,priya.verma129@outlook.com,8814458250,Agra,Male,65,2021-05-12
6881,Meera Sharma,meera.sharma564@rediffmail.com,9107047256,Bengaluru,Male,68,2024-06-08
6882,Ramesh Desai,ramesh.desai609@gmail.com,7258558440,Indore,Female,53,2019-12-04
6883,Aditya Iyer,aditya.iyer252@yahoo.com,9420867742,Indore,Female,43,2023-06-29
6884,Shreya Reddy,shreya.reddy817@hotmail.com,8958974392,Nagpur,Female,37,2022-10-08
6884,Shreya Reddy,shreya.reddy817@hotmail.com,8958974392,Nagpur,Female,37,2022-10-08
6885,,sanjay.bhatt747@outlook.com,7745100929, Delhi ,Other,144,2020-03-19
6886,Sai Reddy,sai.reddy866@outlook.com,9446951501,Patna,Male,59,2023-11-01
6887,Kritika Kapoor,kritika.kapoor256@outlook.com,7431202046,Bengaluru,Male,27,2024-08-09
6888,Ishaan Gupta,ishaan.gupta567@outlook.com,7526381342,Kolkata,Other,29,2020-05-01
6889,Suresh Pillai,suresh.pillai159@rediffmail.com,7496714985,Bhopal,Male,16,2020-04-06
6890,Vihaan Agarwal,vihaan.agarwal232@rediffmail.com,9628911365,Nashik,Male,28,2020-03-22
6891,Diya Sharma,diya.sharma606@yahoo.com,7131684239,Bhopal,Other,35,2021-01-24
6892,Aarav Kumar,aarav.kumar841@rediffmail.com,8803440392,Hyderabad,Female,43,2023-04-22
6893,Suresh Kapoor,suresh.kapoor794@yahoo.com,9008209873,Surat,Male,68,2019-09-28
6894,Pari Bansal,pari.bansal90@outlook.com,9179866800,Delhi,Female,67,2023-04-19
6895,Vihaan Gupta,vihaan.gupta974@yahoo.com,8593741103,Kolkata,Male,37,2021-06-01
6896,Saanvi Bhatt,saanvi.bhatt184@gmail.com,9191614611,Kanpur,Female,43,2022-08-20
6897,Priya Agarwal,priya.agarwal516@yahoo.com,8732938710,Kolkata,Other,44,2022-04-16
6898,Suresh Pillai,suresh.pillai391@hotmail.com,7239947580,Kolkata,Male,22,2023-02-16
6899,Saanvi Bhatt,saanvi.bhatt621@gmail.com,9240416401,Patna,Male,66,2024-09-01
6900,Reyansh Nair,reyansh.nair871@yahoo.com,7103912962,Ludhiana,Male,18,2022-11-06
6901,Isha Patel,isha.patel37@hotmail.com,9128715125,Jaipur,Female,26,2024-05-08
6902,Nikhil Rao,nikhil.rao49@rediffmail,7795859704,Hyderabad,Female,67,2020-08-18
6903,Rohan Rao,rohan.rao623@hotmail.com,9466141796,Patna,Female,23,2024-05-27
6904,Riya Bhatt,riya.bhatt364@yahoo.com,8877188524,Indore,Female,54,2023-12-30
6905,Vivaan Mehta,vivaan.mehta985@gmail.com,+91-7987054838,Nagpur,Male,38,2019-05-04
6906,Vihaan Pillai,vihaan.pillai664@hotmail.com,9283337731,Kolkata,Female,33,2023-11-26
6907,Pari Mehta,pari.mehta378@hotmail.com,9222582684,Mumbai,Male,38,2023-09-02
6908,Karan Bhatt,karan.bhatt461@outlook.com,8354671028,Vadodara,Other,31,2019-07-29
6909,Manish Joshi,manish.joshi139@outlook.com,8650717624,Delhi,Female,28,2022-09-11
6910,Ishaan Chopra,ishaan.chopra306@hotmail.com,8692746461,Delhi,Female,70,2020-07-18
6911,Sai Kumar,sai.kumar96@yahoo.com,9851910775,Kolkata,Male,68,2019-12-08
6912,Saanvi Sharma,saanvi.sharma821@hotmail.com,+91-8023023867,Hyderabad,Female,56,2023-11-09
6913,Anika Mehta,anika.mehta543@hotmail.com,7541828586,Nashik,Other,37,2023-06-09
6914,Vihaan Pillai,vihaan.pillai667@hotmail.com,7069461764,Nagpur,Other,49,2024-08-03
6915,Reyansh Mehta,reyansh.mehta500@hotmail.com,9780493824,Indore,Male,68,2020-03-28
6916,Arjun Pillai,arjun.pillai784@outlook.com,7937692411,Ludhiana,Other,18,2021-05-22
6917,Kritika Reddy,kritika.reddy83@hotmail.com,7808248985,Patna,Female,50,2021-04-11
6918,Karan Malhotra,karan.malhotra913@hotmail.com,8727062958,Bhopal,Male,66,2020-04-08
6919,Manish Desai,manish.desai515@gmail.com,9248201073,Vadodara,Male,51,2024-03-18
6920,Priya Patel,priya.patel883@hotmail.com,7897836289,Lucknow,Female,66,2022-11-21
6921,Arjun Kumar,arjun.kumar569@yahoo.com,7457154150,Agra,Male,27,2023-11-02
6922,Ramesh Agarwal,ramesh.agarwal408rediffmail.com,9946433569,Hyderabad,Female,42,2021-12-09
6922,Ramesh Agarwal,ramesh.agarwal408rediffmail.com,9946433569,Hyderabad,Female,42,2021-12-09
6923,,vihaan.gupta756@hotmail.com,9924662177,jaipur,Male,120,2022-04-28
6924,Diya Kapoor,diya.kapoor869@rediffmail.com,9765551215,Lucknow,Male,30,2019-01-12
6925,Ananya Joshi,ananya.joshi97@gmail.com,9032707752,Patna,Female,58,2019-09-05
6926,Divya Bansal,divya.bansal766@outlook.com,8527892062,Kanpur,Female,38,2021-05-18
6927,Anika Desai,anika.desai23@outlook.com,7038863585,Lucknow,Female,26,2021-01-13
6928,Ananya Kapoor,ananya.kapoor679@hotmail.com,+91-9892665375,Hyderabad,Female,37,2020-01-29
6929,Sai Nair,sai.nair615@outlook.com,8342999,Hyderabad,Other,16,2023-07-05
6930,Priya Sharma,priya.sharma936@yahoo.com,9272414,Hyderabad,Female,61,2023-03-12
6931,Aarav Kumar,aarav.kumar960@hotmail.com,8860451859,Jaipur,Other,26,2021-11-11
6932,Sunita Kumar,sunita.kumar178@outlook,7778703995,Mumbai,Other,50,2023-10-03
6933,Vihaan Kapoor,vihaan.kapoor84@yahoo.com,7471583873,Hyderabad,Other,17,2023-06-26
6934,Nikhil Malhotra,nikhil.malhotra959@gmail.com,9668026735,Ludhiana,Other,63,2023-10-15
6935,Aarav Desai,aarav.desai935@rediffmail.com,7996958049,Vadodara,Other,49,2022-05-13
6936,Ananya Sharma,ananya.sharma531@rediffmail.com,8759672252,Agra,Other,31,2022-01-14
6937,Divya Joshi,divya.joshi751@yahoo.com,8087398398,Surat,Other,32,2019-04-22
6938,Divya Rao,divya.rao466@hotmail.com,7081538285,Nagpur,Female,45,2024-05-17
6939,Isha Desai,isha.desai953@rediffmail.com,8320303518,Ludhiana,Other,64,2024-02-21
6940,Pari Kapoor,pari.kapoor990@hotmail,8840305754,Jaipur,Female,19,2021-12-08
6941,Rahul Kapoor,rahul.kapoor948@gmail.com,7585494378,Bhopal,Male,21,2023-07-23
6942,Vivaan Gupta,vivaan.gupta168@rediffmail.com,9657929457,Bengaluru,Male,52,2019-07-19
6943,Deepak Joshi,deepak.joshi369@hotmail.com,8163455799,Delhi,Male,55,2022-01-16
6944,Pari Kumar,pari.kumar539@hotmail.com,9545736142,Bengaluru,Female,64,2019-10-07
6945,Rahul Mehta,rahul.mehta438@yahoo.com,7504580445,Jaipur,Other,19,2019-06-07
6946,Divya Gupta,divya.gupta630@rediffmail.com,8119628383,Bhopal,Male,22,2019-01-17
6947,Deepak Iyer,deepak.iyer252@gmail.com,9516584687,Kanpur,Male,43,2021-04-22
6948,Ishaan Bhatt,ishaan.bhatt209@rediffmail.com,7669124043,Indore,Other,37,2021-11-04
6949,Karan Joshi,karan.joshi911@yahoo,7136799649,Kanpur,Male,32,2023-06-06
6950,Kritika Gupta,kritika.gupta568@gmail.com,7865631046,Patna,Other,38,2022-10-23
6951,Sunita Malhotra,sunita.malhotra989@outlook.com,7271044526,Ahmedabad,Male,17,2020-07-05
6952,Divya Malhotra,divya.malhotra189@yahoo.com,9730563959,Chennai,Other,20,2020-06-16
6953,Sai Pillai,sai.pillai7@outlook.com,7028099531,Vadodara,Other,55,2020-09-08
6954,Sunita Patel,sunita.patel974@hotmail.com,7047014208,Agra,Female,37,2023-06-02
6955,Sunita Rao,sunita.rao325@gmail.com,9555750890,Kanpur,Other,26,2024-06-15
6956,Aarav Nair,aarav.nair454@yahoo.com,7963466217,Bengaluru,Other,37,2024-06-17
6957,Rohan Bhatt,rohan.bhatt348@gmail.com,9821379442,Nashik,Other,28,2023-09-21
6958,Saanvi Sharma,saanvi.sharma822@yahoo.com,7009426277,Indore,Other,39,2019-07-31
6959,Diya Malhotra,diya.malhotra913@hotmail.com,8637981479,Agra,Male,44,2022-06-02
6960,Sai Nair,sai.nair648@gmail.com,+91-8572557257,Delhi,Male,67,2023-12-14
6961,Krishna Bansal,krishna.bansal501@rediffmail.com,8062392853,Surat,Female,22,2022-04-04
6962,Pari Chopra,pari.chopra618@rediffmail,739561623,Ahmedabad,Male,34,2019-08-17
6963,Ishaan Reddy,ishaan.reddy869@gmail.com,9570318030,Vadodara,Female,68,2021-12-26
6964,Amit Agarwal,amit.agarwal581@outlook.com,7737068339,Jaipur,Other,50,2023-07-25
6965,Kavya Gupta,kavya.gupta846@gmail.com,8067801957,Lucknow,Female,63,2023-10-23
6966,Deepak Joshi,deepak.joshi934@outlook.com,7086823263,Lucknow,Other,39,2022-12-29
6967,Arjun Rao,arjun.rao523@rediffmail.com,7548243284,Agra,Female,28,2019-04-07
6968,Isha Agarwal,isha.agarwal69@outlook.com,8979793068,Mumbai,Male,45,2021-06-09
6969,Neha Bhatt,neha.bhatt90@gmail.com,7195998757,Bhopal,Female,58,2022-04-20
6970,Aadhya Desai,aadhya.desai317@hotmail.com,7613007631,Ahmedabad,Female,62,2021-02-04
6971,Aditya Joshi,aditya.joshi568@rediffmail.com,9265357710,Ludhiana,Male,27,2019-05-06
6972,Anika Gupta,anika.gupta713@rediffmail.com,9299533013,Indore,Male,60,2019-04-12
6973,Vivaan Gupta,vivaan.gupta497@yahoo.com,8031080084,Agra,Female,27,2019-07-02
6974,Neha Pillai,neha.pillai412@gmail.com,7599566855,Nagpur,Other,31,2023-08-25
6975,Shreya Pillai,shreya.pillai625@rediffmail.com,738021745,Nagpur,Female,36,2022-11-06
6976,Meera Joshi,meera.joshi529@outlook.com,8493054665,Nashik,Female,64,2020-07-14
6977,Meera Kapoor,meera.kapoor777@hotmail.com,7780784469,Patna,Female,26,2020-04-29
6978,Ayaan Sharma,ayaan.sharma175@yahoo.com,8851636339,Mumbai,Male,25,2024-03-04
6979,Priya Iyer,priya.iyer536@rediffmail.com,7223331959,Surat,Female,55,2022-12-23
6980,Krishna Mehta,krishna.mehta12@yahoo.com,+91-8425835786,Mumbai,Female,22,2023-11-07
6981,Anjali Kapoor,anjali.kapoor716@gmail.com,9928464,Pune,Female,65,2021-08-16
6982,Myra Kapoor,myra.kapoor72@yahoo.com,8486909134,Bengaluru,Other,49,2020-09-24
6983,Priya Nair,priya.nair473@hotmail.com,7599260140,Vadodara,Female,16,2024-07-17
6984,Sai Bhatt,sai.bhatt332@yahoo.com,9353747365,Lucknow,Other,27,2019-12-22
6985,Priya Desai,priya.desai280@yahoo.com,7747436525,Nagpur,Other,53,2022-07-14
6986,Aditya Rao,aditya.rao402@outlook.com,7843360278,Vadodara,Other,16,2024-07-24
6987,Manish Singh,manish.singh133@rediffmail,7540000273,Mumbai,Male,53,2020-06-19
6988,Suresh Gupta,suresh.gupta837@yahoo.com,9945032793,Delhi,Other,18,2022-03-21
6989,Sanjay Mehta,sanjay.mehta687@outlook.com,+91-8943871010,Kanpur,Other,29,2019-03-11
6990,Rahul Gupta,rahul.gupta198@outlook.com,9214777938,Mumbai,Female,63,2022-03-18
6991,Kavya Kapoor,kavya.kapoor125@rediffmail.com,7048869238,Kolkata,Other,41,2024-12-27
6992,Amit Iyer,amit.iyer970gmail.com,+91-7819606294,Lucknow,Other,62,2024-02-18
6993,Pooja Joshi,pooja.joshi283@rediffmail.com,9008767798,Agra,Other,18,2021-10-08
6994,Shreya Joshi,shreya.joshi735@rediffmail.com,8071418378,Ahmedabad,Male,54,2024-01-10
6995,Krishna Desai,krishna.desai545@outlook.com,7952961353,Hyderabad,Other,62,2021-09-25
6996,Sai Chopra,sai.chopra24@yahoo.com,+91-8557674713,Kolkata,Female,62,2021-10-22
6997,Anika Nair,anika.nair501@outlook.com,7317192198,Bhopal,Other,23,2022-03-28
6998,Ramesh Joshi,ramesh.joshi597@yahoo.com,8244918911,Hyderabad,Other,37,2020-10-29
6999,Aadhya Verma,aadhya.verma636@outlook.com,7439858578,Kolkata,Female,46,2022-06-29
7000,Divya Verma,divya.verma536@outlook.com,9130627393,Hyderabad,Male,17,2019-01-22
