feedback_id,customer_id,order_id,branch_id,rating,feedback_category,feedback_date,comment_length_words
1,4600,30798,10,2,Cleanliness,2024-03-01,31
2,3634,13390,20,4,Service,2024-05-16,31
3,580,2432,16,4,Service,2024-12-02,12
4,1188,2950,20,2,Cleanliness,2024-01-09,30
5,5815,24581,22,4,Ambience,2024-02-18,25
6,5159,5524,20,2,Delivery Time,2024-12-21,38
7,4625,18463,12,4,Value for Money,2023-07-02,37
8,5719,6696,9,4,Ambience,2023-02-03,22
9,902,11356,19,4,Value for Money,2023-08-22,8
10,5571,26252,17,4,Value for Money,2024-01-11,34
11,3786,20129,22,5,Cleanliness,2024-05-06,0
12,1689,2549,13,3,Value for Money,2023-09-20,6
13,99999,999999,999,6,Food Quality,2023-04-13,27
14,2209,30730,23,3,Value for Money,2024-06-10,32
15,526,28078,11,5,Service,2023-08-05,4
16,5009,4333,26,5,Food Quality,2023-03-09,27
17,299,28740,17,4,Value for Money,2023-07-06,14
18,6094,2189,26,4,Ambience,2023-07-17,22
19,5670,31253,10,4,Cleanliness,2023-11-14,28
20,6457,3088,7,5,Cleanliness,2023-07-02,
21,5142,9717,23,4,Service,2023-08-21,23
22,756,15393,12,3,Value for Money,2024-03-03,9
23,1850,4860,20,5,Value for Money,2024-08-27,33
24,4463,5159,1,5,Service,2024-06-22,16
25,6635,15522,27,4,Value for Money,2023-06-26,37
26,3810,19754,22,4,Delivery Time,2023-11-27,20
27,3246,16333,25,4,Service,2024-07-12,21
28,5580,13955,10,5,Ambience,2024-08-17,2
29,99999,999999,999,10,Food Quality,2023-01-02,18
30,6777,31227,18,4,Food Quality,2024-04-29,32
31,93,10895,22,2,Value for Money,2024-02-13,16
32,2219,25761,17,3,Cleanliness,2023-08-27,21
33,4808,18284,5,2,Ambience,2024-05-30,35
34,6190,17649,21,3,Value for Money,2023-11-19,7
35,5321,23644,4,5,Cleanliness,2024-05-27,23
36,4497,14197,20,1,Value for Money,2024-08-08,27
37,3365,10640,4,3,Cleanliness,2023-01-15,29
38,5982,735,5,3,Delivery Time,2024-03-27,24
39,6988,22060,1,1,Ambience,2024-03-30,9
40,99999,999999,999,8,Delivery Time,2024-08-31,1
41,6274,20483,21,4,Food Quality,2024-12-24,38
42,3227,2482,8,8,Cleanliness,2023-07-07,
43,3163,29350,9,4,Ambience,2024-05-01,30
44,1849,4179,26,4,Food Quality,2023-06-26,35
45,3361,12341,23,4,Cleanliness,2024-04-04,26
46,5112,24273,20,2,Delivery Time,2024-03-30,8
47,2304,26528,11,2,Cleanliness,2024-07-04,31
48,5050,15600,14,4,Value for Money,2024-04-23,29
49,4633,569,16,1,Food Quality,2024-11-21,34
50,1965,17267,5,3,Delivery Time,2023-04-27,26
51,407,2066,21,4,Cleanliness,2023-12-25,39
52,884,19645,26,2,Food Quality,2023-04-18,3
53,6450,8870,27,5,Value for Money,2023-12-15,39
54,1144,20220,18,3,Ambience,2024-02-11,32
55,4864,733,17,5,Cleanliness,2023-12-21,7
56,6301,23224,15,3,Value for Money,2023-10-23,17
57,4399,18364,23,2,Value for Money,2024-04-12,21
58,5930,12272,3,5,Cleanliness,2023-02-01,24
59,940,13554,14,4,Cleanliness,2023-06-30,8
60,5402,15796,17,5,Value for Money,2024-11-11,12
61,3534,14545,17,5,Service,2024-04-16,36
62,6481,8702,1,3,Delivery Time,2023-03-29,20
63,5766,14875,28,3,Service,2024-05-19,17
64,2393,25310,11,3,Ambience,2024-08-05,28
65,5895,22273,4,4,Food Quality,2023-06-13,13
66,5124,7944,12,2,Ambience,2024-03-17,22
67,6896,24221,7,3,Delivery Time,2023-11-25,16
68,978,26672,23,5,Service,2023-08-22,8
69,1028,15707,11,5,Food Quality,2024-02-21,39
70,2358,4950,2,3,Delivery Time,2024-04-25,36
71,939,15163,23,4,Food Quality,2024-11-21,0
72,1660,6307,17,4,Food Quality,2024-12-18,30
73,2451,16636,2,3,Service,2023-01-01,22
74,2896,23592,16,5,Ambience,2024-12-12,19
75,4746,18248,28,4,Food Quality,2023-08-24,21
76,2164,28675,17,3,Service,2024-02-20,3
77,3010,24716,13,5,Food Quality,2024-03-14,9
78,4249,19896,28,3,Ambience,2023-12-31,37
79,5061,28792,12,5,Service,2023-06-01,17
80,3633,24143,3,4,Food Quality,2024-10-17,32
81,6539,11138,7,5,Food Quality,2024-06-23,11
82,216,3698,23,4,Food Quality,2023-02-16,2
83,3882,8509,10,4,Ambience,2024-04-27,28
84,656,8573,25,4,Value for Money,2023-12-21,40
85,1687,18509,10,4,Value for Money,2024-11-08,5
86,1112,7276,1,5,Delivery Time,2023-06-24,25
87,652,4305,21,4,Service,2023-06-20,40
88,1713,21988,21,4,Cleanliness,2024-11-26,32
89,856,1482,26,5,Cleanliness,2023-11-09,19
90,6556,22414,26,4,Delivery Time,2024-04-20,31
91,1244,19203,18,4,Delivery Time,2024-05-29,11
92,354,2646,19,4,Cleanliness,2023-09-02,25
93,6021,11597,26,4,Ambience,2023-04-18,14
94,5017,16146,14,1,Service,2023-03-18,11
95,3334,19280,9,1,Cleanliness,2024-07-02,38
96,1142,23363,14,5,Food Quality,2023-08-31,8
97,6630,27645,18,4,Ambience,2024-12-12,36
98,6751,28486,17,2,Delivery Time,2023-10-31,5
99,2439,15745,5,5,Delivery Time,2024-07-03,19
100,3734,3146,14,4,Value for Money,2023-10-08,12
101,755,3440,28,3,Cleanliness,2024-11-17,18
102,1285,18030,26,3,Value for Money,2024-03-24,0
103,2674,1664,13,4,Cleanliness,2023-10-15,0
104,3306,15417,13,4,Cleanliness,2023-09-17,7
105,6723,28964,5,5,Ambience,2023-07-17,40
106,3759,943,23,5,Cleanliness,2024-10-14,29
107,6179,20697,4,3,Ambience,2024-03-25,9
108,4800,11752,11,1,Food Quality,2023-09-03,7
109,1552,30758,2,4,Cleanliness,2023-07-04,2
110,2679,14476,15,5,Ambience,2024-02-04,19
111,4417,3171,17,4,Food Quality,2024-06-03,40
112,722,30911,19,4,Value for Money,2023-01-01,32
113,2422,21188,4,2,Delivery Time,2023-12-16,20
114,3593,16124,26,5,Cleanliness,2024-10-18,32
115,2219,19262,16,5,Cleanliness,2023-06-01,13
116,5104,25669,19,2,Cleanliness,2023-02-12,27
117,475,32,17,4,Food Quality,2023-07-26,35
118,4214,28527,11,2,Value for Money,2023-01-18,33
119,5845,16557,20,5,Delivery Time,2023-10-20,37
120,3089,9771,9,8,Ambience,2024-01-19,21
121,3549,11692,7,3,Service,2024-04-08,35
122,4657,23523,5,5,Food Quality,2024-02-02,7
123,2715,25338,7,4,Food Quality,2024-10-01,30
124,2985,26921,24,4,Food Quality,2024-05-08,14
125,2212,14799,11,5,Service,2024-06-23,14
126,5851,9332,15,5,Delivery Time,2023-04-07,5
127,2779,20586,24,4,Food Quality,2024-09-24,3
128,6559,13048,12,4,Value for Money,2023-01-23,1
129,3978,26191,8,5,Delivery Time,2024-09-06,30
130,663,16053,17,5,Cleanliness,2024-09-27,9
131,889,10023,7,4,Service,2023-10-14,23
132,5466,3860,14,2,Value for Money,2024-09-27,25
133,2928,20269,25,4,Cleanliness,2024-11-21,25
134,3383,28094,28,3,Service,2024-11-03,12
135,5650,4346,8,2,Ambience,2023-05-27,17
136,4628,29347,20,5,Value for Money,2023-08-10,17
137,2223,18399,12,4,Delivery Time,2023-05-16,13
138,2003,19105,6,5,Delivery Time,2024-05-08,21
139,6362,23502,6,5,Service,2023-02-03,40
140,6993,4775,21,5,Service,2023-06-15,27
141,3622,6861,13,4,Ambience,2023-01-31,19
142,362,14358,17,4,Value for Money,2024-10-22,14
143,4490,7034,6,2,Delivery Time,2023-09-15,13
144,4368,6091,18,4,Value for Money,2024-05-13,3
145,1149,28991,18,2,Delivery Time,2023-09-21,35
146,5632,4118,24,1,Cleanliness,2024-05-24,27
147,839,2541,9,5,Ambience,2023-08-23,32
148,1167,27784,11,4,Delivery Time,2024-10-19,25
149,6102,21143,2,3,Food Quality,2023-08-19,7
150,4685,24477,15,2,Delivery Time,2024-05-14,2
151,99999,999999,999,7,Cleanliness,2023-10-31,
152,2752,7786,8,5,Cleanliness,2023-11-20,27
153,2336,27281,4,4,Cleanliness,2024-04-27,27
154,2920,28117,17,4,Value for Money,2024-05-06,22
155,2960,25769,17,5,Delivery Time,2023-04-27,32
156,962,23871,26,5,Value for Money,2023-10-23,29
157,2791,21940,9,4,Service,2024-05-05,19
158,1776,750,24,5,Ambience,2024-05-16,36
159,3197,25305,20,2,Service,2023-09-05,0
160,2967,28034,16,4,Value for Money,2023-11-14,33
161,4629,726,20,5,Value for Money,2024-12-16,32
162,1981,8134,28,5,Ambience,2024-03-08,27
163,925,13233,15,4,Value for Money,2023-10-06,0
164,5117,16610,27,4,Cleanliness,2023-07-13,7
165,4858,25612,27,4,Food Quality,2023-08-28,36
166,5466,491,4,3,Ambience,2023-12-28,4
167,3433,4280,3,4,Value for Money,2023-05-09,13
168,4151,10999,16,4,Cleanliness,2023-04-26,
169,5697,30521,26,5,Service,2024-11-04,18
170,1461,28086,19,1,Ambience,2024-01-26,2
171,1684,23309,20,5,Service,2024-09-23,5
172,5112,17756,25,4,Service,2023-11-21,22
173,3588,11651,1,4,Ambience,2024-09-10,26
174,6490,10942,23,5,Service,2023-04-02,1
175,1376,31933,19,1,Food Quality,2023-04-04,23
176,2037,23846,4,5,Food Quality,2023-01-18,26
177,208,11436,14,2,Delivery Time,2023-09-13,38
178,539,15038,24,5,Service,2024-04-02,8
179,2852,5967,8,3,Ambience,2023-11-02,26
180,51,10125,27,5,Cleanliness,2023-11-29,19
181,5677,21647,14,5,Value for Money,2023-06-01,31
182,5816,13018,11,4,Service,2023-04-05,21
183,1279,5483,25,1,Delivery Time,2024-04-27,0
184,4863,23351,1,3,Food Quality,2024-04-13,6
185,341,25749,28,4,Cleanliness,2024-01-09,6
186,3172,23340,28,5,Service,2024-03-17,18
187,99999,999999,999,8,Food Quality,2024-01-22,
188,6717,3407,12,4,Service,2023-04-10,38
189,6629,31942,24,5,Ambience,2024-08-17,2
190,5934,25613,7,4,Cleanliness,2023-03-17,
191,2701,16605,1,5,Service,2023-06-15,23
192,3592,15944,22,4,Delivery Time,2024-03-14,
193,64,5643,28,3,Ambience,2024-04-11,35
194,517,26166,8,4,Ambience,2024-03-17,5
195,3407,26302,9,1,Delivery Time,2023-01-12,18
196,1428,19785,21,4,Value for Money,2024-07-22,28
197,5917,12632,3,3,Cleanliness,2024-09-23,32
198,1899,11896,12,3,Ambience,2024-07-11,8
199,4316,23765,18,5,Service,2024-01-17,17
200,3060,21119,22,5,Cleanliness,2024-07-03,33
201,630,27137,26,3,Ambience,2024-06-29,16
202,1402,4321,1,4,Cleanliness,2023-07-25,35
203,4645,3162,21,5,Service,2024-04-25,26
204,241,28721,1,5,Value for Money,2024-01-17,0
205,6523,30081,8,4,Food Quality,2023-05-24,22
206,4287,1703,15,3,Service,2024-12-04,3
207,3224,1073,10,5,Service,2024-05-08,2
208,5643,8345,7,3,Cleanliness,2024-04-17,21
209,4106,6174,2,4,Delivery Time,2024-01-18,1
210,1038,20045,17,2,Cleanliness,2023-07-28,33
211,2723,22568,9,3,Ambience,2023-02-07,16
212,1881,4011,14,4,Service,2023-01-02,14
213,357,6061,27,3,Service,2024-06-15,39
214,1582,22573,22,3,Service,2023-09-07,14
215,2899,14531,26,5,Service,2023-02-01,21
216,4067,16776,9,1,Cleanliness,2024-04-18,
217,6130,838,7,4,Food Quality,2024-01-14,28
218,4364,25154,10,5,Service,2024-03-19,28
219,259,13345,15,4,Ambience,2024-12-30,30
220,3320,23264,12,4,Value for Money,2023-05-18,21
221,625,14694,12,4,Service,2024-03-13,30
222,99999,999999,999,7,Delivery Time,2023-03-22,17
223,1965,24517,5,2,Delivery Time,2024-02-09,10
224,67,24705,11,4,Food Quality,2024-05-25,8
225,5398,4212,2,4,Value for Money,2023-09-10,5
226,601,25384,19,5,Service,2023-05-17,4
227,1472,11034,14,4,Value for Money,2024-11-30,3
228,3994,24116,8,4,Service,2023-08-04,1
229,6563,23716,26,5,Delivery Time,2024-11-25,15
230,748,4009,27,5,Ambience,2024-02-07,20
231,4367,17188,16,2,Ambience,2024-12-07,38
232,6579,13368,18,5,Value for Money,2024-10-02,10
233,6028,7892,16,5,Ambience,2024-08-30,39
234,2286,16711,3,5,Value for Money,2023-10-17,0
235,935,10946,21,3,Service,2023-10-17,8
236,6116,7728,2,5,Ambience,2023-01-18,13
237,2927,5517,21,4,Ambience,2024-04-06,19
238,2565,11843,22,5,Cleanliness,2024-12-03,35
239,1541,25382,18,4,Cleanliness,2023-07-21,
240,1246,24116,23,4,Ambience,2023-06-12,26
241,6502,27709,21,5,Service,2023-12-29,30
242,3613,12997,25,5,Service,2023-05-24,0
243,613,29198,11,4,Food Quality,2024-11-27,17
244,2733,27539,22,5,Ambience,2024-02-03,5
245,115,30902,12,4,Value for Money,2023-06-06,0
246,2841,9206,27,3,Value for Money,2024-12-01,27
247,5536,165,20,2,Cleanliness,2024-07-29,26
248,4939,30397,19,4,Service,2024-07-02,21
249,5672,1495,16,5,Ambience,2024-07-04,13
250,2738,5484,4,4,Food Quality,2023-09-23,15
251,6226,3749,19,4,Ambience,2023-02-12,25
252,3451,650,1,5,Ambience,2024-06-18,15
253,2591,3182,5,4,Food Quality,2024-12-12,11
254,882,12835,15,4,Service,2024-10-08,20
255,1632,15815,28,3,Cleanliness,2024-12-24,28
256,1627,27334,10,3,Delivery Time,2023-12-01,21
257,4916,16960,15,4,Value for Money,2023-12-13,34
258,1264,7383,6,5,Cleanliness,2024-10-06,5
259,4560,18096,16,5,Value for Money,2024-01-28,
260,260,12489,6,4,Value for Money,2024-07-10,29
261,4710,19042,17,4,Value for Money,2023-06-01,1
262,1446,25913,7,4,Ambience,2023-02-23,34
263,1735,8118,20,3,Cleanliness,2024-04-21,16
264,4284,27217,8,3,Delivery Time,2024-07-17,5
265,4779,14550,8,5,Delivery Time,2024-05-01,18
266,1046,18382,7,4,Food Quality,2024-04-02,11
267,99999,999999,999,10,Food Quality,2023-03-21,25
268,99999,999999,999,8,Service,2023-09-30,33
269,1367,25999,16,5,Ambience,2023-11-28,39
270,3485,7937,3,5,Service,2023-11-17,36
271,6657,31371,22,5,Cleanliness,2023-10-30,26
272,6902,21455,20,4,Service,2024-07-05,16
273,5370,13708,8,2,Ambience,2023-02-21,27
274,2989,3237,27,5,Value for Money,2024-10-01,6
275,3726,24569,9,3,Value for Money,2024-06-06,35
276,2521,5435,24,4,Cleanliness,2023-10-07,24
277,5536,10251,26,4,Value for Money,2023-10-03,28
278,6308,13398,15,2,Value for Money,2024-02-09,5
279,4144,20890,21,5,Food Quality,2023-05-12,39
280,3196,3901,17,3,Value for Money,2023-07-15,33
281,2350,30837,1,5,Cleanliness,2023-07-25,13
282,6367,19744,26,5,Cleanliness,2023-04-25,37
283,5189,24065,26,5,Value for Money,2023-12-01,22
284,4215,30048,27,4,Service,2024-12-08,36
285,905,170,2,3,Cleanliness,2023-10-26,7
286,5263,28640,6,3,Food Quality,2023-10-15,32
287,4577,13593,9,3,Ambience,2023-03-12,33
288,2433,6473,1,9,Delivery Time,2024-12-18,18
289,4813,16362,24,4,Delivery Time,2024-03-13,31
290,5235,20484,20,4,Ambience,2023-03-03,20
291,2774,17623,26,3,Food Quality,2024-09-01,38
292,99999,999999,999,7,Food Quality,2023-04-17,30
293,1745,8539,14,5,Food Quality,2024-10-13,36
294,5655,21325,7,5,Food Quality,2024-11-15,9
295,99999,999999,999,6,Delivery Time,2023-07-24,17
296,3105,25153,4,5,Delivery Time,2023-02-16,5
297,99999,999999,999,8,Service,2024-10-07,8
298,2639,429,6,4,Delivery Time,2023-09-21,21
299,6868,1180,3,5,Cleanliness,2024-09-25,31
300,6348,22387,20,4,Cleanliness,2024-07-26,2
301,2570,28580,6,5,Food Quality,2024-09-09,15
302,5809,18822,26,1,Cleanliness,2024-09-11,15
303,229,29338,8,5,Food Quality,2024-03-07,33
304,4097,6541,28,5,Ambience,2023-01-09,4
305,4292,3384,26,3,Value for Money,2024-12-21,5
306,99999,999999,999,10,Service,2023-12-28,17
307,709,15277,11,3,Service,2023-10-21,26
308,1606,28727,15,4,Ambience,2023-12-29,35
309,553,7467,1,4,Delivery Time,2024-02-22,22
310,2004,11047,10,4,Value for Money,2024-09-21,14
311,3143,25145,25,3,Ambience,2023-05-15,3
312,3643,19998,5,4,Service,2023-03-31,14
313,3848,14540,22,4,Value for Money,2023-09-29,6
314,4001,23490,17,4,Ambience,2024-04-24,6
315,3740,2652,8,3,Cleanliness,2024-04-01,25
316,2873,22691,22,4,Value for Money,2023-02-11,24
317,2304,15391,8,5,Value for Money,2024-02-17,17
318,4645,26986,16,5,Food Quality,2024-11-27,0
319,4491,8177,16,5,Cleanliness,2024-07-26,5
320,5088,29834,7,4,Value for Money,2023-10-09,16
321,3382,8986,17,4,Ambience,2023-11-14,29
322,828,21482,18,5,Value for Money,2023-11-11,9
323,5134,14100,25,3,Cleanliness,2023-09-30,22
324,5873,24252,24,5,Service,2023-09-12,2
325,3450,25939,17,4,Ambience,2023-06-22,10
326,4546,30374,3,1,Delivery Time,2024-01-29,
327,435,6612,16,4,Food Quality,2023-05-29,6
328,5779,20296,28,4,Service,2023-11-03,32
329,4093,1569,18,5,Ambience,2024-03-26,24
330,4061,24765,12,4,Value for Money,2023-04-15,20
331,1570,14261,15,5,Service,2024-07-18,1
332,1924,18890,2,5,Food Quality,2023-02-01,16
333,5094,27674,26,4,Food Quality,2024-10-16,26
334,2369,14612,5,4,Cleanliness,2024-01-26,39
335,1536,23360,8,5,Delivery Time,2023-05-18,3
336,99999,999999,999,6,Food Quality,2024-01-11,13
337,524,2057,3,5,Ambience,2024-01-28,37
338,5723,25311,3,4,Service,2024-05-09,12
339,2581,7429,12,3,Service,2023-03-04,33
340,859,24691,16,2,Value for Money,2024-08-14,0
341,3782,24368,8,5,Ambience,2023-09-09,21
342,4564,17866,11,2,Value for Money,2024-11-17,21
343,2778,6149,23,4,Delivery Time,2024-05-28,40
344,1957,11978,8,2,Ambience,2024-01-30,
345,2045,31168,13,5,Value for Money,2023-11-07,17
346,6874,6307,21,5,Service,2023-03-04,24
347,2901,22622,4,3,Delivery Time,2023-10-31,21
348,3486,22702,5,4,Food Quality,2024-01-03,25
349,2820,26710,15,4,Delivery Time,2023-02-01,9
350,6126,28299,11,4,Service,2024-05-03,19
351,2732,16040,21,5,Cleanliness,2023-01-24,12
352,4669,10426,5,4,Value for Money,2023-08-10,34
353,1399,17449,27,4,Food Quality,2023-07-07,
354,6415,2881,25,3,Food Quality,2023-09-17,4
355,5960,25460,21,4,Service,2024-02-22,16
356,5976,11465,10,4,Food Quality,2023-03-18,31
357,6049,30250,15,5,Value for Money,2023-08-02,19
358,2876,22411,28,5,Cleanliness,2024-02-14,
359,5837,4268,14,5,Value for Money,2023-01-16,16
360,6063,23104,7,3,Food Quality,2024-07-01,36
361,4174,5689,15,5,Service,2023-04-16,21
362,5667,1857,16,5,Ambience,2024-07-24,26
363,4882,11482,19,4,Value for Money,2023-11-22,17
364,5596,23388,10,2,Cleanliness,2023-09-09,13
365,1023,17187,19,2,Cleanliness,2024-01-28,31
366,5247,604,14,4,Ambience,2023-12-30,37
367,2289,21954,16,5,Food Quality,2024-06-28,18
368,2121,15050,19,3,Food Quality,2023-08-12,16
369,627,13485,28,3,Ambience,2024-10-15,23
370,5685,10091,15,5,Delivery Time,2024-04-05,34
371,5994,5928,5,5,Value for Money,2024-05-25,35
372,4493,28529,8,4,Service,2024-01-01,0
373,2218,16549,9,4,Food Quality,2023-04-28,30
374,1553,13420,6,2,Value for Money,2024-02-01,30
375,5387,7692,15,5,Service,2023-05-02,36
376,5858,24890,26,5,Ambience,2024-08-21,20
377,1405,13590,23,4,Ambience,2024-10-12,30
378,3352,11694,12,3,Cleanliness,2024-04-10,4
379,1865,2762,3,3,Cleanliness,2024-05-27,33
380,1768,7353,26,5,Delivery Time,2024-11-21,17
381,2595,18634,11,1,Value for Money,2024-05-19,38
382,4462,9468,4,3,Food Quality,2024-02-27,12
383,1476,8183,20,3,Service,2024-02-02,15
384,6503,14965,12,5,Ambience,2024-02-18,18
385,5871,14206,10,4,Ambience,2023-08-22,20
386,3628,5983,27,4,Cleanliness,2023-03-07,23
387,5969,23413,20,5,Ambience,2023-12-17,32
388,1349,14946,18,1,Value for Money,2023-12-29,6
389,5375,27216,1,1,Ambience,2024-09-09,3
390,1673,18975,3,1,Food Quality,2024-03-10,23
391,3662,8985,5,5,Ambience,2024-04-04,38
392,2899,12825,7,5,Value for Money,2023-07-29,35
393,2715,1245,15,4,Food Quality,2024-10-23,22
394,5142,20502,12,4,Cleanliness,2023-02-08,39
395,5195,8602,21,4,Cleanliness,2024-02-16,16
396,1537,29731,4,3,Value for Money,2024-08-27,37
397,6355,5229,2,5,Delivery Time,2023-08-28,10
398,5803,26013,28,3,Delivery Time,2023-03-17,23
399,5463,18174,10,5,Service,2023-07-13,18
400,6209,29614,8,4,Service,2024-08-08,21
401,1972,28824,11,4,Cleanliness,2024-04-10,13
402,374,11628,21,5,Food Quality,2024-11-23,5
403,3310,22441,1,4,Food Quality,2023-04-12,30
404,5579,28091,25,3,Ambience,2024-04-10,
405,99999,999999,999,10,Service,2024-04-01,20
406,1673,22743,14,5,Delivery Time,2024-12-18,22
407,5121,14916,21,3,Value for Money,2023-03-05,9
408,4636,21222,12,5,Ambience,2023-12-06,15
409,6929,15527,9,4,Delivery Time,2023-09-13,17
410,6671,21811,25,3,Value for Money,2024-08-22,34
411,3890,3475,3,5,Cleanliness,2023-11-01,16
412,4970,3228,9,4,Food Quality,2023-11-06,5
413,2366,13572,27,3,Food Quality,2023-01-12,26
414,1842,17880,25,5,Service,2023-10-14,3
415,4303,1532,1,3,Cleanliness,2023-05-22,2
416,1880,28570,17,5,Ambience,2023-04-26,30
417,5539,31155,10,5,Service,2024-07-11,10
418,1027,17190,22,5,Value for Money,2023-11-12,8
419,1209,13300,24,5,Food Quality,2023-10-11,7
420,2304,14949,8,5,Cleanliness,2024-04-13,40
421,2419,17954,4,5,Value for Money,2023-01-12,5
422,4432,22657,19,2,Delivery Time,2023-10-20,13
423,3137,13103,6,5,Cleanliness,2024-05-21,8
424,2719,31803,18,3,Food Quality,2023-02-28,30
425,1218,1913,17,4,Ambience,2024-07-11,14
426,3713,18379,21,4,Delivery Time,2023-12-04,12
427,1878,12212,19,3,Cleanliness,2023-06-01,5
428,442,27899,9,3,Ambience,2024-10-11,29
429,2016,1571,9,5,Food Quality,2023-12-03,9
430,456,15874,11,5,Food Quality,2024-02-15,
431,583,9088,21,5,Cleanliness,2024-06-09,35
432,6292,14891,21,4,Delivery Time,2023-07-29,36
433,1180,31272,2,3,Food Quality,2023-10-02,32
434,1533,169,28,5,Value for Money,2024-01-08,25
435,2936,19925,28,4,Ambience,2023-08-10,3
436,4268,21510,20,5,Cleanliness,2024-04-09,11
437,5255,8438,16,5,Delivery Time,2023-06-20,12
438,1666,18689,15,3,Delivery Time,2024-04-13,10
439,1589,7284,3,4,Value for Money,2024-06-09,3
440,6344,21435,19,3,Service,2024-01-22,28
441,297,9939,2,4,Value for Money,2023-01-29,18
442,1115,29803,10,5,Value for Money,2023-02-09,25
443,6883,14525,24,5,Cleanliness,2024-08-11,26
444,108,25133,5,5,Food Quality,2023-12-08,20
445,506,30789,17,4,Value for Money,2023-03-17,34
446,1006,31105,15,3,Cleanliness,2023-06-01,14
447,2737,28706,22,5,Ambience,2024-01-25,31
448,6344,7796,8,5,Delivery Time,2023-06-03,25
449,1662,12336,14,4,Value for Money,2024-09-23,12
450,4381,6448,25,3,Service,2023-05-22,29
451,4833,7814,1,4,Cleanliness,2023-12-07,20
452,6221,9764,9,4,Food Quality,2023-11-17,11
453,4681,21573,5,3,Cleanliness,2024-01-25,3
454,1731,10030,28,4,Delivery Time,2024-05-14,24
455,5569,20276,11,3,Ambience,2023-08-09,7
456,2578,3646,16,4,Ambience,2023-03-08,36
457,406,19122,18,5,Delivery Time,2023-02-18,39
458,787,11549,25,5,Delivery Time,2023-04-17,8
459,1137,12211,8,3,Value for Money,2024-12-14,16
460,4543,10163,22,4,Delivery Time,2024-09-29,20
461,1015,4885,8,5,Cleanliness,2024-01-27,40
462,5763,12974,27,5,Value for Money,2024-09-05,36
463,2376,2126,1,3,Service,2024-01-16,
464,493,1156,16,5,Value for Money,2023-06-06,4
465,4168,16501,14,4,Ambience,2023-11-22,28
466,99999,999999,999,7,Service,2023-01-25,23
467,99999,999999,999,9,Ambience,2024-05-10,1
468,5572,1035,24,4,Ambience,2023-10-27,20
469,2014,677,25,1,Ambience,2023-06-27,13
470,1621,20238,25,5,Cleanliness,2023-09-20,2
471,3113,30982,21,3,Cleanliness,2024-10-06,34
472,4304,18857,25,4,Cleanliness,2023-03-25,16
473,2833,29566,23,1,Cleanliness,2024-07-11,10
474,3863,3096,22,4,Ambience,2024-11-03,
475,4223,20405,6,5,Food Quality,2024-11-14,34
476,5166,13816,9,5,Service,2024-04-19,8
477,5351,15267,22,4,Ambience,2023-12-04,35
478,829,7459,1,5,Delivery Time,2023-03-24,24
479,6547,29146,6,4,Cleanliness,2023-10-30,30
480,1421,1168,7,5,Service,2024-01-05,10
481,4506,2077,16,4,Ambience,2023-06-23,36
482,1882,10844,23,1,Ambience,2023-12-23,8
483,5097,12395,23,5,Cleanliness,2024-04-27,32
484,194,23076,24,5,Cleanliness,2024-05-26,35
485,4217,15122,7,5,Cleanliness,2023-12-07,37
486,1118,31435,1,10,Service,2024-08-24,19
487,3226,11095,16,3,Food Quality,2023-09-01,27
488,541,30109,24,4,Food Quality,2023-05-30,0
489,4574,5927,6,3,Cleanliness,2024-10-11,36
490,5323,9902,28,5,Delivery Time,2024-10-31,25
491,173,18785,18,4,Cleanliness,2023-10-27,4
492,1986,24077,9,3,Service,2023-05-14,10
493,6628,17075,3,5,Delivery Time,2023-04-15,27
494,982,11214,23,4,Value for Money,2023-03-23,31
495,212,4827,27,4,Delivery Time,2023-11-10,9
496,6715,30105,16,2,Delivery Time,2024-07-03,3
497,1280,26538,15,4,Value for Money,2024-10-13,36
498,506,14196,27,4,Delivery Time,2023-05-15,1
499,540,937,19,5,Food Quality,2023-06-01,26
500,2523,15740,6,5,Food Quality,2024-10-28,10
501,3519,29430,19,5,Delivery Time,2024-03-15,34
502,4308,391,14,3,Food Quality,2024-04-30,39
503,5895,3448,5,3,Value for Money,2023-04-25,9
504,1977,24856,17,1,Value for Money,2024-01-12,37
505,2449,21429,17,4,Service,2024-09-14,40
506,1392,23478,22,4,Ambience,2023-09-01,5
507,2486,3782,1,4,Food Quality,2023-07-24,28
508,2553,27857,26,1,Food Quality,2024-03-19,31
509,5184,20971,9,4,Service,2023-02-27,33
510,6556,7447,8,4,Cleanliness,2024-12-17,11
511,834,8808,21,3,Ambience,2023-01-27,2
512,2984,21988,6,3,Value for Money,2023-02-24,3
513,3421,4675,13,4,Food Quality,2024-02-29,3
514,4093,12950,3,4,Food Quality,2023-01-27,10
515,4838,11926,1,4,Cleanliness,2024-07-07,
516,1786,27323,2,2,Food Quality,2023-11-24,6
517,5229,7544,17,5,Food Quality,2024-12-07,38
518,2003,1958,21,5,Delivery Time,2024-08-13,29
519,3073,23662,28,5,Service,2024-05-25,13
520,744,11738,20,5,Delivery Time,2023-10-29,36
521,716,24851,26,5,Food Quality,2023-11-06,25
522,1868,1716,5,5,Value for Money,2024-09-26,31
523,3560,2772,15,1,Delivery Time,2023-07-21,39
524,6368,23490,12,5,Service,2023-03-08,35
525,2728,15982,20,1,Cleanliness,2024-08-20,4
526,6941,12639,17,3,Food Quality,2023-12-16,3
527,895,30854,1,5,Ambience,2024-04-24,4
528,4852,567,21,2,Cleanliness,2023-01-24,36
529,611,23080,5,2,Ambience,2024-10-01,15
530,6642,14329,5,2,Value for Money,2024-07-01,14
531,3609,13329,28,4,Food Quality,2023-08-16,18
532,309,11736,5,4,Value for Money,2023-04-02,11
533,6615,16523,20,5,Service,2023-06-21,7
534,6079,1322,4,3,Delivery Time,2024-03-15,11
535,6425,24599,22,5,Food Quality,2024-10-16,36
536,3304,30265,26,5,Value for Money,2023-03-20,12
537,1309,11847,24,5,Cleanliness,2024-08-25,38
538,430,20314,23,5,Value for Money,2024-03-21,22
539,5268,19242,18,3,Ambience,2024-12-04,2
540,6180,1420,4,8,Delivery Time,2024-08-31,
541,6611,9027,2,4,Delivery Time,2024-07-09,20
542,997,26158,2,1,Cleanliness,2023-10-09,34
543,192,23563,18,1,Service,2023-12-12,40
544,4095,24685,8,4,Value for Money,2023-03-28,10
545,2775,22427,27,4,Service,2024-10-01,38
546,2642,19678,19,3,Cleanliness,2024-09-27,20
547,1904,6377,25,2,Food Quality,2024-07-28,24
548,4224,17689,11,4,Ambience,2023-11-14,15
549,4390,10108,27,2,Service,2023-06-01,
550,450,4212,14,4,Value for Money,2024-07-11,2
551,2773,19270,7,3,Ambience,2023-02-12,36
552,1056,17269,25,4,Value for Money,2023-07-17,24
553,4966,2672,6,2,Cleanliness,2024-08-08,30
554,3281,24496,25,3,Value for Money,2024-08-14,14
555,3138,15575,19,1,Ambience,2023-02-01,16
556,3596,15097,5,5,Ambience,2023-09-21,18
557,1497,31538,3,5,Ambience,2024-01-01,20
558,3200,20941,13,4,Delivery Time,2023-06-19,4
559,4616,28871,19,5,Cleanliness,2024-11-04,4
560,2148,19901,11,4,Service,2024-02-16,31
561,5733,22645,2,4,Service,2024-01-18,38
562,101,31780,7,4,Food Quality,2023-04-27,18
563,763,30342,28,4,Ambience,2024-11-10,18
564,4117,9098,8,5,Service,2024-12-08,37
565,6940,27992,18,4,Ambience,2023-06-04,37
566,3975,5801,17,4,Service,2024-10-11,9
567,4556,16966,26,5,Food Quality,2024-01-02,2
568,2955,28075,9,5,Value for Money,2024-10-25,28
569,99999,999999,999,6,Delivery Time,2023-02-01,25
570,6515,25266,7,4,Service,2023-12-10,0
571,2160,16911,21,3,Food Quality,2023-12-11,1
572,5384,29457,10,3,Delivery Time,2024-12-05,18
573,78,27684,8,4,Food Quality,2024-05-02,32
574,1260,27339,24,5,Ambience,2023-07-02,11
575,1722,13558,18,4,Cleanliness,2023-12-21,28
576,1557,14454,4,5,Value for Money,2023-02-16,38
577,3220,15667,22,5,Food Quality,2024-12-10,39
578,6511,3309,7,5,Delivery Time,2023-01-29,5
579,1291,8493,15,4,Ambience,2024-06-17,34
580,407,17894,6,4,Service,2023-07-30,40
581,128,23017,19,4,Value for Money,2024-02-08,14
582,4639,28560,8,9,Ambience,2024-12-07,12
583,1534,3883,2,1,Service,2024-07-09,8
584,5573,8982,15,4,Cleanliness,2024-05-18,34
585,6854,20088,24,4,Food Quality,2024-11-03,24
586,1832,12017,15,5,Service,2023-02-06,31
587,5511,18289,13,1,Ambience,2023-04-05,6
588,6313,18678,5,3,Food Quality,2023-03-04,23
589,3436,2714,4,4,Ambience,2024-11-18,18
590,3161,12106,8,3,Delivery Time,2024-12-07,23
591,3009,26686,11,4,Service,2024-03-01,29
592,2634,3234,15,5,Ambience,2024-08-09,32
593,1425,27256,17,5,Service,2024-01-28,13
594,1080,4114,6,2,Value for Money,2023-07-13,13
595,1376,6562,4,5,Ambience,2023-04-28,10
596,2054,18431,19,5,Value for Money,2024-07-07,10
597,99999,999999,999,8,Delivery Time,2023-09-16,36
598,1531,21612,4,3,Food Quality,2024-04-02,20
599,4350,29681,12,4,Food Quality,2024-08-15,16
600,2362,25200,20,2,Ambience,2023-07-06,27
601,229,29439,6,3,Cleanliness,2024-03-07,2
602,2011,13889,5,3,Delivery Time,2023-10-17,21
603,2419,12361,3,3,Service,2024-09-16,36
604,2725,23338,18,5,Cleanliness,2023-02-13,9
605,191,24505,12,4,Ambience,2023-03-14,
606,1851,22559,24,4,Food Quality,2023-04-01,
607,3727,19544,22,4,Ambience,2024-01-25,3
608,2853,20103,28,4,Service,2023-06-09,7
609,5262,25452,16,3,Service,2024-12-27,9
610,6300,11262,19,4,Food Quality,2024-04-28,13
611,5508,24018,27,4,Value for Money,2024-10-26,30
612,880,7899,5,3,Value for Money,2024-07-18,32
613,1149,14847,8,3,Delivery Time,2024-05-25,8
614,5794,4418,10,5,Ambience,2023-09-11,21
615,5996,16072,14,5,Delivery Time,2024-05-19,23
616,2919,6017,23,4,Delivery Time,2024-04-29,3
617,2601,13754,19,4,Ambience,2024-04-17,30
618,5414,18315,11,3,Food Quality,2024-05-07,10
619,5286,92,3,5,Service,2024-11-28,21
620,4514,28375,15,5,Ambience,2023-12-28,5
621,5096,913,25,4,Value for Money,2023-11-02,34
622,217,900,28,5,Service,2023-09-09,21
623,1504,10788,11,2,Service,2023-11-18,33
624,2266,1082,11,2,Ambience,2023-05-27,29
625,603,21004,9,5,Value for Money,2024-08-02,4
626,6248,31151,3,2,Service,2023-02-18,29
627,6677,29899,16,3,Cleanliness,2024-08-27,28
628,4100,20288,13,5,Value for Money,2023-12-26,19
629,466,296,17,3,Cleanliness,2023-04-08,11
630,3059,106,7,5,Value for Money,2024-04-16,21
631,3153,11763,4,2,Cleanliness,2024-05-01,3
632,5212,24596,23,5,Service,2024-05-09,5
633,2070,25988,20,4,Service,2024-04-29,32
634,2433,16157,10,4,Ambience,2024-05-03,
635,5151,13222,3,5,Food Quality,2024-04-21,32
636,2752,14775,28,4,Value for Money,2024-07-30,38
637,1664,9750,23,5,Value for Money,2024-12-26,22
638,258,27730,9,4,Service,2023-04-07,19
639,1753,13017,2,3,Service,2024-12-30,5
640,6608,10001,15,4,Delivery Time,2024-10-27,
641,2085,26145,3,5,Delivery Time,2024-06-24,26
642,5242,16007,24,5,Cleanliness,2024-04-10,13
643,1921,7575,21,5,Service,2024-01-08,37
644,2833,22901,10,4,Cleanliness,2024-08-18,34
645,1346,31088,21,4,Value for Money,2024-07-03,27
646,1351,25458,21,3,Value for Money,2023-08-21,10
647,301,7220,2,4,Service,2024-01-09,4
648,1591,20477,27,4,Delivery Time,2024-02-17,1
649,1392,19182,25,5,Value for Money,2024-09-16,40
650,6495,15534,1,5,Delivery Time,2024-06-27,21
651,3318,4011,28,4,Ambience,2023-04-20,8
652,5769,21298,9,4,Cleanliness,2024-03-31,6
653,1317,26324,1,4,Food Quality,2024-07-16,10
654,5207,15138,6,4,Value for Money,2024-06-11,16
655,99999,999999,999,8,Food Quality,2024-09-14,30
656,6614,13868,3,4,Delivery Time,2023-04-17,38
657,158,19439,3,3,Value for Money,2024-01-06,30
658,1310,9240,3,4,Food Quality,2023-06-14,6
659,5459,27445,4,4,Ambience,2024-04-15,20
660,5273,5612,21,1,Food Quality,2024-09-05,19
661,1179,24540,4,5,Service,2023-06-04,3
662,3623,14613,11,5,Service,2024-06-18,19
663,601,23164,22,5,Value for Money,2023-09-05,10
664,6462,22444,19,4,Delivery Time,2023-07-22,21
665,3681,15580,22,4,Cleanliness,2024-05-19,13
666,2289,23782,17,5,Service,2023-07-03,21
667,167,23818,9,5,Ambience,2023-01-27,23
668,989,12588,11,4,Ambience,2024-08-23,8
669,1945,17430,7,5,Ambience,2023-01-01,32
670,2405,8974,15,2,Food Quality,2024-04-28,12
671,4907,1708,18,5,Value for Money,2023-10-04,11
672,2256,30538,2,4,Delivery Time,2024-04-08,25
673,6230,31098,1,4,Food Quality,2023-10-26,13
674,5374,2957,4,5,Delivery Time,2024-11-13,39
675,6307,19774,20,4,Delivery Time,2024-09-17,8
676,929,10628,12,4,Cleanliness,2024-02-28,1
677,5136,3443,26,5,Food Quality,2024-07-20,38
678,4994,30987,17,1,Delivery Time,2023-06-13,16
679,5124,17797,25,5,Cleanliness,2024-05-03,34
680,5326,20530,26,5,Delivery Time,2024-10-11,6
681,5311,26889,17,4,Service,2024-01-01,2
682,5503,2816,16,4,Service,2024-02-27,22
683,6074,7431,10,5,Service,2024-10-17,1
684,1091,24036,2,5,Value for Money,2024-10-27,2
685,4292,22281,23,4,Food Quality,2024-11-28,0
686,3390,11354,16,1,Delivery Time,2023-11-12,34
687,1033,2079,25,4,Delivery Time,2024-10-08,15
688,5000,9160,6,5,Delivery Time,2023-10-05,12
689,6912,22815,12,4,Food Quality,2023-03-23,12
690,2744,13403,11,5,Ambience,2023-10-02,38
691,4768,8724,27,3,Cleanliness,2024-10-13,37
692,4699,12824,2,5,Delivery Time,2023-03-03,40
693,5150,5027,10,5,Ambience,2023-03-19,1
694,2050,27700,11,3,Value for Money,2024-02-18,38
695,4705,18423,22,4,Ambience,2024-01-02,10
696,3864,11949,6,4,Delivery Time,2024-11-17,29
697,3002,22372,23,3,Ambience,2023-01-22,18
698,1119,30458,20,5,Delivery Time,2023-09-27,
699,595,17010,28,4,Food Quality,2023-02-09,21
700,4808,29404,14,2,Cleanliness,2023-07-29,16
701,5604,31149,1,3,Delivery Time,2024-10-25,38
702,4233,17062,11,4,Value for Money,2023-04-14,11
703,1571,1444,4,2,Cleanliness,2024-10-29,26
704,4907,24652,6,3,Delivery Time,2024-02-05,20
705,4133,358,13,4,Value for Money,2023-09-24,13
706,6861,14718,22,5,Cleanliness,2024-02-11,25
707,1929,21736,10,3,Cleanliness,2024-03-25,36
708,6111,16929,24,1,Ambience,2024-06-08,17
709,4591,7216,2,4,Ambience,2023-12-25,30
710,1341,27409,8,3,Service,2023-10-11,30
711,1852,26859,11,3,Cleanliness,2023-06-30,12
712,6497,27591,24,4,Delivery Time,2024-12-21,37
713,6600,6200,5,5,Cleanliness,2023-06-17,29
714,901,20437,17,1,Ambience,2024-06-05,17
715,5186,16610,15,1,Service,2023-01-04,9
716,3325,6964,24,1,Food Quality,2024-03-22,7
717,5538,23634,18,5,Value for Money,2023-09-15,40
718,1339,25061,10,5,Value for Money,2024-12-18,
719,1451,28714,6,4,Service,2024-11-08,28
720,5040,28173,4,5,Ambience,2024-06-09,22
721,3976,28723,14,4,Value for Money,2024-09-24,5
722,1544,3145,17,4,Service,2023-11-22,24
723,908,743,1,5,Ambience,2023-07-14,21
724,5188,10873,12,4,Service,2023-09-01,3
725,1328,7228,5,5,Cleanliness,2023-05-23,4
726,5729,11385,28,5,Ambience,2023-09-01,22
727,900,2313,28,4,Delivery Time,2024-12-28,6
728,3513,26245,5,2,Ambience,2024-07-20,9
729,4960,18098,18,4,Food Quality,2024-07-22,17
730,6289,10461,8,5,Ambience,2023-11-15,33
731,3235,8699,26,4,Delivery Time,2023-01-05,34
732,4163,28229,22,4,Ambience,2023-08-22,32
733,2259,3379,1,5,Service,2023-07-07,20
734,3210,8076,1,4,Food Quality,2023-11-04,4
735,4740,14271,7,5,Cleanliness,2023-12-29,4
736,4435,31466,12,1,Ambience,2024-10-07,
737,2287,11861,6,4,Food Quality,2024-08-26,10
738,4029,25908,1,4,Delivery Time,2024-03-16,2
739,337,8057,2,4,Delivery Time,2024-05-25,16
740,1537,10602,10,4,Value for Money,2024-06-15,4
741,6080,2569,13,4,Value for Money,2023-11-01,
742,1120,2809,3,2,Delivery Time,2024-05-07,6
743,84,28021,3,4,Ambience,2023-08-18,33
744,1340,4051,25,4,Food Quality,2023-07-10,31
745,3407,12818,15,5,Value for Money,2023-01-15,33
746,5423,18418,18,4,Ambience,2023-07-11,8
747,111,16253,20,5,Ambience,2024-09-17,38
748,3387,29984,4,5,Service,2023-01-05,29
749,5739,24121,11,5,Food Quality,2023-01-31,32
750,3528,30289,5,4,Food Quality,2024-10-28,3
751,2086,6060,3,4,Service,2024-05-12,17
752,5031,23652,14,5,Food Quality,2024-05-07,15
753,3371,14317,2,4,Service,2023-05-25,1
754,1127,31923,21,1,Cleanliness,2023-06-10,19
755,2861,5111,20,3,Service,2023-11-23,22
756,6138,18247,16,4,Value for Money,2023-12-08,19
757,3333,24500,25,4,Cleanliness,2023-05-20,29
758,3245,27577,26,4,Delivery Time,2023-07-09,17
759,2232,23177,5,5,Delivery Time,2024-09-27,30
760,3035,25508,1,5,Service,2023-09-22,38
761,5538,19104,16,4,Ambience,2024-05-18,13
762,1273,31361,10,2,Ambience,2024-01-21,25
763,4609,13986,19,3,Food Quality,2024-05-19,1
764,5561,31969,19,3,Food Quality,2023-04-06,40
765,2296,28505,20,4,Value for Money,2024-08-27,40
766,5550,27584,26,4,Ambience,2024-09-10,1
767,5057,24503,27,4,Delivery Time,2023-04-04,39
768,5628,23205,26,4,Ambience,2023-03-20,28
769,6474,23613,13,5,Delivery Time,2024-02-17,29
770,6317,31035,24,5,Food Quality,2024-05-11,26
771,4130,20522,14,3,Ambience,2024-03-28,10
772,2946,5953,16,4,Ambience,2024-08-28,14
773,521,6738,28,4,Service,2024-01-23,6
774,1471,1783,21,2,Ambience,2024-11-08,2
775,1777,18507,8,5,Service,2024-12-14,12
776,5036,26219,26,5,Food Quality,2023-05-28,33
777,2206,30330,21,5,Service,2023-06-28,25
778,5288,2302,18,3,Value for Money,2023-05-28,4
779,1390,2535,13,4,Value for Money,2023-06-28,8
780,1033,10025,9,3,Value for Money,2024-05-31,27
781,1515,7011,17,4,Service,2023-06-18,22
782,501,25356,26,4,Cleanliness,2024-08-04,9
783,771,16623,28,5,Delivery Time,2023-04-19,35
784,1421,25013,13,5,Cleanliness,2024-11-28,8
785,2026,28583,14,3,Food Quality,2023-04-13,35
786,3834,20892,7,5,Ambience,2024-02-23,8
787,1080,31811,11,3,Ambience,2024-10-16,13
788,5375,19097,1,3,Cleanliness,2023-05-15,15
789,1964,19417,26,3,Cleanliness,2023-08-15,
790,2459,31497,18,5,Value for Money,2023-12-12,32
791,1740,8721,28,4,Cleanliness,2023-07-26,5
792,1727,10263,16,5,Delivery Time,2024-06-17,21
793,66,8430,15,5,Delivery Time,2023-07-19,6
794,2397,19369,12,2,Delivery Time,2023-11-13,22
795,2102,16508,8,1,Value for Money,2024-04-08,21
796,1710,27864,24,4,Service,2023-09-28,
797,732,14067,7,1,Value for Money,2024-06-14,14
798,4051,15251,3,2,Service,2023-02-26,39
799,2190,328,7,4,Ambience,2023-03-28,5
800,6977,15363,18,2,Service,2023-10-13,19
801,6147,13989,15,2,Cleanliness,2024-08-29,31
802,2483,12744,23,7,Ambience,2023-02-14,14
803,4734,26541,3,1,Value for Money,2023-12-08,40
804,5222,4553,9,3,Delivery Time,2024-12-23,29
805,2354,20454,18,3,Delivery Time,2023-03-26,34
806,4874,24194,9,3,Food Quality,2023-01-09,12
807,2242,29218,22,1,Cleanliness,2024-08-11,15
808,2394,9055,8,3,Cleanliness,2024-04-19,15
809,2516,17144,2,5,Delivery Time,2024-11-12,2
810,1470,18112,14,4,Ambience,2023-10-09,32
811,5434,30055,26,4,Food Quality,2023-03-11,30
812,418,29419,10,1,Food Quality,2023-12-04,18
813,4343,17090,19,4,Cleanliness,2024-03-19,2
814,5359,16499,9,3,Food Quality,2023-11-20,
815,1683,4442,19,4,Ambience,2024-02-10,1
816,1452,21586,13,1,Ambience,2023-10-20,29
817,4193,20539,26,5,Service,2024-12-19,16
818,6294,13362,11,4,Value for Money,2023-08-10,33
819,2713,26293,16,3,Ambience,2024-07-06,
820,3755,24826,27,5,Cleanliness,2024-08-31,21
821,4121,8575,23,4,Cleanliness,2023-08-03,4
822,966,15421,17,5,Ambience,2024-08-18,1
823,3258,2410,26,4,Service,2023-11-06,7
824,5248,8719,22,5,Delivery Time,2023-03-02,35
825,276,31574,13,5,Delivery Time,2024-08-26,12
826,2641,8573,20,5,Food Quality,2023-09-21,18
827,3826,15876,20,5,Value for Money,2024-01-08,13
828,2699,3689,18,3,Service,2023-08-20,40
829,430,3604,19,1,Cleanliness,2023-08-07,0
830,2091,22723,3,2,Service,2024-10-26,20
831,1572,345,9,5,Value for Money,2024-12-31,26
832,6933,7711,27,5,Delivery Time,2023-05-23,2
833,1667,25926,4,1,Cleanliness,2024-03-19,35
834,3849,3487,17,4,Cleanliness,2023-07-27,10
835,4772,26956,20,3,Value for Money,2024-03-11,24
836,1315,11934,7,3,Food Quality,2024-01-06,10
837,885,21828,21,4,Value for Money,2024-07-03,17
838,3364,7453,18,5,Service,2023-12-05,8
839,1085,8093,4,2,Value for Money,2023-03-12,15
840,240,4804,16,4,Delivery Time,2023-11-16,13
841,4722,22343,13,5,Cleanliness,2024-06-10,21
842,725,19174,22,3,Food Quality,2023-04-29,33
843,5713,22321,26,1,Value for Money,2024-07-30,1
844,5870,15644,12,4,Food Quality,2023-11-08,24
845,6080,7402,8,3,Service,2023-05-15,11
846,2827,14496,7,5,Delivery Time,2023-08-11,27
847,6227,22195,3,5,Ambience,2024-05-03,13
848,2939,7406,20,2,Delivery Time,2023-07-22,18
849,2762,2117,18,2,Cleanliness,2024-11-26,40
850,3032,11224,3,5,Value for Money,2023-10-09,0
851,6263,29713,27,3,Delivery Time,2023-06-10,12
852,1399,6105,14,5,Cleanliness,2023-10-14,37
853,1761,30200,12,3,Food Quality,2023-05-19,3
854,6709,13494,26,3,Service,2023-04-20,2
855,597,24396,6,3,Delivery Time,2024-03-17,25
856,1189,7276,18,5,Service,2024-10-31,13
857,4552,20891,22,3,Ambience,2023-01-07,26
858,99999,999999,999,9,Ambience,2024-01-03,16
859,4044,30207,8,4,Cleanliness,2023-09-05,0
860,880,31562,1,2,Cleanliness,2024-04-04,36
861,5069,14276,21,3,Value for Money,2024-11-23,25
862,1607,532,26,4,Delivery Time,2024-10-31,8
863,5153,30451,13,4,Cleanliness,2024-12-06,15
864,4338,15733,19,4,Food Quality,2023-04-27,23
865,4980,21470,28,3,Delivery Time,2023-12-11,4
866,6501,25615,28,5,Cleanliness,2023-10-15,6
867,2674,12849,26,4,Value for Money,2023-10-11,16
868,4114,23792,18,4,Service,2024-01-28,0
869,2987,23898,4,4,Ambience,2023-10-13,6
870,1727,5308,7,4,Service,2024-12-14,37
871,2653,28493,26,3,Value for Money,2023-08-09,37
872,3780,28181,23,4,Food Quality,2023-11-04,7
873,6066,14585,8,4,Ambience,2024-06-01,22
874,2837,11794,21,5,Delivery Time,2023-09-19,
875,3609,2742,7,4,Cleanliness,2024-06-30,
876,1431,20001,2,5,Ambience,2024-10-26,30
877,2402,4569,6,1,Delivery Time,2024-02-15,5
878,1900,25708,16,5,Delivery Time,2023-10-13,24
879,4650,23419,13,5,Food Quality,2023-07-15,30
880,3419,13814,6,4,Service,2023-02-11,37
881,2732,28691,20,4,Ambience,2024-10-01,25
882,1098,9192,5,4,Service,2024-06-14,27
883,3573,22814,3,5,Cleanliness,2024-07-19,21
884,3150,22695,2,3,Food Quality,2023-07-26,
885,2070,24309,5,5,Delivery Time,2023-02-11,23
886,4817,24919,24,5,Delivery Time,2024-05-23,23
887,2497,8775,17,4,Service,2023-02-28,14
888,2818,478,22,4,Value for Money,2023-01-14,5
889,4913,13927,4,1,Service,2024-07-01,28
890,4547,8353,19,3,Cleanliness,2024-07-12,
891,2229,10945,21,4,Ambience,2023-04-26,28
892,3945,19037,16,3,Delivery Time,2024-07-10,36
893,1799,947,26,4,Cleanliness,2024-01-23,2
894,998,995,18,1,Service,2024-02-23,39
895,5163,3718,23,3,Value for Money,2024-02-15,9
896,4349,31575,27,4,Service,2024-11-06,40
897,3665,20400,9,5,Service,2024-01-21,16
898,6330,10404,23,5,Ambience,2024-03-13,3
899,2074,24395,28,5,Ambience,2024-11-08,23
900,6167,1798,1,4,Ambience,2023-07-30,35
901,422,7011,6,5,Ambience,2024-10-10,6
902,4699,2732,28,5,Value for Money,2023-04-01,36
903,3239,3357,16,5,Service,2024-11-16,9
904,4261,1501,13,4,Ambience,2023-05-23,10
905,4554,24881,4,4,Service,2023-06-24,33
906,5143,5974,2,4,Service,2023-01-20,28
907,1513,21528,20,5,Cleanliness,2023-01-23,
908,606,24368,10,2,Ambience,2024-04-27,12
909,99999,999999,999,8,Delivery Time,2024-07-03,18
910,5342,11515,9,4,Ambience,2023-09-18,22
911,639,13456,9,4,Ambience,2024-01-28,26
912,6474,9988,25,3,Service,2024-01-29,38
913,1155,26745,20,3,Service,2023-10-26,13
914,6866,8295,2,4,Delivery Time,2023-04-19,20
915,6204,27698,18,3,Ambience,2024-02-05,4
916,3854,23217,7,5,Value for Money,2024-12-14,30
917,1413,14071,1,1,Cleanliness,2024-08-10,21
918,6317,30484,16,5,Ambience,2023-06-11,10
919,5374,22357,20,5,Food Quality,2023-10-15,16
920,6381,21219,2,3,Cleanliness,2023-11-20,31
921,6752,7634,27,3,Cleanliness,2023-10-31,26
922,6472,17558,28,5,Food Quality,2024-03-08,2
923,6018,25176,8,5,Service,2024-01-28,27
924,1525,11065,21,4,Service,2024-12-18,19
925,2038,12178,1,3,Value for Money,2024-09-10,37
926,1176,20210,7,2,Value for Money,2024-08-01,26
927,415,1492,16,1,Service,2024-04-16,18
928,195,11929,9,3,Value for Money,2024-04-26,
929,5454,27675,8,3,Food Quality,2024-02-28,40
930,3185,7870,3,3,Cleanliness,2023-10-16,2
931,2606,5969,26,5,Food Quality,2023-04-18,3
932,3413,12580,6,5,Delivery Time,2024-09-15,18
933,6731,23669,9,5,Ambience,2023-07-17,2
934,3979,27328,13,5,Value for Money,2024-12-26,0
935,457,8004,16,5,Food Quality,2023-07-04,16
936,2174,9999,14,9,Ambience,2023-03-16,15
937,4407,8853,24,4,Service,2023-12-30,16
938,6479,4476,8,5,Food Quality,2024-01-14,20
939,6073,31228,22,9,Delivery Time,2023-01-20,32
940,2025,24458,9,4,Food Quality,2023-10-27,6
941,1559,14915,5,4,Delivery Time,2024-08-29,37
942,6447,16688,22,1,Ambience,2024-06-08,11
943,4091,30156,7,2,Ambience,2023-03-12,0
944,6792,17445,15,4,Cleanliness,2023-04-18,18
945,545,833,26,5,Food Quality,2023-11-26,17
946,3521,13088,13,5,Value for Money,2023-06-12,32
947,3752,10352,24,4,Value for Money,2024-09-06,31
948,2547,28262,3,4,Value for Money,2023-04-21,16
949,749,14493,16,5,Cleanliness,2023-09-15,20
950,6801,16493,2,2,Value for Money,2023-05-01,8
951,2546,29393,10,4,Service,2023-06-17,40
952,1102,28083,23,5,Value for Money,2024-08-14,11
953,5760,5508,16,4,Ambience,2023-07-12,18
954,3733,7955,1,5,Delivery Time,2023-11-24,0
955,620,3456,25,3,Service,2023-11-28,38
956,6088,24961,15,4,Service,2023-12-31,
957,3882,17483,23,5,Service,2024-10-27,31
958,5679,13345,1,1,Cleanliness,2024-03-25,36
959,5553,8308,4,5,Value for Money,2023-05-24,26
960,2460,24906,11,4,Ambience,2023-07-14,29
961,6297,13245,7,3,Value for Money,2023-01-11,23
962,789,30783,25,1,Value for Money,2023-10-18,25
963,2277,23862,23,4,Service,2024-08-24,7
964,6121,29010,20,4,Value for Money,2023-01-11,24
965,4971,7492,19,4,Food Quality,2023-06-16,36
966,5936,9713,4,4,Service,2024-07-07,27
967,601,25251,19,3,Delivery Time,2024-08-18,37
968,99999,999999,999,6,Ambience,2023-07-24,
969,1980,19664,21,4,Cleanliness,2024-07-16,39
970,5173,23943,3,4,Delivery Time,2024-07-08,17
971,5862,24903,6,4,Service,2023-08-23,4
972,3783,26410,18,4,Cleanliness,2023-03-16,17
973,99999,999999,999,8,Value for Money,2024-01-21,34
974,6128,8507,13,3,Food Quality,2023-11-20,20
975,6911,22538,27,5,Service,2023-03-29,18
976,5018,1056,10,3,Cleanliness,2024-06-07,14
977,2857,14340,12,4,Ambience,2023-11-13,38
978,99999,999999,999,6,Food Quality,2023-02-08,34
979,2344,31639,13,5,Food Quality,2024-07-24,27
980,3624,8401,24,4,Value for Money,2024-11-16,5
981,3920,6847,18,4,Cleanliness,2024-10-25,13
982,871,21772,1,4,Cleanliness,2024-07-31,21
983,3704,28791,2,5,Value for Money,2024-07-27,6
984,6681,30689,8,5,Ambience,2024-04-22,15
985,5247,9122,13,5,Cleanliness,2024-12-30,40
986,3460,14627,19,3,Value for Money,2023-09-12,12
987,1904,27787,26,5,Value for Money,2024-04-25,3
988,1124,5635,19,4,Ambience,2023-12-07,5
989,5368,1842,1,5,Delivery Time,2023-07-27,24
990,4750,21689,21,5,Value for Money,2023-01-05,9
991,6772,21072,28,3,Ambience,2023-12-19,35
992,1533,31,10,5,Cleanliness,2024-09-01,2
993,6438,18179,23,4,Cleanliness,2024-02-28,34
994,654,16316,26,4,Delivery Time,2023-02-27,20
995,270,16775,22,1,Ambience,2023-07-10,25
996,1773,24373,9,3,Ambience,2023-03-06,14
997,1968,31221,25,2,Service,2024-01-14,20
998,6270,25556,6,5,Delivery Time,2024-04-19,31
999,5517,12820,13,3,Food Quality,2024-03-10,7
1000,4465,5859,19,5,Cleanliness,2023-01-22,35
1001,1187,25585,22,1,Ambience,2024-11-19,4
1002,2799,16072,11,5,Delivery Time,2024-09-05,18
1003,99999,999999,999,6,Delivery Time,2023-03-05,18
1004,1432,25147,9,4,Value for Money,2024-10-29,9
1005,1424,29442,17,4,Cleanliness,2024-10-17,31
1006,5632,28596,11,3,Service,2023-03-22,13
1007,984,31434,17,4,Ambience,2023-12-07,21
1008,3444,15496,23,5,Delivery Time,2024-09-07,36
1009,2198,26991,23,4,Delivery Time,2024-10-10,20
1010,5192,23658,9,3,Delivery Time,2024-06-30,29
1011,2056,28642,17,3,Value for Money,2024-09-22,14
1012,6426,12438,19,4,Ambience,2024-08-31,16
1013,4038,379,16,5,Value for Money,2024-06-11,10
1014,3184,2573,21,5,Cleanliness,2024-06-17,18
1015,4206,21797,27,5,Service,2023-07-05,23
1016,2505,27480,22,5,Value for Money,2024-03-09,27
1017,3245,15549,23,3,Food Quality,2023-10-09,30
1018,2124,18759,26,5,Service,2024-03-14,8
1019,273,20237,11,5,Delivery Time,2023-08-23,10
1020,358,18864,17,4,Service,2024-07-12,27
1021,3727,16148,13,4,Food Quality,2023-09-27,19
1022,591,5417,26,1,Cleanliness,2023-12-11,23
1023,2439,30594,7,4,Food Quality,2024-01-02,0
1024,4433,21022,20,5,Value for Money,2023-07-26,28
1025,3203,16160,5,1,Ambience,2024-04-28,23
1026,1745,2140,27,5,Delivery Time,2023-09-17,12
1027,1788,16896,27,4,Delivery Time,2024-06-25,30
1028,1357,1254,26,5,Ambience,2023-06-21,16
1029,3301,28803,7,5,Food Quality,2024-03-05,23
1030,3717,19316,5,3,Value for Money,2024-09-18,7
1031,4509,8561,28,5,Value for Money,2024-06-22,34
1032,3123,26428,1,5,Food Quality,2023-09-21,37
1033,2389,13091,6,4,Food Quality,2023-01-31,3
1034,99999,999999,999,9,Ambience,2024-02-03,25
1035,2778,12330,15,5,Delivery Time,2024-08-08,19
1036,3799,22445,10,4,Delivery Time,2023-10-02,22
1037,3815,21901,16,1,Delivery Time,2024-12-10,26
1038,3134,236,15,4,Cleanliness,2024-05-07,5
1039,1991,10498,28,3,Food Quality,2024-02-01,29
1040,2731,694,13,2,Ambience,2024-09-30,
1041,466,17991,28,3,Delivery Time,2023-10-06,24
1042,2147,8791,21,3,Food Quality,2023-01-17,20
1043,1237,8586,4,4,Food Quality,2024-07-06,17
1044,6979,31132,21,5,Cleanliness,2023-09-05,15
1045,1699,10793,20,4,Delivery Time,2023-10-07,35
1046,3045,24779,22,3,Value for Money,2023-08-15,18
1047,6034,11677,26,3,Service,2023-06-07,9
1048,781,2111,5,4,Ambience,2023-10-28,18
1049,4724,24467,3,5,Cleanliness,2023-11-08,23
1050,2173,7353,5,5,Cleanliness,2023-04-05,7
1051,3133,24569,5,2,Ambience,2024-01-22,13
1052,5832,758,28,5,Value for Money,2024-07-30,14
1053,6426,7102,10,2,Service,2024-05-13,30
1054,883,28191,3,5,Service,2023-02-05,28
1055,2050,31611,16,3,Value for Money,2024-03-02,14
1056,4740,28054,17,5,Value for Money,2024-12-26,23
1057,544,12850,12,3,Cleanliness,2024-09-14,40
1058,2376,22798,23,3,Cleanliness,2023-02-20,14
1059,4896,1618,17,5,Food Quality,2023-10-09,17
1060,2718,14368,7,5,Value for Money,2023-07-22,30
1061,4810,24996,27,1,Food Quality,2023-05-10,5
1062,1279,6310,7,4,Delivery Time,2024-02-21,33
1063,6916,28854,2,5,Value for Money,2023-03-31,24
1064,4442,19486,12,5,Delivery Time,2023-07-02,14
1065,117,14301,22,5,Cleanliness,2024-11-18,20
1066,472,3582,25,4,Delivery Time,2024-09-27,29
1067,2296,19279,23,2,Delivery Time,2023-04-07,25
1068,6738,13928,5,5,Ambience,2023-02-16,24
1069,4181,5175,14,5,Food Quality,2023-01-18,13
1070,6985,30903,16,3,Cleanliness,2024-08-17,9
1071,628,19772,15,5,Cleanliness,2024-10-02,26
1072,5227,8592,5,3,Service,2024-01-09,24
1073,4034,17134,12,4,Value for Money,2024-11-24,14
1074,998,31184,26,5,Ambience,2023-07-19,2
1075,2927,30588,28,4,Service,2024-04-14,23
1076,6898,19512,23,4,Delivery Time,2023-03-09,3
1077,556,24231,12,5,Food Quality,2024-09-21,20
1078,1805,7861,22,5,Service,2024-09-10,23
1079,2510,19954,10,4,Delivery Time,2024-03-23,12
1080,867,15925,5,5,Value for Money,2023-06-06,1
1081,5602,11006,26,4,Food Quality,2024-06-24,24
1082,194,29937,2,3,Value for Money,2023-12-07,40
1083,2958,21220,16,2,Value for Money,2024-08-11,17
1084,4034,14344,24,4,Delivery Time,2024-01-06,10
1085,5281,22627,12,5,Delivery Time,2024-04-05,22
1086,970,20014,24,4,Service,2023-02-16,7
1087,171,7923,17,3,Food Quality,2023-12-19,37
1088,4332,15188,7,4,Value for Money,2023-04-16,35
1089,4021,30198,23,5,Food Quality,2023-05-03,21
1090,5637,18767,19,3,Food Quality,2023-01-05,2
1091,2421,5748,12,3,Cleanliness,2024-02-18,36
1092,2259,12876,15,4,Delivery Time,2023-02-04,23
1093,4225,6222,16,4,Value for Money,2024-12-10,19
1094,5011,21793,14,5,Delivery Time,2024-03-29,19
1095,2679,6310,18,4,Value for Money,2023-11-18,29
1096,3922,17314,18,3,Food Quality,2023-02-09,20
1097,1414,10889,17,5,Delivery Time,2024-12-22,
1098,4718,25579,28,4,Ambience,2023-09-29,16
1099,989,12607,7,4,Value for Money,2024-06-30,15
1100,293,30347,18,5,Service,2023-01-08,12
1101,5189,16781,16,5,Cleanliness,2024-05-28,
1102,3198,21936,20,4,Delivery Time,2023-11-11,31
1103,103,23781,24,5,Service,2024-09-02,14
1104,5329,11164,24,3,Food Quality,2023-12-09,8
1105,3074,15666,14,5,Delivery Time,2023-04-26,24
1106,1073,5917,25,2,Service,2023-08-23,7
1107,2193,27552,1,5,Value for Money,2024-11-18,33
1108,4313,15457,11,5,Service,2023-03-04,37
1109,420,27856,23,3,Service,2023-12-19,31
1110,2495,12158,2,4,Delivery Time,2024-12-31,8
1111,6388,27693,14,5,Cleanliness,2023-04-10,26
1112,2097,22319,17,4,Cleanliness,2024-11-04,33
1113,2469,11592,3,5,Value for Money,2023-12-29,22
1114,3357,13043,17,2,Ambience,2023-08-26,14
1115,905,130,12,4,Value for Money,2023-02-21,38
1116,4973,7802,9,4,Ambience,2024-03-26,14
1117,574,17376,15,3,Cleanliness,2024-03-20,26
1118,5977,6796,19,4,Ambience,2023-08-06,34
1119,4051,20253,21,3,Delivery Time,2024-10-12,3
1120,6951,2836,27,5,Service,2024-06-05,28
1121,666,23566,4,5,Delivery Time,2024-04-01,4
1122,6016,2992,7,3,Food Quality,2023-02-26,16
1123,494,4654,3,4,Ambience,2023-07-27,36
1124,3944,19858,8,3,Food Quality,2023-04-10,13
1125,2737,31770,13,4,Delivery Time,2024-01-13,13
1126,5092,9910,17,3,Cleanliness,2024-03-07,38
1127,3759,24276,11,5,Delivery Time,2024-07-14,35
1128,3313,15095,24,3,Delivery Time,2023-04-21,0
1129,6835,23103,2,3,Ambience,2024-08-01,30
1130,3237,25027,21,5,Food Quality,2024-03-17,31
1131,6960,19751,5,3,Service,2024-11-09,27
1132,3653,3672,18,4,Cleanliness,2023-01-14,35
1133,4115,17232,11,4,Ambience,2023-11-21,25
1134,6548,19010,16,3,Service,2023-10-20,4
1135,5251,30130,13,4,Delivery Time,2023-12-30,15
1136,6278,21957,23,5,Delivery Time,2024-11-23,11
1137,1440,24879,2,7,Food Quality,2023-06-28,22
1138,5920,9102,23,3,Ambience,2024-08-01,
1139,5768,184,14,5,Delivery Time,2023-06-11,18
1140,6555,17480,12,5,Value for Money,2024-02-28,36
1141,3474,16243,17,5,Food Quality,2023-10-19,24
1142,6654,8739,25,4,Value for Money,2024-06-25,4
1143,5361,30061,8,3,Delivery Time,2024-11-13,39
1144,125,29453,5,5,Cleanliness,2024-01-01,19
1145,1737,9600,2,3,Value for Money,2023-03-27,0
1146,499,24616,19,3,Ambience,2024-04-30,27
1147,6881,24701,26,5,Value for Money,2024-08-31,32
1148,2838,19538,12,4,Value for Money,2023-12-12,33
1149,4810,4685,28,2,Service,2023-10-28,20
1150,2023,31022,8,4,Service,2024-04-18,25
1151,1973,23190,23,5,Service,2023-05-17,32
1152,5202,28448,2,5,Ambience,2024-09-25,3
1153,6458,7666,11,3,Food Quality,2023-06-17,12
1154,6302,8191,26,4,Ambience,2023-05-16,25
1155,1861,8834,11,4,Ambience,2023-03-15,31
1156,3746,28635,25,4,Service,2023-02-14,31
1157,5360,31784,21,5,Ambience,2023-08-05,29
1158,2535,7513,11,4,Cleanliness,2024-02-03,6
1159,1028,8404,16,3,Food Quality,2024-11-02,27
1160,5290,26106,2,1,Service,2023-06-17,40
1161,99999,999999,999,9,Delivery Time,2024-12-21,13
1162,4422,15893,17,5,Service,2023-02-07,20
1163,4678,19715,8,4,Food Quality,2024-02-19,29
1164,3348,20565,22,4,Ambience,2023-04-04,23
1165,5842,24323,10,4,Service,2023-03-17,29
1166,6565,27122,25,2,Ambience,2024-02-07,6
1167,6430,1207,15,4,Delivery Time,2023-03-11,
1168,2960,14003,15,4,Cleanliness,2023-05-07,15
1169,6688,15419,17,3,Ambience,2024-12-16,11
1170,3226,2813,4,4,Ambience,2023-06-12,36
1171,3601,11253,15,4,Food Quality,2023-01-08,40
1172,2685,11725,25,4,Ambience,2023-12-21,0
1173,4896,13096,18,3,Cleanliness,2024-03-18,33
1174,338,26933,17,2,Food Quality,2023-05-07,25
1175,1230,258,15,4,Cleanliness,2023-12-20,3
1176,3989,6602,3,5,Cleanliness,2023-01-31,18
1177,5709,9344,21,4,Cleanliness,2024-02-08,12
1178,5714,16481,1,4,Service,2023-03-27,6
1179,3822,1101,16,5,Cleanliness,2023-07-15,10
1180,1201,29683,27,5,Food Quality,2023-12-11,33
1181,2346,5527,3,4,Value for Money,2024-05-11,25
1182,1921,12050,21,5,Service,2024-05-20,
1183,5503,13076,6,5,Cleanliness,2024-04-13,
1184,1361,15914,28,2,Cleanliness,2023-07-03,3
1185,5223,31246,22,5,Value for Money,2024-11-01,27
1186,327,17110,21,4,Value for Money,2024-01-27,38
1187,1563,7819,7,2,Food Quality,2023-05-14,26
1188,3287,10772,10,4,Cleanliness,2023-09-25,29
1189,503,26659,12,5,Food Quality,2024-01-21,28
1190,6166,8916,12,2,Service,2024-04-10,15
1191,6598,23647,18,4,Ambience,2023-07-16,
1192,3843,5973,6,5,Cleanliness,2024-04-10,34
1193,4439,12351,3,5,Service,2024-08-27,34
1194,5073,18629,19,1,Ambience,2024-06-17,5
1195,1782,18433,9,3,Cleanliness,2023-02-04,4
1196,3439,10939,10,3,Food Quality,2023-01-20,36
1197,5078,26935,12,4,Food Quality,2024-09-27,13
1198,3236,15787,7,5,Cleanliness,2024-10-29,15
1199,4165,3462,27,3,Food Quality,2024-10-04,18
1200,3522,25258,27,1,Cleanliness,2023-09-27,10
1201,4073,25073,23,5,Ambience,2024-06-21,11
1202,2956,2847,23,5,Delivery Time,2023-08-25,23
1203,5425,28117,19,5,Service,2023-11-28,40
1204,1390,17210,9,3,Food Quality,2023-02-17,20
1205,1089,20967,23,5,Delivery Time,2024-02-09,33
1206,1400,10392,8,5,Delivery Time,2023-10-05,8
1207,6353,4988,9,4,Ambience,2023-04-19,11
1208,1877,5221,3,4,Ambience,2024-01-18,9
1209,3833,25117,28,5,Delivery Time,2024-10-29,15
1210,1894,25768,27,4,Value for Money,2024-07-11,4
1211,4021,3204,6,2,Value for Money,2024-01-30,4
1212,6061,3205,17,4,Cleanliness,2023-06-09,18
1213,591,2190,24,1,Value for Money,2023-05-07,7
1214,6451,24435,22,2,Delivery Time,2023-12-07,17
1215,3065,7565,11,5,Food Quality,2024-08-26,22
1216,3097,7289,9,4,Cleanliness,2023-10-14,13
1217,6952,30488,23,5,Delivery Time,2023-08-25,13
1218,1445,24444,20,5,Food Quality,2023-02-18,
1219,365,27271,12,5,Delivery Time,2023-12-11,37
1220,5146,14909,2,4,Food Quality,2023-03-07,21
1221,6890,29368,5,5,Food Quality,2023-12-13,2
1222,2969,29705,27,3,Service,2023-12-27,8
1223,1916,15296,19,5,Service,2023-09-19,38
1224,6789,27252,6,5,Cleanliness,2023-01-03,30
1225,3250,6486,28,4,Food Quality,2024-12-26,21
1226,765,3151,28,2,Food Quality,2023-04-21,40
1227,465,2089,3,5,Value for Money,2023-12-26,34
1228,4459,29477,16,4,Delivery Time,2023-07-30,3
1229,6185,25938,28,5,Service,2023-02-19,39
1230,3872,17571,19,3,Food Quality,2024-05-06,23
1231,6001,21898,6,3,Ambience,2023-12-16,10
1232,5807,2373,3,4,Delivery Time,2023-07-20,4
1233,3301,31963,28,2,Ambience,2024-06-17,23
1234,2166,22108,4,4,Cleanliness,2024-12-06,34
1235,6310,2185,22,4,Service,2023-03-28,25
1236,5907,6967,4,4,Value for Money,2023-05-06,22
1237,2769,30943,24,3,Value for Money,2024-05-18,
1238,3757,13163,8,5,Ambience,2023-06-21,14
1239,1678,30431,25,5,Food Quality,2024-07-06,40
1240,4338,12304,24,5,Food Quality,2024-08-14,17
1241,2804,22583,18,4,Food Quality,2024-06-30,27
1242,1928,19043,23,4,Delivery Time,2023-12-31,31
1243,6189,17672,27,4,Ambience,2023-10-23,26
1244,2371,19520,15,4,Cleanliness,2023-11-18,23
1245,3272,4381,25,2,Delivery Time,2023-01-05,37
1246,4672,16111,24,4,Service,2024-09-22,25
1247,4606,20043,10,4,Cleanliness,2023-06-10,28
1248,4362,20486,21,5,Ambience,2024-08-30,36
1249,6339,11890,1,4,Value for Money,2023-06-09,
1250,265,17232,9,3,Value for Money,2024-12-16,14
1251,2861,31609,18,2,Service,2024-08-21,29
1252,6805,31329,17,4,Delivery Time,2023-05-14,35
1253,5207,4282,14,4,Ambience,2023-06-22,5
1254,52,5399,23,9,Value for Money,2024-01-18,24
1255,1489,23601,2,4,Delivery Time,2023-09-17,12
1256,3828,5076,27,4,Ambience,2023-03-01,39
1257,341,20643,4,5,Delivery Time,2024-07-26,24
1258,556,16957,7,4,Service,2023-11-09,17
1259,4939,17839,19,5,Delivery Time,2023-10-13,35
1260,763,16990,23,5,Service,2024-05-15,11
1261,6725,24615,18,5,Value for Money,2024-12-28,0
1262,6336,8922,18,2,Service,2023-03-15,18
1263,4165,1975,24,4,Food Quality,2024-07-04,26
1264,2198,28591,27,2,Delivery Time,2024-06-02,2
1265,6500,27094,14,5,Service,2023-08-29,4
1266,3745,12994,11,5,Delivery Time,2023-03-12,
1267,391,5060,4,4,Value for Money,2024-02-10,23
1268,4347,25160,12,5,Service,2024-05-22,28
1269,99999,999999,999,9,Cleanliness,2023-05-26,37
1270,1114,1464,5,4,Food Quality,2024-03-27,26
1271,6338,11252,26,4,Ambience,2023-03-24,37
1272,1667,13811,15,1,Cleanliness,2024-09-12,36
1273,2947,24383,26,4,Service,2023-05-25,8
1274,6507,11665,20,5,Ambience,2023-07-06,34
1275,3332,28317,16,5,Service,2023-04-10,12
1276,1624,28005,11,3,Food Quality,2023-12-17,31
1277,3779,24412,24,5,Cleanliness,2023-05-06,23
1278,5332,21421,2,4,Cleanliness,2023-03-22,32
1279,5141,19436,26,3,Delivery Time,2023-05-06,3
1280,452,5318,23,3,Value for Money,2024-02-25,17
1281,5979,22233,22,1,Ambience,2023-02-06,20
1282,5888,31068,20,1,Delivery Time,2024-06-08,29
1283,6175,15808,2,5,Food Quality,2023-08-08,10
1284,1611,30129,18,5,Ambience,2024-02-10,30
1285,5798,15678,21,10,Ambience,2024-03-12,0
1286,1998,27435,4,4,Ambience,2023-04-13,9
1287,3369,11323,8,4,Cleanliness,2023-10-01,23
1288,2838,11575,16,4,Food Quality,2023-06-17,13
1289,2324,1213,16,5,Food Quality,2024-11-08,32
1290,4786,11186,13,5,Service,2024-10-07,36
1291,1066,13306,7,4,Value for Money,2024-05-17,14
1292,5732,21817,18,4,Value for Money,2024-10-28,8
1293,4202,27000,19,4,Service,2024-07-05,25
1294,99999,999999,999,6,Ambience,2024-12-27,16
1295,5491,18181,25,5,Service,2023-06-04,29
1296,4115,6020,22,4,Value for Money,2024-08-31,6
1297,2502,31222,14,5,Service,2024-06-16,33
1298,1193,25997,28,2,Service,2024-08-02,39
1299,6401,24025,15,5,Value for Money,2023-04-11,31
1300,6564,17626,20,3,Delivery Time,2024-08-25,17
1301,2753,17402,17,3,Delivery Time,2023-08-20,29
1302,6489,16224,28,2,Cleanliness,2024-06-04,3
1303,5775,8052,8,2,Cleanliness,2024-11-11,12
1304,3504,12994,4,3,Value for Money,2024-04-23,5
1305,499,21176,9,5,Delivery Time,2024-01-10,17
1306,6471,9669,24,4,Value for Money,2024-03-17,21
1307,4696,25617,22,4,Food Quality,2024-12-02,28
1308,4748,5618,27,5,Delivery Time,2023-12-07,38
1309,696,5653,10,4,Value for Money,2024-01-09,3
1310,5418,5686,19,3,Food Quality,2024-08-14,39
1311,5524,4847,25,2,Value for Money,2024-03-09,10
1312,4584,23892,5,3,Food Quality,2023-11-18,27
1313,3737,15722,13,5,Cleanliness,2024-08-23,9
1314,624,6375,28,5,Delivery Time,2024-11-29,8
1315,1653,18495,4,3,Food Quality,2024-10-14,26
1316,97,9473,27,5,Delivery Time,2023-06-02,6
1317,4140,21552,24,2,Service,2024-07-09,33
1318,4149,27057,21,2,Delivery Time,2023-04-29,25
1319,4106,21034,20,4,Cleanliness,2024-11-12,19
1320,3913,1166,20,5,Delivery Time,2023-08-06,30
1321,6582,23445,22,5,Service,2024-05-10,
1322,5507,17043,19,5,Service,2023-07-25,25
1323,2115,29839,3,5,Value for Money,2023-08-20,23
1324,6544,4473,11,3,Cleanliness,2023-02-25,14
1325,787,23148,10,5,Service,2023-08-25,1
1326,942,10145,9,2,Ambience,2024-02-10,32
1327,5077,20218,7,2,Delivery Time,2023-11-20,35
1328,1262,21838,25,4,Food Quality,2023-08-09,36
1329,3415,29178,11,5,Ambience,2024-12-23,29
1330,4712,27733,21,4,Ambience,2023-03-06,39
1331,2312,15022,7,5,Service,2024-12-16,4
1332,4992,31133,11,4,Service,2024-11-04,39
1333,1477,22314,13,5,Food Quality,2024-05-23,40
1334,1193,3603,14,4,Cleanliness,2024-07-25,
1335,4952,26055,23,5,Value for Money,2023-10-06,
1336,3420,23841,17,1,Ambience,2024-08-29,32
1337,3193,7636,2,3,Ambience,2023-10-19,10
1338,6914,1405,13,4,Service,2024-09-26,28
1339,5335,2513,18,2,Service,2024-03-23,31
1340,4336,16655,4,3,Ambience,2023-02-09,34
1341,1264,16211,9,4,Service,2024-06-09,25
1342,4931,4763,25,3,Value for Money,2024-02-22,0
1343,6926,7088,19,4,Delivery Time,2023-10-02,40
1344,3496,6774,5,5,Value for Money,2024-03-21,6
1345,785,30852,12,4,Cleanliness,2024-08-31,32
1346,4714,18194,24,4,Delivery Time,2024-07-12,12
1347,6601,9686,14,2,Value for Money,2024-01-12,39
1348,6694,30924,8,1,Food Quality,2023-06-29,20
1349,543,8853,26,5,Ambience,2023-09-13,25
1350,2449,24688,13,5,Value for Money,2024-02-15,23
1351,6445,2128,15,5,Ambience,2024-05-11,12
1352,3181,2607,1,5,Service,2023-01-03,36
1353,5809,11502,15,3,Ambience,2024-02-20,34
1354,4095,19406,12,2,Service,2023-04-29,27
1355,99999,999999,999,6,Cleanliness,2024-03-30,37
1356,6243,12779,26,5,Cleanliness,2023-09-04,15
1357,6428,4998,27,3,Value for Money,2023-10-18,18
1358,3786,17975,12,5,Value for Money,2023-05-16,16
1359,6549,18734,26,3,Ambience,2023-08-07,7
1360,3282,31876,26,5,Food Quality,2023-12-24,17
1361,6176,24342,2,4,Cleanliness,2023-06-04,16
1362,3211,25807,3,2,Cleanliness,2023-11-08,13
1363,1970,31545,4,4,Food Quality,2024-03-02,2
1364,2096,18941,19,4,Food Quality,2023-09-06,7
1365,929,23437,23,5,Value for Money,2023-09-16,8
1366,5376,4327,22,10,Service,2024-01-30,27
1367,5505,178,3,4,Delivery Time,2023-09-16,11
1368,1805,11433,20,5,Delivery Time,2023-03-10,30
1369,6708,24624,23,3,Ambience,2023-05-02,40
1370,957,17845,19,3,Service,2024-08-27,37
1371,4819,31488,20,3,Cleanliness,2024-06-08,9
1372,3123,24755,1,5,Cleanliness,2024-01-28,10
1373,4889,4247,17,4,Value for Money,2023-08-04,18
1374,3306,15226,11,5,Cleanliness,2023-07-02,11
1375,6983,26882,24,5,Delivery Time,2023-11-15,24
1376,2679,13089,2,4,Cleanliness,2023-02-25,24
1377,4175,2701,8,2,Cleanliness,2024-05-26,5
1378,2092,20460,17,3,Value for Money,2024-12-30,0
1379,5957,13060,10,1,Delivery Time,2023-08-22,30
1380,577,28187,5,5,Delivery Time,2024-04-19,29
1381,1386,27955,24,4,Cleanliness,2023-02-13,23
1382,6391,333,23,5,Service,2023-11-04,2
1383,6213,4584,19,5,Cleanliness,2024-04-14,10
1384,6558,30073,9,4,Food Quality,2024-06-08,38
1385,6982,15702,10,5,Service,2024-04-24,36
1386,502,28618,19,4,Cleanliness,2023-10-27,35
1387,3010,18103,11,3,Ambience,2023-12-17,10
1388,4314,28724,9,3,Cleanliness,2024-07-01,20
1389,1887,21502,17,3,Delivery Time,2023-02-21,19
1390,5513,24800,19,5,Value for Money,2023-03-08,24
1391,5580,29782,15,5,Value for Money,2024-04-09,2
1392,539,26323,11,4,Cleanliness,2023-01-11,24
1393,4839,21331,1,5,Cleanliness,2023-09-05,27
1394,6759,10620,14,4,Value for Money,2023-07-26,21
1395,3287,24916,26,4,Value for Money,2023-12-29,15
1396,3793,1040,21,4,Service,2024-02-28,2
1397,3613,17598,19,5,Ambience,2023-09-21,39
1398,20,4710,13,5,Service,2024-05-22,10
1399,5889,29257,17,5,Value for Money,2024-06-01,17
1400,696,6795,25,4,Service,2023-02-25,17
1401,323,20594,24,4,Food Quality,2023-06-18,7
1402,1524,3439,24,5,Delivery Time,2023-07-30,29
1403,4788,96,21,5,Delivery Time,2024-12-15,12
1404,4799,16996,10,2,Food Quality,2024-07-28,25
1405,4579,1584,12,5,Cleanliness,2024-12-08,15
1406,99999,999999,999,10,Ambience,2023-02-20,3
1407,2555,9343,1,4,Cleanliness,2023-03-26,12
1408,5297,28119,1,5,Delivery Time,2023-03-02,31
1409,2571,22064,26,7,Food Quality,2024-09-25,17
1410,3161,20520,5,5,Cleanliness,2023-07-25,7
1411,2283,22225,1,4,Ambience,2024-06-23,4
1412,4994,13167,9,5,Cleanliness,2023-06-14,
1413,1124,23769,14,1,Food Quality,2023-08-04,34
1414,2650,3752,27,3,Food Quality,2023-04-30,13
1415,3239,29176,22,5,Value for Money,2024-05-24,19
1416,6068,7099,8,4,Value for Money,2023-07-02,40
1417,4926,10674,15,3,Food Quality,2023-08-04,26
1418,4488,17488,2,3,Food Quality,2024-10-16,5
1419,856,9786,15,1,Food Quality,2023-05-17,
1420,2605,838,22,4,Value for Money,2024-05-09,36
1421,3201,2333,6,1,Value for Money,2024-08-06,2
1422,4862,9955,15,5,Value for Money,2024-02-28,17
1423,5875,29775,25,4,Delivery Time,2024-06-12,3
1424,6288,22973,23,5,Delivery Time,2023-05-23,37
1425,5546,9290,24,5,Service,2024-04-21,25
1426,2913,16657,10,5,Cleanliness,2024-12-17,26
1427,2729,978,7,4,Ambience,2023-05-26,34
1428,6910,8960,6,4,Food Quality,2023-12-17,32
1429,602,29990,4,5,Service,2023-08-26,10
1430,4014,27094,7,3,Cleanliness,2023-03-12,1
1431,2682,17930,9,4,Delivery Time,2023-08-21,4
1432,2081,16716,21,1,Ambience,2024-10-31,36
1433,3052,6451,6,5,Delivery Time,2023-08-16,28
1434,761,15586,14,5,Cleanliness,2023-07-05,
1435,1604,4647,7,3,Cleanliness,2024-03-14,30
1436,5075,15665,27,2,Cleanliness,2024-01-03,11
1437,3989,15626,26,5,Cleanliness,2023-05-15,18
1438,3070,29359,8,5,Service,2024-12-23,24
1439,2224,3675,7,5,Ambience,2023-04-26,28
1440,2761,16183,25,3,Food Quality,2023-04-12,26
1441,234,2917,25,4,Cleanliness,2024-11-03,16
1442,739,13738,1,3,Food Quality,2023-01-28,26
1443,3012,11363,26,5,Food Quality,2023-07-12,33
1444,5259,14767,16,1,Value for Money,2024-07-25,17
1445,2207,15659,4,5,Cleanliness,2024-10-22,12
1446,2057,15550,17,3,Delivery Time,2023-12-08,15
1447,6612,1281,28,4,Value for Money,2023-02-01,13
1448,2133,6704,15,5,Service,2024-12-17,5
1449,921,7517,8,5,Delivery Time,2023-09-25,19
1450,3607,11418,24,4,Cleanliness,2024-08-15,16
1451,2433,14321,5,2,Service,2024-10-01,19
1452,3418,17775,13,2,Food Quality,2024-11-20,19
1453,2223,6858,24,4,Cleanliness,2024-04-25,15
1454,1988,25257,16,4,Service,2024-05-25,14
1455,4891,21068,24,4,Food Quality,2023-08-05,1
1456,6340,25201,16,4,Value for Money,2023-11-16,40
1457,3107,24889,1,5,Ambience,2023-05-27,29
1458,3531,27357,25,1,Food Quality,2023-02-04,25
1459,5607,15464,25,3,Value for Money,2023-12-12,40
1460,2742,1570,21,4,Delivery Time,2024-08-27,20
1461,622,26990,6,4,Ambience,2023-10-24,39
1462,6507,7851,24,4,Cleanliness,2023-10-19,1
1463,5489,4666,25,4,Cleanliness,2024-11-12,34
1464,2834,17078,10,3,Ambience,2023-01-18,25
1465,6882,23983,26,4,Service,2024-05-10,30
1466,3423,3678,14,5,Service,2023-07-29,13
1467,1745,25375,17,5,Delivery Time,2024-02-25,18
1468,5869,20832,8,4,Ambience,2023-11-22,7
1469,2066,1609,8,3,Delivery Time,2024-08-09,24
1470,1044,5394,11,4,Ambience,2024-01-04,11
1471,4202,31605,27,3,Service,2023-01-24,
1472,3101,27066,3,3,Cleanliness,2024-06-05,15
1473,823,18289,4,4,Ambience,2023-08-19,6
1474,2870,31642,9,4,Cleanliness,2023-06-05,32
1475,6128,2872,25,2,Service,2023-05-03,9
1476,4724,16828,11,5,Cleanliness,2023-08-09,18
1477,2895,21167,4,5,Ambience,2024-09-21,18
1478,791,2900,3,4,Value for Money,2024-01-01,2
1479,172,9151,28,4,Cleanliness,2024-02-27,11
1480,6397,17271,1,5,Food Quality,2024-10-06,24
1481,4074,5468,5,4,Service,2024-02-29,9
1482,4407,23418,12,5,Delivery Time,2024-11-13,0
1483,6532,2625,4,4,Value for Money,2024-06-24,
1484,2082,2344,8,3,Service,2024-10-26,31
1485,3004,23223,11,3,Food Quality,2023-07-20,20
1486,3126,17753,20,4,Value for Money,2023-10-11,24
1487,5445,22656,27,3,Service,2024-12-05,36
1488,6162,8046,19,3,Delivery Time,2023-07-19,28
1489,5389,12023,21,3,Delivery Time,2024-06-22,13
1490,3440,3193,15,3,Ambience,2023-08-07,20
1491,3705,21141,5,5,Cleanliness,2023-09-07,27
1492,5772,1563,15,3,Delivery Time,2024-01-13,26
1493,4845,27005,13,3,Delivery Time,2023-08-27,
1494,5553,25691,9,3,Cleanliness,2024-01-04,20
1495,1283,25648,14,3,Value for Money,2024-11-15,0
1496,6486,6031,20,2,Food Quality,2023-09-17,4
1497,1292,22779,13,4,Service,2024-02-06,7
1498,2717,483,12,5,Service,2023-06-23,12
1499,3364,23622,26,3,Delivery Time,2024-08-18,29
1500,2097,4448,22,4,Service,2023-11-03,21
1501,3611,5097,12,4,Service,2023-01-23,33
1502,99999,999999,999,8,Cleanliness,2023-06-11,36
1503,1415,10412,5,5,Cleanliness,2024-07-21,33
1504,6757,27160,18,4,Service,2023-11-01,7
1505,481,2877,26,3,Service,2023-01-01,12
1506,4661,10257,24,5,Delivery Time,2023-03-21,10
1507,5035,3770,9,5,Service,2024-12-16,28
1508,5779,23003,23,3,Ambience,2024-06-04,32
1509,4324,25227,6,1,Food Quality,2024-03-13,23
1510,718,7183,5,3,Delivery Time,2023-10-19,36
1511,6691,31875,6,3,Ambience,2024-01-07,20
1512,6794,929,4,5,Cleanliness,2023-01-22,16
1513,3952,4362,15,1,Delivery Time,2023-09-11,35
1514,1710,15293,3,4,Cleanliness,2023-07-01,21
1515,4562,19513,13,4,Service,2024-08-20,16
1516,1200,26615,22,5,Value for Money,2023-01-30,10
1517,3582,7572,17,1,Food Quality,2023-11-11,31
1518,1589,9365,28,5,Cleanliness,2024-08-12,33
1519,4744,2874,5,2,Service,2024-03-26,40
1520,3482,19670,27,5,Ambience,2024-10-13,14
1521,6787,27445,13,5,Ambience,2023-02-11,12
1522,3040,18432,18,4,Food Quality,2024-11-24,11
1523,2477,16793,13,4,Ambience,2024-01-26,20
1524,971,20664,7,5,Service,2023-06-13,31
1525,5639,14080,17,5,Value for Money,2024-03-20,36
1526,1092,590,10,5,Food Quality,2024-02-17,30
1527,1609,3249,8,5,Value for Money,2024-10-16,20
1528,5748,26043,3,4,Food Quality,2024-05-09,1
1529,641,7977,2,5,Value for Money,2023-02-17,26
1530,1777,9508,7,5,Cleanliness,2024-08-29,35
1531,4457,20214,3,4,Service,2024-12-14,20
1532,2131,4614,26,5,Delivery Time,2024-01-13,19
1533,3099,25755,27,5,Value for Money,2023-01-09,22
1534,6513,6273,25,3,Delivery Time,2023-07-07,19
1535,2516,8397,27,4,Service,2023-03-09,2
1536,5708,14946,8,5,Delivery Time,2023-04-10,2
1537,3215,419,9,3,Cleanliness,2024-06-06,27
1538,1720,23166,8,4,Value for Money,2023-10-19,4
1539,3819,2031,14,4,Delivery Time,2023-01-31,2
1540,613,23002,24,3,Food Quality,2024-03-07,6
1541,3170,8431,11,5,Ambience,2023-09-05,0
1542,4828,437,28,5,Service,2023-10-10,2
1543,2987,15961,13,4,Food Quality,2023-05-22,
1544,1849,10139,5,4,Ambience,2023-03-14,36
1545,3620,507,12,4,Service,2023-07-30,19
1546,1882,17637,26,1,Service,2024-12-12,19
1547,4876,26297,7,1,Cleanliness,2023-11-19,27
1548,5368,1653,26,2,Service,2023-07-04,32
1549,6820,18944,16,4,Service,2023-04-15,1
1550,790,24637,19,5,Service,2023-12-01,2
1551,1468,15987,20,4,Food Quality,2023-10-07,26
1552,1924,31964,23,5,Delivery Time,2024-01-21,24
1553,4177,30820,10,4,Value for Money,2023-10-03,40
1554,4768,28309,5,4,Service,2024-10-22,37
1555,5286,14313,18,2,Cleanliness,2023-09-02,35
1556,2031,11537,15,4,Ambience,2024-03-29,8
1557,2573,13155,15,4,Cleanliness,2023-08-21,11
1558,3974,2859,26,5,Delivery Time,2024-04-16,24
1559,2490,15403,24,4,Delivery Time,2023-05-30,0
1560,6989,10208,28,4,Service,2023-09-22,30
1561,3699,18270,25,5,Value for Money,2023-10-24,34
1562,3787,15032,27,3,Delivery Time,2024-03-30,0
1563,1734,7169,21,2,Cleanliness,2023-12-14,14
1564,1550,17122,5,5,Cleanliness,2024-06-14,6
1565,5473,23368,3,2,Delivery Time,2024-11-21,31
1566,630,9460,8,5,Service,2024-11-14,40
1567,3783,11052,19,3,Delivery Time,2023-08-07,28
1568,2808,11736,23,4,Delivery Time,2023-04-15,25
1569,3747,21627,19,3,Service,2023-02-18,14
1570,717,16159,22,5,Food Quality,2024-08-20,38
1571,6495,31740,15,4,Ambience,2023-02-03,
1572,2185,11860,4,2,Service,2024-07-28,14
1573,3241,14900,21,3,Value for Money,2024-06-03,24
1574,5833,19764,12,3,Food Quality,2023-05-05,34
1575,4088,4120,16,5,Food Quality,2024-08-14,34
1576,2213,23929,20,5,Cleanliness,2023-08-05,15
1577,2167,15463,1,5,Food Quality,2024-12-20,40
1578,4806,25497,23,4,Delivery Time,2023-10-05,36
1579,4264,4598,10,5,Cleanliness,2024-03-19,10
1580,6544,24654,16,2,Food Quality,2023-06-21,33
1581,4569,22763,11,5,Ambience,2023-12-24,7
1582,6612,8141,7,3,Value for Money,2024-03-07,36
1583,6828,14489,19,4,Ambience,2023-11-16,13
1584,4906,6599,18,4,Ambience,2023-06-02,14
1585,1938,16625,9,3,Ambience,2023-07-20,36
1586,5849,20931,14,5,Value for Money,2023-12-27,7
1587,2253,27668,2,4,Ambience,2024-07-11,7
1588,4572,19129,25,4,Service,2023-04-07,33
1589,2357,31549,20,4,Cleanliness,2024-06-24,10
1590,2373,527,1,5,Delivery Time,2023-03-21,29
1591,3854,28642,9,4,Ambience,2024-12-28,19
1592,791,23462,5,3,Service,2024-03-01,15
1593,2915,20851,10,5,Value for Money,2024-03-18,8
1594,80,11849,6,1,Food Quality,2023-09-21,7
1595,2193,9410,8,5,Ambience,2023-02-15,27
1596,1178,26617,14,2,Ambience,2023-10-18,36
1597,3119,7503,5,5,Cleanliness,2024-10-21,36
1598,112,11748,16,3,Service,2023-04-08,15
1599,2758,5419,11,2,Cleanliness,2023-07-03,25
1600,2943,1344,2,4,Food Quality,2024-09-12,22
1601,1717,10292,25,3,Delivery Time,2023-03-19,16
1602,6481,2272,6,7,Cleanliness,2023-05-07,38
1603,6058,8143,14,4,Ambience,2023-09-17,22
1604,4893,12556,13,5,Cleanliness,2023-11-08,
1605,6815,25179,1,4,Value for Money,2023-04-15,4
1606,5792,25568,10,4,Cleanliness,2024-08-16,20
1607,1899,3624,13,3,Food Quality,2024-11-17,17
1608,974,14063,17,5,Delivery Time,2023-03-08,14
1609,3806,27149,16,5,Ambience,2023-07-19,
1610,99999,999999,999,10,Value for Money,2024-03-07,40
1611,6494,13870,20,5,Cleanliness,2024-01-27,36
1612,879,30019,1,5,Ambience,2023-04-20,34
1613,6126,18403,18,5,Delivery Time,2023-06-04,18
1614,2285,21106,8,5,Food Quality,2024-03-06,27
1615,4711,29355,6,4,Value for Money,2024-09-28,23
1616,1428,31249,10,5,Food Quality,2024-07-13,9
1617,6527,5689,2,4,Cleanliness,2024-06-23,0
1618,5950,17666,27,5,Ambience,2024-10-12,14
1619,70,30032,15,4,Cleanliness,2023-12-17,24
1620,6801,1565,19,5,Service,2023-10-08,22
1621,4211,4888,27,5,Delivery Time,2024-02-25,26
1622,5748,9129,3,4,Service,2023-01-17,6
1623,5482,30038,12,9,Delivery Time,2023-02-05,30
1624,478,10459,28,1,Cleanliness,2023-11-22,21
1625,3753,15652,23,5,Ambience,2023-01-27,34
1626,24,24476,7,4,Service,2023-07-14,16
1627,6199,25196,18,4,Food Quality,2024-06-08,3
1628,3384,9395,1,5,Food Quality,2024-11-07,13
1629,1225,1142,11,5,Delivery Time,2024-12-13,6
1630,5671,3993,26,4,Delivery Time,2024-02-07,32
1631,5190,15952,27,3,Ambience,2023-08-19,19
1632,4737,17942,4,3,Ambience,2024-10-21,31
1633,6589,4880,22,3,Cleanliness,2023-04-09,30
1634,5036,31013,17,2,Value for Money,2024-11-28,28
1635,3625,20068,13,5,Value for Money,2023-11-15,10
1636,99999,999999,999,7,Service,2023-10-01,7
1637,6669,14829,6,4,Ambience,2024-06-29,14
1638,454,27024,19,4,Cleanliness,2024-03-22,37
1639,4725,12319,22,5,Service,2024-11-29,12
1640,5978,314,2,4,Service,2024-03-13,12
1641,4837,26845,2,5,Delivery Time,2024-08-17,28
1642,775,12381,10,5,Service,2024-10-02,20
1643,6330,24175,24,5,Ambience,2024-06-13,27
1644,2467,1292,28,5,Delivery Time,2024-05-29,5
1645,3181,22654,15,1,Delivery Time,2024-07-09,21
1646,5331,9171,19,5,Delivery Time,2024-11-29,33
1647,5211,15090,20,1,Food Quality,2023-01-11,0
1648,2785,26084,20,4,Food Quality,2024-10-02,21
1649,5325,6937,27,4,Delivery Time,2024-03-16,31
1650,2364,5781,18,5,Service,2023-12-01,39
1651,1540,6894,23,5,Ambience,2024-02-04,20
1652,6115,26442,15,1,Ambience,2023-01-26,30
1653,5996,11685,4,5,Value for Money,2023-11-28,9
1654,3641,6608,14,4,Cleanliness,2024-02-04,7
1655,3976,21157,28,5,Value for Money,2024-09-26,
1656,897,8906,22,5,Delivery Time,2023-12-26,12
1657,2578,157,10,1,Food Quality,2023-07-20,14
1658,2266,25478,28,3,Ambience,2024-09-13,18
1659,6237,1020,17,4,Cleanliness,2023-09-20,8
1660,2849,15058,5,4,Food Quality,2023-01-08,8
1661,1729,14734,28,4,Food Quality,2024-07-23,19
1662,3026,23721,18,5,Value for Money,2024-07-28,39
1663,6838,8824,27,4,Delivery Time,2023-09-12,36
1664,371,30279,4,4,Cleanliness,2023-02-09,4
1665,2336,1220,17,3,Food Quality,2024-05-22,40
1666,1471,12845,28,2,Service,2024-02-21,4
1667,1131,10092,2,3,Delivery Time,2023-04-19,26
1668,6260,20590,19,5,Value for Money,2023-07-18,7
1669,6867,11850,27,2,Cleanliness,2023-11-21,13
1670,2376,13709,14,4,Ambience,2023-04-29,35
1671,2886,27488,3,2,Service,2024-06-24,22
1672,6996,15489,16,5,Ambience,2024-10-09,8
1673,4437,3612,24,3,Ambience,2023-12-23,8
1674,29,25598,21,4,Food Quality,2024-04-10,31
1675,5378,4207,17,5,Service,2024-06-11,15
1676,3718,207,10,3,Value for Money,2023-11-10,34
1677,5945,15232,22,1,Service,2024-11-19,26
1678,6371,5585,10,4,Delivery Time,2023-08-18,30
1679,1790,1003,10,1,Delivery Time,2023-12-22,9
1680,3404,1740,17,4,Delivery Time,2023-08-04,9
1681,338,24306,4,5,Food Quality,2024-03-05,19
1682,6945,2228,10,1,Service,2023-11-05,9
1683,4558,2846,4,5,Value for Money,2024-06-12,32
1684,5418,17407,9,4,Cleanliness,2024-07-28,8
1685,5494,7223,17,5,Food Quality,2024-05-26,19
1686,6883,13512,22,3,Food Quality,2023-12-01,3
1687,2154,2757,18,5,Cleanliness,2024-05-25,22
1688,2339,16025,3,5,Service,2024-03-19,26
1689,4086,22652,6,2,Value for Money,2024-04-20,10
1690,2659,4663,7,2,Value for Money,2024-11-13,3
1691,257,4683,4,2,Delivery Time,2023-07-23,6
1692,2184,23562,28,3,Food Quality,2024-04-03,27
1693,2463,355,12,4,Ambience,2023-03-26,20
1694,5508,16655,16,4,Cleanliness,2023-11-23,6
1695,3456,11658,28,3,Food Quality,2023-01-18,22
1696,852,30094,3,5,Cleanliness,2024-09-28,26
1697,36,145,9,5,Ambience,2024-09-28,9
1698,6340,17842,25,5,Value for Money,2023-05-05,17
1699,6058,31425,22,3,Service,2024-10-09,12
1700,1186,29949,9,4,Cleanliness,2023-07-27,25
1701,2730,30816,10,4,Cleanliness,2023-09-29,33
1702,6317,19802,1,4,Food Quality,2024-06-28,13
1703,3975,23504,18,4,Value for Money,2024-12-30,23
1704,5629,2331,1,5,Value for Money,2024-04-04,13
1705,6377,26877,24,4,Cleanliness,2023-11-29,1
1706,5044,2942,2,5,Ambience,2023-03-07,4
1707,4747,20003,22,1,Cleanliness,2024-02-23,35
1708,5510,27318,24,2,Ambience,2023-09-04,30
1709,838,10282,16,4,Service,2024-10-25,18
1710,4399,10471,16,5,Service,2023-08-10,5
1711,5049,7560,20,5,Food Quality,2023-05-17,6
1712,1893,13354,19,4,Delivery Time,2024-11-14,34
1713,5410,12085,16,3,Service,2023-01-10,
1714,3021,26624,11,5,Cleanliness,2024-08-14,3
1715,75,3856,11,4,Food Quality,2024-08-13,2
1716,1986,19576,21,4,Service,2023-05-10,38
1717,1893,14238,23,4,Cleanliness,2023-08-21,24
1718,4629,4719,20,5,Value for Money,2023-04-15,26
1719,4709,12561,2,5,Food Quality,2023-12-17,38
1720,5090,19789,28,4,Service,2023-06-16,
1721,3676,23183,22,4,Ambience,2024-06-14,25
1722,2319,3363,15,5,Value for Money,2023-04-01,14
1723,1527,2836,2,2,Ambience,2024-04-22,26
1724,5884,17245,12,2,Value for Money,2024-03-25,36
1725,1337,27580,22,4,Service,2024-02-26,
1726,6612,11969,3,2,Delivery Time,2023-02-03,36
1727,2614,5613,10,4,Service,2024-11-03,24
1728,4690,3255,1,10,Delivery Time,2024-01-08,24
1729,6525,19976,2,5,Ambience,2023-11-21,37
1730,3738,20743,6,4,Cleanliness,2023-08-01,16
1731,260,2396,25,3,Delivery Time,2023-09-06,7
1732,2089,28758,6,5,Service,2024-03-09,1
1733,977,25666,27,4,Ambience,2023-04-25,25
1734,4541,16491,22,3,Food Quality,2023-11-21,26
1735,99999,999999,999,7,Food Quality,2024-07-22,18
1736,2538,29216,21,5,Delivery Time,2024-04-13,1
1737,4895,1225,1,4,Ambience,2024-06-04,3
1738,723,19262,26,4,Cleanliness,2023-07-10,30
1739,99999,999999,999,7,Value for Money,2023-05-20,8
1740,2270,12289,9,4,Cleanliness,2024-07-11,24
1741,1364,18998,17,4,Delivery Time,2023-05-24,15
1742,5116,2975,19,4,Food Quality,2023-05-20,30
1743,6990,21966,2,4,Ambience,2024-12-01,33
1744,5732,14464,16,4,Value for Money,2024-12-14,21
1745,426,4233,18,4,Value for Money,2024-06-18,34
1746,4284,30706,18,4,Cleanliness,2023-03-01,10
1747,2757,4931,25,3,Ambience,2024-10-12,31
1748,5176,155,28,5,Ambience,2024-07-05,12
1749,1182,29853,16,5,Cleanliness,2023-04-23,13
1750,1616,28676,19,4,Delivery Time,2024-03-06,38
1751,6042,8792,10,5,Food Quality,2024-02-26,0
1752,4830,15037,7,3,Delivery Time,2023-09-21,7
1753,925,24748,4,4,Delivery Time,2024-05-15,35
1754,6184,23381,5,4,Ambience,2024-08-12,4
1755,2586,8621,14,4,Food Quality,2024-12-25,39
1756,4629,616,24,3,Service,2024-09-20,31
1757,2484,26093,1,5,Food Quality,2024-11-28,27
1758,4687,12164,9,5,Delivery Time,2024-03-14,36
1759,1988,29980,26,3,Value for Money,2024-05-09,13
1760,5749,26875,16,5,Service,2024-07-14,21
1761,4411,14422,10,3,Value for Money,2024-11-13,18
1762,1114,9572,7,2,Value for Money,2024-08-31,2
1763,2579,4333,13,5,Service,2024-03-11,25
1764,1283,11037,6,3,Ambience,2023-06-02,29
1765,431,12633,5,4,Value for Money,2023-03-16,3
1766,1963,28209,22,5,Cleanliness,2023-08-04,39
1767,1851,5795,15,2,Service,2024-04-06,4
1768,4381,9259,1,4,Cleanliness,2023-06-10,25
1769,3469,17544,16,5,Food Quality,2023-02-17,29
1770,2534,5460,18,4,Ambience,2024-12-12,10
1771,3365,7372,9,3,Ambience,2023-01-07,8
1772,2371,15886,5,3,Cleanliness,2023-10-07,30
1773,4296,21030,6,4,Service,2024-10-28,35
1774,6432,30366,22,5,Cleanliness,2023-05-25,19
1775,6232,22704,10,3,Service,2024-08-09,
1776,4326,22563,15,5,Service,2024-01-22,36
1777,3752,13286,24,4,Delivery Time,2023-02-16,37
1778,4430,3970,11,3,Cleanliness,2024-12-21,18
1779,5906,16893,3,4,Service,2024-09-16,16
1780,3415,30713,12,5,Value for Money,2024-04-05,6
1781,5066,22223,21,2,Service,2023-03-12,10
1782,1378,31210,20,3,Cleanliness,2023-04-23,19
1783,5846,12901,28,5,Delivery Time,2024-02-17,9
1784,5603,23603,15,5,Food Quality,2023-08-18,19
1785,5762,20611,12,1,Cleanliness,2023-05-21,2
1786,3173,11831,17,1,Food Quality,2023-10-27,15
1787,472,26909,9,4,Value for Money,2023-10-22,9
1788,1170,13722,17,2,Delivery Time,2023-10-09,10
1789,4470,26103,8,5,Food Quality,2023-08-06,33
1790,2438,29004,4,5,Cleanliness,2023-09-28,33
1791,99999,999999,999,6,Ambience,2023-07-11,17
1792,3014,829,23,3,Cleanliness,2023-09-19,5
1793,6114,30720,18,5,Ambience,2024-07-03,22
1794,55,27206,19,4,Ambience,2024-09-12,30
1795,5847,7695,26,4,Ambience,2023-03-19,14
1796,5445,16740,16,5,Food Quality,2024-03-17,3
1797,5934,22222,2,5,Service,2024-07-22,30
1798,900,3347,19,4,Ambience,2024-10-13,39
1799,1006,17749,18,5,Cleanliness,2024-01-30,36
1800,2,11608,6,3,Cleanliness,2024-02-15,40
1801,613,4139,21,5,Service,2023-05-22,32
1802,5222,18952,11,3,Value for Money,2024-07-18,16
1803,4706,28019,3,3,Delivery Time,2023-02-11,12
1804,3775,8290,7,4,Cleanliness,2023-10-12,17
1805,99999,999999,999,9,Service,2023-05-21,3
1806,1985,3129,26,3,Value for Money,2024-10-13,35
1807,5401,18249,14,5,Food Quality,2023-12-19,17
1808,3780,8276,28,4,Service,2023-11-30,0
1809,1144,4633,25,4,Service,2023-05-01,11
1810,6344,1134,28,4,Delivery Time,2023-04-12,2
1811,2986,110,15,6,Delivery Time,2024-07-08,2
1812,2959,11966,15,4,Delivery Time,2024-10-24,34
1813,1743,20281,19,5,Value for Money,2024-07-09,14
1814,2249,27570,14,3,Food Quality,2024-12-22,31
1815,3869,26798,17,1,Ambience,2023-03-22,16
1816,2152,25465,15,5,Cleanliness,2024-03-04,37
1817,2980,29168,16,4,Food Quality,2024-01-10,31
1818,6668,28740,11,3,Delivery Time,2023-01-11,28
1819,5554,24017,19,5,Food Quality,2024-11-16,4
1820,5043,6824,27,4,Food Quality,2023-06-18,30
1821,47,17090,21,2,Service,2024-11-24,2
1822,5538,19467,20,1,Ambience,2024-03-09,11
1823,1778,6846,5,4,Food Quality,2023-05-07,17
1824,4882,25588,15,2,Cleanliness,2023-06-13,4
1825,4431,4781,19,3,Cleanliness,2023-01-10,4
1826,6918,19762,21,5,Food Quality,2023-06-26,11
1827,2465,26032,27,5,Value for Money,2024-03-11,36
1828,46,4511,21,3,Value for Money,2024-10-28,18
1829,3491,724,2,3,Delivery Time,2024-04-24,13
1830,5336,1445,3,1,Food Quality,2023-04-23,26
1831,1171,15859,11,5,Food Quality,2024-07-26,36
1832,1240,7074,11,4,Food Quality,2023-10-21,21
1833,545,12774,14,5,Value for Money,2024-03-28,12
1834,6113,17500,22,4,Service,2023-06-20,40
1835,5822,6866,28,3,Cleanliness,2023-09-20,31
1836,3154,27870,6,2,Cleanliness,2023-09-14,10
1837,3059,922,8,3,Food Quality,2024-11-14,24
1838,2773,27013,28,5,Ambience,2023-07-07,14
1839,5448,30258,18,3,Cleanliness,2024-08-15,35
1840,4206,25686,22,5,Ambience,2024-09-26,13
1841,244,14375,18,5,Service,2023-11-10,13
1842,99999,999999,999,9,Delivery Time,2024-09-12,10
1843,442,11912,28,5,Food Quality,2023-08-10,30
1844,5624,4198,6,4,Cleanliness,2024-07-21,4
1845,3359,6456,21,3,Delivery Time,2023-09-11,
1846,6637,12172,5,4,Delivery Time,2023-09-17,6
1847,492,1516,10,1,Cleanliness,2024-01-31,24
1848,141,6341,15,2,Food Quality,2024-11-26,14
1849,6621,12443,8,2,Delivery Time,2024-01-22,20
1850,779,12151,19,3,Value for Money,2023-12-25,27
1851,3214,8856,19,2,Value for Money,2023-01-09,25
1852,2993,23778,7,3,Delivery Time,2023-05-03,32
1853,938,11659,6,4,Cleanliness,2024-12-16,32
1854,5162,24983,26,5,Service,2023-03-30,32
1855,212,9206,19,3,Value for Money,2023-11-28,11
1856,4421,31864,23,3,Service,2024-01-12,21
1857,6545,17258,6,5,Service,2023-11-03,13
1858,5675,7891,8,2,Food Quality,2024-04-08,29
1859,5731,29547,22,4,Value for Money,2023-11-01,
1860,1447,14502,26,4,Ambience,2024-11-20,35
1861,945,30985,25,1,Service,2023-09-21,11
1862,6507,25067,23,3,Food Quality,2024-04-19,32
1863,2078,17394,3,5,Service,2024-03-26,8
1864,5667,11035,26,5,Cleanliness,2023-10-18,8
1865,3082,22320,5,5,Cleanliness,2023-08-24,1
1866,300,10061,5,3,Ambience,2023-04-07,37
1867,3098,9360,4,4,Ambience,2024-05-15,12
1868,4036,26713,23,4,Delivery Time,2023-11-28,39
1869,4314,1884,14,5,Service,2024-12-30,23
1870,5736,11584,28,3,Food Quality,2024-06-11,9
1871,3448,3878,27,1,Value for Money,2024-11-03,25
1872,1369,19579,4,5,Delivery Time,2024-05-22,
1873,6356,2000,11,5,Ambience,2023-11-18,24
1874,3212,331,12,2,Cleanliness,2024-05-05,38
1875,4943,6679,16,5,Delivery Time,2024-07-05,19
1876,196,5212,27,5,Value for Money,2024-04-08,1
1877,4918,1494,17,4,Service,2024-01-23,32
1878,2058,18404,10,2,Delivery Time,2024-12-02,11
1879,5360,14559,16,4,Cleanliness,2024-11-24,
1880,974,14270,14,5,Ambience,2023-04-16,26
1881,4928,30599,26,7,Cleanliness,2023-07-14,0
1882,1487,16940,7,5,Food Quality,2024-05-22,27
1883,5183,25976,9,4,Delivery Time,2024-07-31,40
1884,3738,26021,24,4,Service,2024-04-22,39
1885,1751,12182,24,5,Delivery Time,2023-02-18,2
1886,1696,18072,9,3,Food Quality,2024-09-15,14
1887,1312,17232,25,2,Value for Money,2023-03-11,15
1888,99999,999999,999,10,Ambience,2024-11-26,40
1889,1083,20430,25,5,Ambience,2023-03-23,28
1890,2746,22908,13,4,Value for Money,2024-10-11,33
1891,875,7445,2,4,Service,2023-09-23,31
1892,6172,27229,2,5,Ambience,2023-09-07,25
1893,6921,13699,25,5,Food Quality,2024-05-09,36
1894,2735,27303,11,5,Service,2023-08-25,8
1895,352,14097,4,4,Ambience,2024-06-23,38
1896,4991,21889,16,5,Ambience,2024-05-04,23
1897,4971,17682,26,5,Delivery Time,2024-03-06,27
1898,1696,18771,1,5,Cleanliness,2023-02-15,8
1899,4096,18493,5,4,Ambience,2024-06-17,17
1900,5972,11383,11,4,Food Quality,2023-10-27,15
1901,5275,26302,22,5,Value for Money,2023-05-07,37
1902,2076,30551,28,5,Cleanliness,2024-12-14,26
1903,4009,9404,13,5,Ambience,2023-01-14,32
1904,6627,29857,28,1,Food Quality,2024-05-16,17
1905,3561,18515,15,2,Food Quality,2023-01-04,21
1906,3687,27685,9,5,Delivery Time,2024-01-11,23
1907,4034,15727,16,3,Value for Money,2023-09-08,13
1908,3034,26048,28,5,Cleanliness,2024-08-15,11
1909,2229,26654,11,4,Service,2024-06-06,34
1910,3288,26844,14,4,Delivery Time,2023-05-03,27
1911,263,17132,11,2,Cleanliness,2023-01-21,1
1912,6807,19612,26,5,Service,2023-07-16,37
1913,5818,2297,17,3,Food Quality,2024-09-30,6
1914,444,27126,24,3,Service,2024-12-15,
1915,6462,5560,11,5,Ambience,2024-09-26,34
1916,6114,9554,24,5,Value for Money,2023-01-28,34
1917,6806,21159,20,4,Value for Money,2023-05-16,16
1918,1533,10903,11,4,Value for Money,2024-07-19,36
1919,5844,10458,8,3,Ambience,2024-12-05,17
1920,5967,19536,22,5,Cleanliness,2024-10-25,34
1921,2860,3591,25,5,Delivery Time,2023-01-24,18
1922,1176,30508,8,5,Service,2023-04-06,10
1923,3889,23565,23,4,Ambience,2023-12-03,
1924,811,14932,5,1,Food Quality,2023-10-27,14
1925,5096,31487,7,3,Delivery Time,2023-09-08,20
1926,5953,12785,1,5,Service,2024-08-22,36
1927,3670,15505,24,4,Cleanliness,2024-11-09,21
1928,5422,19826,20,4,Cleanliness,2023-09-01,38
1929,6833,9056,24,2,Food Quality,2023-09-12,5
1930,5558,29323,15,1,Value for Money,2024-10-19,27
1931,1347,11995,26,4,Ambience,2023-03-21,15
1932,2740,3089,11,3,Delivery Time,2024-10-05,1
1933,6070,1281,5,5,Ambience,2023-03-17,37
1934,5464,3699,11,5,Service,2023-09-07,33
1935,3742,19699,3,5,Ambience,2023-03-24,15
1936,3248,20277,23,1,Ambience,2023-01-03,30
1937,4366,2872,4,4,Value for Money,2024-10-05,1
1938,2304,16792,8,1,Ambience,2023-05-10,39
1939,2768,17319,11,5,Service,2023-12-19,
1940,1664,15710,1,3,Value for Money,2024-04-08,20
1941,2186,11447,27,4,Food Quality,2023-12-02,31
1942,6653,13783,18,4,Ambience,2023-07-06,2
1943,5350,21406,6,2,Delivery Time,2023-12-29,6
1944,871,20044,27,2,Delivery Time,2023-11-30,26
1945,4409,27080,20,4,Value for Money,2024-07-09,11
1946,775,1552,11,4,Ambience,2024-07-22,18
1947,1684,11948,3,4,Delivery Time,2023-08-03,23
1948,4078,6426,24,5,Food Quality,2024-12-08,8
1949,5866,2637,11,5,Food Quality,2023-08-15,13
1950,2232,15469,5,3,Food Quality,2024-07-28,35
1951,334,4995,26,4,Food Quality,2023-06-18,32
1952,1265,17363,22,4,Food Quality,2023-08-25,22
1953,5357,19840,24,3,Value for Money,2024-04-30,33
1954,6598,18995,1,3,Ambience,2024-01-15,8
1955,5227,7291,28,5,Ambience,2023-07-29,40
1956,2117,31009,8,3,Ambience,2024-10-19,16
1957,1177,31759,6,3,Service,2023-09-10,3
1958,6065,14491,28,4,Service,2024-12-29,22
1959,4486,6773,9,5,Service,2024-01-03,26
1960,6968,2943,8,1,Service,2024-04-09,32
1961,6090,27700,18,3,Service,2024-03-17,38
1962,5332,157,9,5,Value for Money,2023-08-31,6
1963,6938,17301,6,5,Service,2024-07-13,8
1964,4255,22937,23,5,Food Quality,2024-03-14,14
1965,2500,25892,14,1,Cleanliness,2024-06-10,27
1966,5770,561,2,4,Service,2024-01-10,26
1967,6429,4896,21,5,Value for Money,2024-11-21,21
1968,1365,19003,14,4,Delivery Time,2023-03-26,19
1969,4851,16200,24,4,Ambience,2024-07-21,26
1970,5370,30382,20,4,Cleanliness,2024-11-27,28
1971,2716,4063,28,4,Food Quality,2024-11-22,9
1972,521,1797,23,6,Cleanliness,2024-05-04,0
1973,1208,27388,24,5,Food Quality,2023-12-12,28
1974,3906,19358,25,3,Cleanliness,2024-11-23,6
1975,284,15000,28,4,Food Quality,2024-08-18,32
1976,6730,4364,23,3,Value for Money,2023-08-14,20
1977,6816,6561,1,3,Ambience,2024-08-02,3
1978,341,29614,23,5,Cleanliness,2023-05-09,31
1979,1163,20234,17,5,Food Quality,2024-01-15,3
1980,6681,26604,8,5,Service,2024-07-22,36
1981,5704,1384,23,3,Service,2024-12-05,5
1982,366,9339,20,4,Value for Money,2024-11-20,10
1983,3908,27815,4,2,Delivery Time,2023-01-22,9
1984,4878,9960,9,5,Value for Money,2023-05-19,25
1985,3862,24798,18,3,Delivery Time,2024-11-26,31
1986,6897,30970,15,4,Cleanliness,2024-05-06,37
1987,4091,14866,21,5,Cleanliness,2023-09-02,15
1988,1145,3615,26,5,Service,2023-01-23,20
1989,3474,4146,19,5,Cleanliness,2024-02-28,14
1990,3892,5249,10,5,Service,2024-01-27,15
1991,592,20978,17,5,Cleanliness,2024-01-21,32
1992,5584,25728,11,1,Delivery Time,2024-06-24,39
1993,3246,13025,12,4,Cleanliness,2023-05-16,31
1994,383,16704,20,4,Value for Money,2024-07-29,4
1995,771,18406,3,4,Service,2023-08-30,6
1996,5683,29815,26,1,Ambience,2024-08-03,30
1997,1120,5066,12,5,Ambience,2024-04-26,4
1998,1285,24952,2,4,Value for Money,2024-09-14,
1999,3199,25144,12,4,Value for Money,2024-12-04,37
2000,3156,2517,4,4,Ambience,2024-01-02,34
2001,4471,10809,6,5,Ambience,2024-04-18,18
2002,6127,22190,3,2,Delivery Time,2024-06-12,4
2003,4026,1701,19,5,Ambience,2023-12-21,25
2004,2490,16841,1,5,Food Quality,2024-06-28,17
2005,2643,26221,10,4,Value for Money,2023-06-01,18
2006,3376,29430,28,4,Value for Money,2023-11-28,7
2007,4562,24949,8,2,Food Quality,2023-06-28,30
2008,5609,5234,17,4,Cleanliness,2024-08-24,23
2009,2026,18643,26,4,Ambience,2024-06-12,4
2010,1138,15946,23,3,Delivery Time,2023-07-09,22
2011,813,18326,8,3,Service,2024-01-19,27
2012,605,9721,20,3,Cleanliness,2024-07-12,30
2013,376,28324,28,4,Service,2023-03-16,6
2014,39,27745,20,5,Delivery Time,2024-06-09,16
2015,143,8911,15,4,Food Quality,2024-05-25,38
2016,3785,12214,28,3,Ambience,2024-05-14,8
2017,969,19657,9,4,Service,2024-07-23,38
2018,2060,29940,27,5,Service,2023-02-11,30
2019,3967,29831,11,4,Service,2023-03-19,30
2020,1517,5441,23,4,Service,2024-09-16,19
2021,4475,1606,7,5,Delivery Time,2024-07-26,12
2022,1211,4577,11,5,Value for Money,2023-10-15,11
2023,287,11972,23,5,Ambience,2023-11-02,2
2024,2701,29267,25,4,Value for Money,2023-08-14,2
2025,4691,18588,3,5,Value for Money,2024-07-05,
2026,3565,27349,6,4,Delivery Time,2024-12-06,22
2027,1203,31537,13,4,Food Quality,2024-09-22,0
2028,4158,11778,28,3,Food Quality,2023-04-26,8
2029,5458,10869,10,4,Value for Money,2023-01-19,14
2030,3260,4794,26,5,Value for Money,2024-02-05,37
2031,673,14097,8,4,Service,2023-02-15,33
2032,4442,30281,27,5,Cleanliness,2023-11-01,0
2033,99999,999999,999,9,Delivery Time,2023-11-21,
2034,2661,8023,1,5,Delivery Time,2024-08-10,40
2035,2935,17438,9,4,Cleanliness,2023-07-30,4
2036,6252,12408,2,5,Ambience,2023-01-12,9
2037,1804,21352,2,5,Service,2023-06-20,12
2038,6588,1005,7,3,Cleanliness,2024-09-04,12
2039,3586,26696,25,3,Service,2023-01-24,31
2040,44,11620,17,5,Cleanliness,2024-01-17,29
2041,1818,17209,15,4,Cleanliness,2023-07-02,10
2042,2284,3853,8,5,Value for Money,2023-11-08,8
2043,4559,30097,24,5,Food Quality,2023-08-25,14
2044,3863,30727,6,2,Service,2023-07-05,
2045,3381,28177,17,5,Food Quality,2024-04-15,21
2046,6129,27530,12,5,Cleanliness,2023-02-16,39
2047,330,1854,2,5,Food Quality,2023-08-17,6
2048,3247,15064,16,2,Food Quality,2024-01-18,6
2049,5832,31461,19,2,Value for Money,2024-08-12,25
2050,3623,7322,23,3,Service,2023-07-08,23
2051,2625,23314,27,5,Delivery Time,2024-04-17,21
2052,3446,10749,12,2,Value for Money,2023-04-07,14
2053,6433,6161,24,5,Ambience,2024-10-04,0
2054,985,100,14,4,Cleanliness,2024-06-20,5
2055,5292,26530,18,1,Service,2024-02-19,22
2056,368,28434,11,4,Cleanliness,2023-08-27,8
2057,6725,2150,27,5,Service,2023-09-07,18
2058,1810,19885,22,5,Service,2024-10-05,17
2059,3852,15816,14,5,Food Quality,2023-11-18,34
2060,2715,6915,21,4,Delivery Time,2023-06-03,39
2061,2283,3627,4,2,Ambience,2023-11-27,21
2062,214,31527,3,5,Cleanliness,2024-09-12,2
2063,985,28201,11,4,Ambience,2024-07-25,38
2064,2079,8275,28,5,Delivery Time,2023-01-24,1
2065,1707,26966,13,4,Ambience,2024-01-19,23
2066,6170,10032,3,2,Food Quality,2024-01-11,9
2067,109,16702,24,5,Cleanliness,2023-03-18,37
2068,1034,13856,5,5,Ambience,2023-06-22,20
2069,4118,16641,22,4,Food Quality,2023-09-23,13
2070,1983,12338,21,4,Delivery Time,2023-04-10,25
2071,4586,26406,25,4,Ambience,2024-03-20,12
2072,2539,7439,3,2,Delivery Time,2024-05-19,9
2073,6061,26928,16,5,Delivery Time,2024-02-15,1
2074,3264,19856,7,5,Service,2023-08-16,25
2075,138,122,26,5,Delivery Time,2024-02-27,23
2076,5464,15421,11,3,Ambience,2024-09-10,17
2077,3781,574,9,2,Food Quality,2024-06-13,17
2078,1936,11668,4,5,Cleanliness,2024-12-11,12
2079,140,19838,1,4,Food Quality,2024-01-06,20
2080,6235,12462,10,3,Ambience,2023-09-05,0
2081,4058,14217,2,5,Delivery Time,2024-09-09,3
2082,6597,24075,21,5,Cleanliness,2023-01-08,25
2083,5914,14547,4,3,Food Quality,2024-10-26,31
2084,6947,3034,16,4,Service,2023-05-29,7
2085,2184,15628,27,5,Ambience,2023-06-26,39
2086,3710,31561,26,4,Value for Money,2024-08-13,23
2087,2961,5574,13,5,Ambience,2023-06-11,10
2088,6954,23178,21,4,Ambience,2024-12-10,
2089,5865,23030,1,3,Ambience,2024-01-20,39
2090,2432,2546,28,5,Ambience,2023-07-22,36
2091,3275,1318,15,5,Service,2023-11-16,6
2092,3942,18941,25,4,Service,2024-05-13,14
2093,1317,1495,15,4,Service,2024-09-22,16
2094,682,26576,27,5,Food Quality,2023-08-30,18
2095,5033,27367,6,4,Service,2023-09-22,26
2096,2530,12626,22,5,Cleanliness,2023-03-23,28
2097,4906,31311,16,5,Value for Money,2024-09-25,0
2098,3444,6498,15,4,Cleanliness,2024-02-08,20
2099,2641,14622,6,4,Food Quality,2024-01-04,18
2100,1268,6000,9,4,Cleanliness,2023-01-11,40
2101,197,1084,9,5,Ambience,2023-09-19,36
2102,5463,12580,6,2,Cleanliness,2024-02-03,35
2103,3873,16888,18,5,Value for Money,2024-07-07,38
2104,5733,20306,2,4,Delivery Time,2024-01-02,11
2105,3089,1996,12,4,Food Quality,2023-05-18,32
2106,6568,21624,19,5,Food Quality,2023-11-10,24
2107,6273,25029,27,5,Value for Money,2024-11-17,22
2108,1906,31698,28,3,Delivery Time,2024-10-28,4
2109,3485,29408,27,5,Service,2023-01-26,38
2110,4397,20992,24,5,Value for Money,2023-05-25,31
2111,910,29665,13,5,Cleanliness,2024-11-09,
2112,5642,24805,1,4,Food Quality,2023-02-23,29
2113,5994,27444,21,5,Cleanliness,2024-03-08,21
2114,5014,21330,24,4,Value for Money,2024-05-01,13
2115,5142,28226,27,4,Value for Money,2024-10-31,9
2116,6187,13221,14,5,Ambience,2024-01-05,40
2117,4232,29583,6,4,Food Quality,2023-11-09,1
2118,5104,3373,22,5,Ambience,2024-07-23,18
2119,2117,28799,28,5,Delivery Time,2024-12-09,2
2120,6613,26818,24,4,Service,2023-01-03,1
2121,191,21046,13,5,Cleanliness,2024-07-01,20
2122,3792,28411,12,5,Cleanliness,2024-01-07,17
2123,4935,10665,19,3,Cleanliness,2024-03-23,36
2124,3968,4701,21,3,Food Quality,2023-02-05,19
2125,244,6801,3,5,Food Quality,2023-07-03,34
2126,5215,4552,17,4,Value for Money,2024-06-02,30
2127,3529,6163,12,4,Ambience,2024-11-12,32
2128,6528,12564,10,5,Ambience,2023-11-02,33
2129,99999,999999,999,9,Value for Money,2024-07-14,
2130,6880,8062,1,3,Delivery Time,2023-10-03,31
2131,6265,8955,20,3,Food Quality,2023-04-08,28
2132,3225,28743,10,4,Value for Money,2023-04-05,10
2133,786,31799,7,4,Service,2023-06-16,
2134,2940,5745,2,5,Food Quality,2023-07-22,1
2135,5972,16578,26,2,Ambience,2024-06-04,34
2136,1025,23137,1,5,Value for Money,2024-10-27,25
2137,1798,23922,16,3,Service,2023-01-11,32
2138,5454,14458,8,4,Food Quality,2023-06-27,21
2139,2422,17165,15,4,Service,2023-06-24,36
2140,5010,12795,18,5,Value for Money,2024-10-12,32
2141,779,10041,7,4,Delivery Time,2023-11-14,38
2142,2907,16791,16,1,Service,2023-09-22,8
2143,3175,26375,4,5,Value for Money,2023-08-19,40
2144,1194,17800,20,5,Delivery Time,2023-04-10,35
2145,1162,12339,4,3,Cleanliness,2023-08-26,20
2146,4156,11088,17,5,Ambience,2023-06-01,19
2147,2548,30050,2,3,Ambience,2024-02-10,28
2148,6611,3418,14,3,Delivery Time,2024-12-19,25
2149,2934,993,11,4,Food Quality,2023-12-24,23
2150,6298,29223,5,3,Service,2023-10-30,13
2151,6721,29209,10,3,Cleanliness,2023-08-21,2
2152,2917,20496,20,4,Cleanliness,2024-09-09,19
2153,5305,24418,7,5,Cleanliness,2024-10-12,16
2154,4440,5247,22,4,Value for Money,2024-10-07,24
2155,1095,19113,23,2,Value for Money,2023-04-14,36
2156,4805,22405,26,4,Ambience,2023-07-23,19
2157,5626,19470,13,5,Food Quality,2024-09-05,24
2158,77,12943,19,4,Value for Money,2023-07-27,15
2159,761,10927,3,2,Ambience,2023-07-28,10
2160,277,20478,20,2,Delivery Time,2024-04-02,37
2161,5231,14867,13,1,Value for Money,2024-04-24,5
2162,1367,1240,1,5,Value for Money,2023-10-23,10
2163,2625,7642,28,5,Food Quality,2023-02-24,
2164,549,1995,6,4,Delivery Time,2024-03-14,9
2165,5461,28875,3,4,Value for Money,2024-12-11,39
2166,6824,13691,4,4,Delivery Time,2023-11-28,9
2167,6185,11766,5,4,Delivery Time,2024-09-25,24
2168,1963,31627,5,5,Food Quality,2024-03-21,15
2169,2921,902,10,5,Delivery Time,2024-05-14,21
2170,129,24063,11,4,Cleanliness,2023-02-17,16
2171,671,15653,24,4,Food Quality,2023-02-27,15
2172,2836,31253,13,4,Ambience,2023-08-26,22
2173,6671,18974,22,4,Cleanliness,2024-12-18,22
2174,4214,21391,8,4,Delivery Time,2023-05-24,
2175,4137,19788,17,4,Ambience,2023-11-10,38
2176,3927,23525,7,2,Ambience,2023-10-14,34
2177,5097,29113,11,4,Cleanliness,2023-01-10,29
2178,1418,15462,23,1,Food Quality,2023-03-13,31
2179,1570,4253,2,3,Service,2024-04-23,14
2180,1155,17871,4,5,Ambience,2024-10-13,40
2181,288,6070,8,1,Service,2023-01-08,9
2182,4887,7272,5,4,Delivery Time,2024-03-23,34
2183,338,26574,8,5,Delivery Time,2023-11-20,20
2184,2992,29687,19,3,Value for Money,2023-06-19,34
2185,2671,3272,24,4,Service,2023-07-06,23
2186,887,9435,20,5,Delivery Time,2024-09-10,9
2187,2670,18138,26,4,Cleanliness,2024-05-01,40
2188,6901,9533,6,3,Value for Money,2024-09-01,10
2189,6647,2902,22,3,Value for Money,2024-05-12,
2190,1112,11925,16,5,Value for Money,2023-09-29,32
2191,1655,11084,5,5,Ambience,2024-04-27,0
2192,6304,19807,10,3,Ambience,2024-03-22,14
2193,1002,4562,8,5,Delivery Time,2024-12-01,9
2194,4218,1531,2,5,Cleanliness,2024-12-12,28
2195,5012,31373,28,5,Service,2024-05-04,22
2196,5620,5230,25,4,Cleanliness,2024-03-11,30
2197,3841,26227,4,4,Service,2024-07-03,20
2198,1074,31866,21,3,Delivery Time,2024-04-30,24
2199,4110,7931,12,4,Service,2023-11-23,11
2200,4135,11464,12,4,Service,2023-01-11,35
2201,4822,31173,26,2,Cleanliness,2023-05-01,17
2202,6790,16465,9,3,Value for Money,2023-07-30,4
2203,6076,2877,9,2,Delivery Time,2024-09-05,10
2204,2832,2357,20,1,Value for Money,2023-01-18,16
2205,4929,13674,7,4,Service,2024-03-16,33
2206,5957,27156,13,3,Value for Money,2023-02-04,30
2207,4393,5537,7,5,Service,2023-05-23,
2208,6284,7215,19,4,Delivery Time,2024-03-05,9
2209,1383,13380,13,3,Value for Money,2024-01-14,40
2210,6296,3083,28,5,Value for Money,2023-07-08,31
2211,6066,20504,24,3,Food Quality,2023-05-31,
2212,4282,18262,21,1,Value for Money,2023-01-04,36
2213,2495,24680,15,2,Cleanliness,2023-02-19,26
2214,3483,10167,18,5,Cleanliness,2023-03-24,33
2215,5594,27242,6,5,Ambience,2024-10-17,10
2216,1670,17821,14,5,Cleanliness,2023-05-29,35
2217,4504,25637,17,4,Service,2023-06-11,26
2218,5998,29977,5,4,Value for Money,2024-07-21,25
2219,1573,6364,11,5,Service,2024-05-15,19
2220,6534,22165,12,5,Service,2023-12-10,28
2221,5974,17489,1,5,Cleanliness,2023-11-07,8
2222,4029,8131,24,4,Value for Money,2024-11-18,23
2223,6987,18445,11,5,Cleanliness,2024-05-20,4
2224,1005,26,15,4,Delivery Time,2024-03-25,0
2225,1315,23623,22,5,Service,2023-08-18,39
2226,1425,29006,5,3,Delivery Time,2024-03-14,34
2227,59,31658,3,4,Ambience,2023-01-19,20
2228,488,6265,10,2,Food Quality,2024-06-05,15
2229,756,30985,23,3,Service,2023-07-30,13
2230,4799,12595,10,4,Value for Money,2023-03-07,9
2231,414,20740,1,5,Service,2024-05-24,1
2232,3898,30091,16,3,Food Quality,2023-06-24,18
2233,6935,10696,12,4,Ambience,2023-08-04,8
2234,2187,5479,20,4,Value for Money,2024-02-06,12
2235,4663,6345,3,5,Ambience,2024-06-22,14
2236,1069,12714,24,5,Cleanliness,2023-01-08,31
2237,1488,5054,25,4,Value for Money,2023-03-13,27
2238,6646,3378,21,4,Cleanliness,2024-09-24,19
2239,740,12325,20,2,Ambience,2024-05-22,38
2240,6695,30369,20,4,Ambience,2024-03-27,26
2241,6116,7064,6,5,Delivery Time,2024-05-11,29
2242,5790,5413,14,2,Food Quality,2024-06-12,25
2243,1966,30818,11,4,Delivery Time,2024-02-20,8
2244,6751,29823,9,3,Value for Money,2023-06-12,7
2245,1562,13383,7,4,Service,2024-05-25,31
2246,5155,8593,8,3,Delivery Time,2023-09-08,17
2247,1852,22574,26,5,Cleanliness,2024-07-01,26
2248,99999,999999,999,6,Cleanliness,2024-03-09,31
2249,2969,1713,6,5,Value for Money,2024-05-16,1
2250,3045,8579,25,3,Delivery Time,2023-12-08,
2251,5961,28274,22,4,Delivery Time,2023-12-05,32
2252,4935,14816,3,2,Service,2023-03-10,6
2253,5788,6690,25,1,Value for Money,2024-04-27,4
2254,2351,15648,11,4,Delivery Time,2024-02-26,
2255,3720,12084,20,5,Cleanliness,2024-11-03,10
2256,3616,29293,13,2,Delivery Time,2024-11-17,8
2257,3250,18987,4,5,Service,2023-04-21,7
2258,4181,1977,24,2,Value for Money,2023-06-24,0
2259,600,27314,26,4,Food Quality,2023-09-27,6
2260,6332,4256,27,3,Delivery Time,2023-09-25,34
2261,5222,20080,3,3,Service,2024-10-21,8
2262,2861,13937,2,3,Service,2024-12-09,38
2263,4171,30414,9,1,Value for Money,2024-05-21,12
2264,4164,7971,23,5,Value for Money,2023-09-27,23
2265,3147,373,2,5,Value for Money,2024-06-08,23
2266,2057,6023,26,2,Food Quality,2024-09-08,5
2267,64,17281,13,4,Delivery Time,2023-11-11,17
2268,6614,10464,22,3,Value for Money,2024-06-14,38
2269,4181,4700,16,4,Delivery Time,2023-06-29,14
2270,3057,21201,27,2,Cleanliness,2024-10-22,2
2271,3927,27348,7,4,Value for Money,2024-10-25,13
2272,3241,29309,10,4,Value for Money,2023-11-06,39
2273,3104,3830,7,5,Food Quality,2023-02-06,1
2274,4405,20700,26,2,Delivery Time,2023-01-14,29
2275,1406,17332,24,4,Food Quality,2024-02-06,15
2276,6441,10172,6,4,Delivery Time,2024-11-08,7
2277,6215,12481,16,3,Value for Money,2024-05-22,14
2278,4388,3409,22,5,Cleanliness,2024-09-25,21
2279,2393,13380,26,5,Ambience,2024-05-08,7
2280,1590,22825,23,5,Value for Money,2024-02-03,4
2281,3799,11146,23,3,Ambience,2023-06-30,21
2282,4380,20699,1,5,Service,2024-11-12,31
2283,4016,6080,24,5,Value for Money,2024-01-18,37
2284,2011,127,4,5,Cleanliness,2023-09-23,25
2285,6409,2955,13,4,Ambience,2023-04-14,38
2286,2956,17916,14,5,Value for Money,2024-10-18,6
2287,3355,29501,17,4,Service,2024-06-10,14
2288,4159,12356,14,2,Cleanliness,2024-01-10,28
2289,4729,8210,4,4,Cleanliness,2023-07-02,24
2290,35,24089,20,4,Food Quality,2024-06-09,10
2291,618,28866,8,4,Ambience,2023-07-18,
2292,4623,19402,18,4,Cleanliness,2024-06-04,23
2293,6499,5223,6,2,Food Quality,2023-05-26,4
2294,4350,8952,8,5,Delivery Time,2024-11-08,9
2295,802,7343,25,5,Cleanliness,2023-07-20,32
2296,4585,13617,1,5,Delivery Time,2024-10-19,4
2297,99999,999999,999,6,Food Quality,2023-07-19,5
2298,99999,999999,999,6,Service,2023-10-11,28
2299,1362,24402,9,5,Service,2024-10-20,
2300,2814,17230,19,4,Food Quality,2023-02-07,16
2301,1765,6660,25,5,Ambience,2023-09-04,27
2302,5114,4149,8,5,Cleanliness,2024-03-07,35
2303,1286,9742,25,5,Ambience,2023-10-11,24
2304,4339,23837,22,5,Service,2024-05-09,11
2305,6624,25575,11,5,Food Quality,2024-10-17,3
2306,5667,1777,27,2,Ambience,2024-07-06,39
2307,242,28660,27,3,Value for Money,2024-02-17,28
2308,6346,22809,14,4,Food Quality,2023-05-09,9
2309,5119,8255,23,4,Delivery Time,2023-02-22,21
2310,3894,6475,23,5,Delivery Time,2023-05-23,22
2311,5792,15503,9,3,Ambience,2023-06-27,2
2312,1138,7499,4,4,Value for Money,2024-11-26,26
2313,1673,30005,20,5,Cleanliness,2023-08-10,14
2314,2763,25348,16,5,Food Quality,2024-06-25,1
2315,2151,4211,24,5,Ambience,2024-11-20,11
2316,4142,21924,7,4,Food Quality,2024-03-29,1
2317,3693,14907,5,3,Ambience,2023-11-15,40
2318,5146,3487,12,3,Food Quality,2023-12-31,24
2319,2849,31391,28,2,Ambience,2023-08-21,38
2320,5895,20493,19,5,Service,2024-12-30,33
2321,2115,18713,12,5,Service,2023-07-20,28
2322,3887,13350,3,5,Ambience,2024-09-30,13
2323,864,26797,14,4,Delivery Time,2023-03-04,2
2324,99999,999999,999,6,Delivery Time,2023-08-18,8
2325,1132,19696,13,5,Delivery Time,2023-09-22,12
2326,5315,10098,28,3,Value for Money,2024-09-09,
2327,2428,16685,14,3,Ambience,2024-08-17,26
2328,5935,29129,22,4,Ambience,2023-10-28,38
2329,1344,2579,7,3,Delivery Time,2023-07-23,32
2330,2926,1384,14,3,Cleanliness,2024-02-29,32
2331,3361,31260,5,5,Ambience,2023-04-15,15
2332,6696,5573,16,5,Delivery Time,2024-09-13,14
2333,192,5017,1,5,Food Quality,2023-03-16,39
2334,6601,924,22,4,Ambience,2023-04-27,1
2335,5766,9829,6,2,Delivery Time,2024-12-17,17
2336,4456,4931,3,4,Delivery Time,2024-03-30,27
2337,4384,20851,9,4,Service,2024-12-02,
2338,6380,6773,17,5,Food Quality,2023-01-01,2
2339,3261,22790,20,4,Value for Money,2023-09-01,1
2340,3285,11156,14,1,Service,2023-08-18,31
2341,1634,27290,25,5,Value for Money,2023-05-07,6
2342,6316,22601,22,3,Cleanliness,2024-09-28,23
2343,5446,27096,21,2,Cleanliness,2023-06-27,26
2344,6176,23014,23,5,Ambience,2023-07-28,11
2345,4826,3989,25,5,Delivery Time,2023-07-30,25
2346,5391,31795,3,5,Ambience,2023-06-03,35
2347,3342,391,23,2,Service,2024-01-08,36
2348,1240,16687,17,5,Food Quality,2024-04-14,27
2349,5563,25506,23,3,Service,2024-02-16,14
2350,4659,24819,19,4,Service,2023-10-15,37
2351,4103,15113,15,3,Cleanliness,2023-08-04,34
2352,6589,7773,1,5,Food Quality,2024-10-25,37
2353,522,6806,2,3,Delivery Time,2024-01-09,28
2354,26,14357,3,4,Cleanliness,2023-12-18,33
2355,590,9384,18,5,Service,2024-12-15,29
2356,626,18171,11,2,Value for Money,2023-11-12,9
2357,972,3786,19,3,Food Quality,2024-06-23,7
2358,2736,7258,26,5,Food Quality,2024-08-21,31
2359,3717,28443,10,5,Value for Money,2023-02-20,29
2360,3094,13762,3,5,Ambience,2024-09-15,13
2361,2475,8569,7,2,Food Quality,2024-11-29,0
2362,1710,13396,21,1,Cleanliness,2023-09-20,0
2363,4706,12780,21,5,Value for Money,2024-04-23,27
2364,6579,20444,19,4,Service,2023-09-15,7
2365,1955,26600,8,4,Service,2024-11-01,15
2366,3680,26380,3,4,Service,2024-08-07,8
2367,2797,5437,11,5,Value for Money,2024-05-17,35
2368,5900,14564,2,3,Food Quality,2023-12-10,22
2369,6480,7239,14,3,Delivery Time,2024-11-17,23
2370,4656,26693,10,4,Delivery Time,2023-12-15,5
2371,620,93,17,4,Service,2024-06-20,24
2372,4199,30285,4,4,Food Quality,2024-06-20,9
2373,6317,1283,10,2,Service,2024-01-30,32
2374,548,26915,28,3,Cleanliness,2024-04-11,
2375,2103,20252,8,3,Food Quality,2023-03-18,35
2376,815,12098,25,3,Value for Money,2023-04-15,29
2377,99999,999999,999,7,Cleanliness,2024-05-27,
2378,3307,26109,5,4,Value for Money,2024-05-18,40
2379,5261,21829,8,4,Cleanliness,2024-09-23,40
2380,6786,24545,23,4,Cleanliness,2024-12-16,17
2381,2521,3440,14,5,Cleanliness,2024-01-20,28
2382,3256,11769,19,5,Value for Money,2023-02-11,35
2383,4814,13403,26,4,Ambience,2024-04-22,22
2384,4425,8576,10,5,Value for Money,2024-09-27,22
2385,5828,13969,25,4,Cleanliness,2023-03-12,14
2386,4887,29289,15,3,Cleanliness,2023-12-21,29
2387,214,22712,5,5,Service,2023-04-10,9
2388,6273,1081,6,3,Service,2023-04-13,2
2389,4227,30477,23,3,Delivery Time,2024-01-29,18
2390,6184,30461,13,5,Food Quality,2023-11-12,17
2391,5497,22756,27,4,Ambience,2024-10-08,21
2392,2365,27408,26,4,Ambience,2023-06-27,34
2393,5282,9598,15,5,Value for Money,2023-12-17,32
2394,6982,21326,7,1,Delivery Time,2024-12-07,11
2395,282,19252,25,5,Cleanliness,2023-06-03,16
2396,5374,671,22,4,Delivery Time,2024-05-07,12
2397,5905,2524,13,3,Cleanliness,2023-12-29,31
2398,1840,23793,9,5,Delivery Time,2023-06-03,30
2399,341,10388,25,2,Value for Money,2023-01-03,31
2400,5350,16864,8,8,Value for Money,2023-07-03,20
2401,5344,20928,17,5,Service,2023-09-18,2
2402,1249,11409,7,4,Delivery Time,2024-11-21,0
2403,2947,7480,2,3,Service,2023-04-10,17
2404,952,48,2,4,Cleanliness,2023-01-29,26
2405,5456,3215,23,5,Ambience,2023-04-21,2
2406,5042,24092,11,9,Food Quality,2024-05-06,2
2407,6406,29108,28,5,Service,2023-01-11,37
2408,5140,6226,11,4,Service,2024-11-08,10
2409,1678,538,22,4,Cleanliness,2024-11-10,29
2410,1208,31049,21,4,Ambience,2024-09-14,39
2411,2240,20828,5,5,Ambience,2023-07-28,16
2412,6116,17966,26,5,Ambience,2023-03-14,37
2413,4631,489,5,5,Service,2024-07-04,28
2414,4245,15981,3,4,Service,2024-08-25,16
2415,6688,6938,5,5,Service,2023-01-23,31
2416,4254,3775,7,4,Delivery Time,2024-03-14,30
2417,6928,24893,27,5,Cleanliness,2024-10-28,24
2418,6266,28612,22,3,Cleanliness,2023-06-24,10
2419,4311,3836,20,4,Service,2024-06-23,6
2420,1284,25113,9,5,Food Quality,2024-04-08,22
2421,5559,8221,3,3,Food Quality,2023-10-31,10
2422,5680,16358,7,2,Ambience,2024-03-16,30
2423,2803,18989,10,5,Ambience,2024-03-26,21
2424,687,7447,20,4,Value for Money,2024-08-29,18
2425,2303,11861,24,3,Cleanliness,2024-06-28,13
2426,2283,96,2,3,Cleanliness,2024-11-01,14
2427,2153,18431,28,4,Food Quality,2024-02-09,25
2428,2227,12200,14,3,Service,2024-03-23,40
2429,4651,15548,8,4,Value for Money,2023-06-17,10
2430,6199,1582,3,8,Cleanliness,2023-07-06,23
2431,3128,30464,15,5,Service,2023-06-18,37
2432,1389,22907,7,5,Food Quality,2024-04-24,37
2433,5275,23193,3,4,Service,2023-09-23,11
2434,4380,17788,11,4,Food Quality,2024-04-24,28
2435,4257,971,10,4,Food Quality,2024-01-06,18
2436,687,866,16,4,Ambience,2023-10-29,27
2437,3487,17814,5,3,Delivery Time,2023-03-30,24
2438,5072,24577,17,5,Cleanliness,2023-04-18,40
2439,3289,17970,18,5,Value for Money,2023-08-25,23
2440,1319,19409,2,4,Food Quality,2023-03-11,16
2441,131,18298,23,1,Service,2023-11-07,18
2442,2456,24268,13,3,Value for Money,2024-03-16,7
2443,3205,13460,13,4,Food Quality,2024-07-03,4
2444,6593,30530,20,5,Delivery Time,2023-03-19,6
2445,4225,24665,28,3,Cleanliness,2023-10-07,7
2446,3547,10262,2,1,Service,2024-11-22,34
2447,967,24430,22,4,Delivery Time,2024-03-21,39
2448,2998,24496,10,4,Service,2024-10-27,7
2449,1924,23658,26,3,Service,2024-06-08,34
2450,156,29693,18,5,Ambience,2024-02-13,25
2451,2051,3893,24,5,Food Quality,2024-11-05,6
2452,211,24232,27,4,Food Quality,2024-11-02,36
2453,1081,31702,5,4,Delivery Time,2024-10-01,25
2454,6839,3068,5,5,Ambience,2024-11-09,30
2455,329,27542,27,5,Delivery Time,2024-09-26,6
2456,4993,30855,2,5,Food Quality,2023-08-06,10
2457,920,18047,25,5,Food Quality,2024-03-12,27
2458,4972,24292,10,2,Food Quality,2024-10-09,37
2459,5295,20328,19,3,Service,2024-06-28,4
2460,6661,24163,5,4,Delivery Time,2024-02-10,23
2461,1677,14017,26,4,Delivery Time,2023-04-26,10
2462,3443,2516,27,4,Service,2024-06-16,39
2463,2717,2340,22,5,Food Quality,2023-03-11,15
2464,4413,13976,14,4,Service,2023-06-01,31
2465,5998,3522,27,4,Service,2024-05-03,23
2466,1742,23245,7,2,Cleanliness,2023-10-11,
2467,3074,13252,9,4,Service,2024-02-23,37
2468,4081,30584,14,4,Food Quality,2024-11-08,30
2469,6988,2131,20,4,Food Quality,2023-06-13,15
2470,1530,25183,13,4,Service,2024-05-30,18
2471,906,6455,23,4,Value for Money,2024-02-15,2
2472,126,12203,21,1,Ambience,2023-03-26,4
2473,5415,29632,20,1,Ambience,2024-08-05,24
2474,5240,9742,2,4,Ambience,2024-05-15,
2475,3308,4030,12,4,Food Quality,2023-12-18,17
2476,164,8097,16,4,Cleanliness,2023-02-05,2
2477,757,26905,10,4,Food Quality,2023-09-01,39
2478,2860,28110,11,4,Service,2023-04-15,8
2479,3779,444,21,4,Delivery Time,2023-09-17,24
2480,6759,15348,27,5,Ambience,2023-09-18,40
2481,2538,22362,5,3,Delivery Time,2024-03-12,0
2482,4473,31172,22,4,Service,2024-10-23,38
2483,6239,20369,20,3,Cleanliness,2024-06-20,32
2484,5142,27862,1,5,Ambience,2024-10-31,32
2485,95,30979,3,3,Value for Money,2023-09-18,12
2486,2887,3100,15,4,Service,2024-03-26,25
2487,3688,15515,18,4,Ambience,2024-12-31,19
2488,675,6488,16,4,Delivery Time,2024-01-04,21
2489,4187,5679,11,4,Delivery Time,2024-10-22,8
2490,5922,24652,2,2,Value for Money,2024-04-29,28
2491,4496,29376,25,5,Value for Money,2024-01-30,24
2492,4467,30897,12,5,Ambience,2023-03-28,29
2493,227,3955,21,3,Food Quality,2023-07-17,23
2494,1019,28579,20,4,Delivery Time,2023-05-12,16
2495,5207,22530,28,4,Cleanliness,2023-04-25,6
2496,1034,24819,22,5,Value for Money,2024-01-28,39
2497,3448,13955,27,4,Delivery Time,2024-01-27,31
2498,99999,999999,999,7,Food Quality,2023-12-02,4
2499,4198,7431,22,1,Delivery Time,2023-06-15,1
2500,4264,6470,25,5,Value for Money,2024-10-22,8
2501,6402,2305,27,5,Delivery Time,2023-09-02,22
2502,1098,20389,20,5,Delivery Time,2023-10-15,26
2503,302,16025,17,4,Value for Money,2023-06-18,20
2504,845,13874,7,1,Food Quality,2023-10-30,35
2505,6874,8470,9,3,Service,2023-01-30,14
2506,3307,24154,23,5,Ambience,2023-05-04,18
2507,2126,6112,4,4,Cleanliness,2023-04-18,25
2508,3740,9284,21,3,Ambience,2023-04-22,11
2509,3804,22881,7,3,Ambience,2023-09-12,27
2510,306,5560,15,5,Delivery Time,2024-06-26,1
2511,6337,14258,14,4,Value for Money,2024-08-12,22
2512,5168,7368,10,4,Value for Money,2023-02-17,12
2513,3567,25969,23,5,Cleanliness,2024-10-15,11
2514,2524,5792,28,5,Value for Money,2024-07-08,10
2515,3563,5815,22,5,Delivery Time,2024-10-17,19
2516,5354,2840,2,3,Value for Money,2023-07-20,28
2517,3149,2395,2,1,Cleanliness,2023-03-04,37
2518,3003,7870,26,5,Ambience,2024-08-06,2
2519,5462,31128,6,3,Value for Money,2024-09-03,34
2520,4245,14369,6,4,Ambience,2023-03-28,
2521,884,19645,27,4,Cleanliness,2024-04-06,22
2522,6816,19561,10,2,Ambience,2023-09-03,6
2523,5880,23486,24,5,Ambience,2023-10-28,3
2524,5985,4706,22,4,Cleanliness,2024-04-25,40
2525,3775,25246,25,5,Value for Money,2024-10-06,12
2526,456,22849,8,4,Ambience,2024-03-11,2
2527,1691,14377,26,5,Cleanliness,2023-06-26,12
2528,6179,4823,24,3,Delivery Time,2024-05-04,13
2529,6775,18967,22,4,Value for Money,2024-07-10,13
2530,2769,30650,27,3,Cleanliness,2023-12-16,19
2531,1075,25212,22,4,Delivery Time,2024-02-04,9
2532,712,13588,2,4,Value for Money,2024-01-04,11
2533,2738,19481,3,5,Value for Money,2024-05-18,3
2534,426,1921,16,5,Ambience,2024-03-17,16
2535,1237,16819,18,3,Delivery Time,2024-12-11,21
2536,255,28172,1,5,Service,2023-10-23,21
2537,6819,20161,27,5,Food Quality,2024-05-26,14
2538,804,24715,10,3,Cleanliness,2023-01-15,12
2539,5822,29992,21,5,Value for Money,2024-01-12,27
2540,5763,9378,26,5,Cleanliness,2023-07-15,1
2541,4327,7129,19,3,Food Quality,2023-03-30,19
2542,310,17545,5,4,Value for Money,2024-12-11,36
2543,5316,9527,2,4,Delivery Time,2024-12-25,7
2544,30,31189,27,3,Food Quality,2023-02-15,0
2545,2861,15726,24,4,Delivery Time,2024-06-23,23
2546,6646,18045,23,4,Ambience,2024-12-29,2
2547,4489,10681,17,4,Food Quality,2023-01-17,25
2548,6119,13650,10,3,Delivery Time,2024-09-06,13
2549,1015,27385,14,5,Cleanliness,2024-04-12,4
2550,347,23868,14,4,Service,2024-01-06,27
2551,4416,12634,15,5,Delivery Time,2023-05-30,4
2552,2985,18200,6,5,Ambience,2023-03-08,31
2553,659,21974,27,3,Cleanliness,2023-09-13,13
2554,1381,26333,18,5,Ambience,2023-05-22,13
2555,1464,17641,18,5,Cleanliness,2024-10-25,31
2556,4796,4989,28,5,Cleanliness,2024-04-03,35
2557,2488,25275,5,4,Value for Money,2024-04-04,17
2558,5453,17081,21,3,Food Quality,2024-11-15,27
2559,5595,11570,15,5,Value for Money,2023-03-13,35
2560,2087,31839,24,2,Delivery Time,2023-03-03,36
2561,99999,999999,999,10,Food Quality,2024-09-14,34
2562,3934,16360,27,4,Value for Money,2024-06-02,27
2563,4302,103,21,1,Food Quality,2023-12-16,36
2564,4535,19466,26,4,Food Quality,2024-05-31,2
2565,4110,29291,22,5,Service,2024-04-19,30
2566,5311,31111,19,5,Delivery Time,2024-12-30,18
2567,5589,9863,14,4,Ambience,2024-03-13,0
2568,2891,22333,27,1,Delivery Time,2024-02-12,11
2569,3171,30056,26,5,Service,2023-03-11,6
2570,3900,16418,23,4,Food Quality,2024-04-12,13
2571,3557,30223,25,5,Cleanliness,2024-12-12,38
2572,120,20640,20,4,Ambience,2023-03-25,35
2573,5548,1887,10,2,Delivery Time,2024-05-03,29
2574,6860,27022,3,4,Ambience,2023-10-30,0
2575,3679,8443,3,5,Ambience,2024-06-09,33
2576,2360,21729,8,4,Food Quality,2023-05-05,39
2577,3402,10498,17,5,Service,2024-01-23,4
2578,99999,999999,999,6,Service,2023-05-15,33
2579,1850,12524,16,3,Food Quality,2023-02-23,39
2580,1944,19167,1,3,Value for Money,2024-10-22,22
2581,6872,22523,13,5,Food Quality,2023-11-20,7
2582,1404,20003,25,5,Food Quality,2023-01-30,0
2583,2577,12602,13,5,Cleanliness,2024-07-30,16
2584,3035,5499,23,3,Ambience,2023-05-08,35
2585,3392,24037,25,4,Cleanliness,2023-05-24,21
2586,4117,18983,16,5,Service,2024-05-30,30
2587,1524,1423,10,2,Service,2023-07-21,40
2588,5169,15874,10,4,Cleanliness,2024-08-20,21
2589,3412,21018,7,5,Service,2023-03-07,5
2590,511,15038,15,5,Food Quality,2023-06-03,36
2591,3898,12666,16,5,Ambience,2023-10-27,35
2592,3322,10280,10,9,Service,2024-03-21,25
2593,5792,18699,3,5,Food Quality,2023-05-08,18
2594,99999,999999,999,7,Cleanliness,2024-11-24,30
2595,5404,4296,1,4,Ambience,2024-02-28,13
2596,6462,10701,17,4,Ambience,2024-06-21,
2597,3897,6997,23,3,Food Quality,2023-07-21,8
2598,992,12504,18,5,Service,2023-07-09,14
2599,5889,13374,2,5,Delivery Time,2024-11-20,37
2600,4912,27365,9,1,Delivery Time,2023-03-01,25
2601,1788,17807,25,5,Cleanliness,2023-11-20,18
2602,4678,16688,22,5,Delivery Time,2024-12-28,34
2603,6679,5320,3,2,Value for Money,2024-04-23,29
2604,5428,414,21,2,Food Quality,2024-01-10,0
2605,4029,8340,8,5,Service,2023-05-28,12
2606,4448,7100,13,5,Delivery Time,2023-08-11,
2607,3511,28903,19,5,Service,2024-12-26,26
2608,6062,18631,17,4,Ambience,2024-04-10,34
2609,5952,31274,18,4,Value for Money,2024-10-31,18
2610,2509,30010,26,2,Food Quality,2023-02-14,20
2611,198,26478,26,4,Delivery Time,2024-02-06,15
2612,1098,5683,27,5,Value for Money,2023-04-24,10
2613,3900,16895,28,4,Food Quality,2023-09-01,20
2614,99999,999999,999,7,Food Quality,2024-09-14,13
2615,6127,16667,13,4,Cleanliness,2023-05-12,9
2616,1749,15026,1,5,Value for Money,2024-02-26,
2617,387,7779,7,2,Service,2023-09-09,4
2618,1315,2238,6,4,Ambience,2023-04-19,37
2619,4507,23390,12,5,Delivery Time,2023-07-26,3
2620,4354,1282,21,4,Ambience,2023-08-13,28
2621,1956,18169,27,5,Service,2024-06-28,5
2622,99999,999999,999,9,Value for Money,2024-11-12,2
2623,87,10797,10,3,Delivery Time,2023-12-15,27
2624,2314,11222,24,3,Service,2024-08-03,18
2625,4538,24214,27,3,Food Quality,2023-06-22,38
2626,4537,23947,21,4,Delivery Time,2024-07-30,11
2627,1274,31660,5,5,Ambience,2024-04-17,13
2628,4990,27506,8,2,Ambience,2023-02-23,34
2629,5077,26494,1,5,Value for Money,2023-04-08,6
2630,1178,13508,1,4,Cleanliness,2024-04-02,8
2631,188,10120,27,3,Cleanliness,2023-02-28,5
2632,983,17119,25,3,Delivery Time,2023-02-21,20
2633,5568,23124,18,4,Food Quality,2023-03-17,21
2634,4751,31702,20,3,Value for Money,2024-11-13,22
2635,4567,6918,12,4,Cleanliness,2023-08-25,0
2636,1718,24691,27,3,Service,2023-10-24,8
2637,1136,7895,5,4,Delivery Time,2024-01-06,40
2638,1796,12929,16,4,Cleanliness,2024-07-11,30
2639,1994,7193,28,4,Delivery Time,2024-12-26,7
2640,328,1690,19,5,Food Quality,2024-08-14,15
2641,801,14354,17,5,Delivery Time,2024-05-01,2
2642,99999,999999,999,8,Delivery Time,2023-06-25,38
2643,4410,27700,18,4,Food Quality,2024-10-23,21
2644,5019,25767,19,5,Food Quality,2024-11-09,39
2645,5087,24755,22,5,Cleanliness,2024-04-25,32
2646,5769,6465,16,4,Food Quality,2024-09-19,25
2647,3406,18950,2,5,Ambience,2023-11-11,23
2648,3087,9914,10,4,Food Quality,2023-04-16,33
2649,1209,31773,27,3,Food Quality,2024-04-04,37
2650,4563,10113,26,4,Cleanliness,2024-06-27,18
2651,2539,30676,12,4,Delivery Time,2023-08-03,36
2652,6960,24019,24,4,Delivery Time,2023-07-10,23
2653,6029,11494,10,5,Delivery Time,2024-06-04,39
2654,3631,8218,13,4,Value for Money,2023-11-12,15
2655,1071,21115,18,5,Delivery Time,2024-09-26,11
2656,5684,8602,15,4,Ambience,2023-10-11,19
2657,6711,2029,24,3,Value for Money,2024-11-03,26
2658,1488,14528,4,5,Service,2024-07-04,39
2659,819,28590,9,4,Delivery Time,2024-10-07,1
2660,5876,29497,2,5,Delivery Time,2023-07-21,32
2661,665,21754,18,4,Service,2023-11-19,34
2662,5885,19113,22,4,Food Quality,2023-10-19,34
2663,2526,20143,1,5,Ambience,2023-04-03,18
2664,2476,3599,9,3,Value for Money,2024-12-08,13
2665,4023,1425,25,5,Service,2023-05-25,32
2666,3598,6378,19,1,Food Quality,2024-03-20,13
2667,5350,21649,10,4,Ambience,2023-01-01,18
2668,4055,26407,19,3,Service,2024-08-05,29
2669,1299,14303,5,5,Ambience,2023-03-08,14
2670,4630,14481,2,4,Service,2024-05-20,26
2671,4432,22654,9,4,Ambience,2023-11-24,18
2672,1027,6725,9,3,Cleanliness,2024-02-17,22
2673,6610,16473,27,5,Ambience,2023-11-04,0
2674,1997,20229,6,5,Value for Money,2023-08-30,8
2675,3519,2183,27,4,Ambience,2024-11-14,18
2676,264,22693,4,4,Food Quality,2024-08-04,33
2677,5133,27834,10,4,Ambience,2024-07-09,22
2678,2878,9291,15,4,Ambience,2023-05-24,27
2679,2545,18911,10,3,Service,2023-03-27,20
2680,6376,5136,28,4,Delivery Time,2024-12-01,
2681,5836,2409,11,3,Service,2023-02-10,9
2682,5379,29588,9,4,Food Quality,2024-11-14,26
2683,6102,26066,13,3,Service,2024-01-04,29
2684,5507,30675,2,4,Cleanliness,2024-09-22,0
2685,1242,26068,9,1,Ambience,2024-09-22,4
2686,5662,26904,4,5,Food Quality,2024-01-05,21
2687,587,7193,16,4,Cleanliness,2023-10-08,16
2688,6110,30658,25,5,Food Quality,2023-09-19,33
2689,6818,548,27,4,Food Quality,2024-07-02,21
2690,3611,30726,16,5,Delivery Time,2024-12-07,20
2691,6510,15408,16,5,Value for Money,2024-07-23,2
2692,2578,17073,2,5,Value for Money,2024-12-16,19
2693,4914,30058,15,5,Service,2023-06-03,23
2694,5130,4002,16,5,Service,2023-02-23,36
2695,222,24587,24,4,Food Quality,2023-04-28,14
2696,6893,20590,22,5,Food Quality,2023-11-27,38
2697,6667,25719,3,3,Ambience,2023-06-02,13
2698,4383,25974,1,3,Service,2024-10-08,23
2699,5674,22262,16,4,Food Quality,2024-10-12,23
2700,5480,19325,16,3,Value for Money,2023-06-03,30
2701,3820,13409,18,5,Delivery Time,2024-12-24,39
2702,3590,12891,22,4,Delivery Time,2024-02-07,20
2703,5270,25062,7,3,Value for Money,2024-06-02,24
2704,4832,22934,9,3,Food Quality,2023-09-29,6
2705,1907,14619,27,5,Service,2023-11-30,29
2706,4528,26824,20,4,Value for Money,2023-05-11,2
2707,3253,14107,8,2,Delivery Time,2023-09-11,28
2708,6408,29286,23,4,Cleanliness,2023-11-16,7
2709,5391,27849,2,3,Service,2024-12-15,28
2710,99999,999999,999,9,Value for Money,2023-11-03,38
2711,4192,8921,20,5,Delivery Time,2024-06-08,13
2712,3763,14591,25,5,Delivery Time,2023-03-24,21
2713,6426,4900,23,3,Ambience,2023-04-07,16
2714,5697,21750,19,5,Cleanliness,2023-12-03,2
2715,5464,3883,17,5,Service,2023-02-03,38
2716,5164,12375,5,5,Ambience,2023-02-27,18
2717,4733,19006,22,5,Service,2024-04-13,39
2718,4799,23931,16,3,Food Quality,2023-01-11,2
2719,3222,16456,1,3,Food Quality,2023-11-21,31
2720,5900,6756,8,2,Service,2024-01-30,35
2721,4314,14976,8,5,Delivery Time,2024-03-17,12
2722,1288,11172,2,4,Delivery Time,2024-11-22,29
2723,2959,31403,14,5,Ambience,2023-05-21,12
2724,3225,6386,23,5,Food Quality,2024-12-05,40
2725,5885,14521,1,5,Service,2024-10-14,30
2726,2766,31224,24,4,Delivery Time,2023-11-24,
2727,3277,22061,15,5,Service,2023-02-19,38
2728,6401,18401,19,5,Ambience,2024-12-13,27
2729,23,15476,4,5,Delivery Time,2024-06-03,12
2730,6277,26745,17,5,Service,2023-09-22,38
2731,2906,20013,27,5,Cleanliness,2023-10-15,10
2732,2425,9599,26,4,Cleanliness,2024-08-09,22
2733,2992,6779,28,1,Service,2024-09-05,7
2734,943,31399,10,2,Ambience,2024-07-01,25
2735,1532,1832,17,4,Value for Money,2024-05-04,21
2736,3161,7106,19,5,Value for Money,2023-01-23,32
2737,6821,3629,24,4,Ambience,2024-04-13,8
2738,1778,13972,22,5,Food Quality,2023-05-20,15
2739,5020,17010,26,5,Food Quality,2023-01-23,3
2740,5374,17384,3,5,Value for Money,2024-02-20,37
2741,1378,13321,4,3,Service,2024-06-12,20
2742,2427,18641,22,2,Ambience,2023-09-13,15
2743,2278,3366,25,3,Value for Money,2024-10-09,34
2744,6468,3722,7,4,Food Quality,2023-09-17,38
2745,2434,15512,8,4,Value for Money,2024-12-14,23
2746,4558,15160,17,3,Delivery Time,2024-12-09,30
2747,530,24670,14,4,Service,2024-10-01,27
2748,3663,1766,13,4,Food Quality,2023-11-12,0
2749,1693,12495,24,3,Cleanliness,2023-12-14,30
2750,2951,20229,22,4,Value for Money,2024-06-01,31
2751,2647,12858,27,5,Ambience,2023-07-14,19
2752,2639,31130,28,5,Food Quality,2024-09-03,0
2753,4119,6361,14,5,Cleanliness,2024-02-19,20
2754,2635,28363,4,4,Food Quality,2023-03-10,1
2755,2026,31928,15,5,Cleanliness,2024-02-18,0
2756,2951,2518,21,4,Delivery Time,2023-03-19,9
2757,667,28334,7,4,Food Quality,2023-04-08,18
2758,1435,26159,26,4,Ambience,2023-01-26,21
2759,3219,10204,15,2,Service,2024-04-26,40
2760,2509,26669,4,2,Food Quality,2024-03-13,
2761,6627,20735,4,4,Delivery Time,2024-01-20,26
2762,6464,12651,23,3,Value for Money,2023-03-01,37
2763,2347,12843,21,5,Ambience,2023-07-20,34
2764,4517,9593,21,4,Food Quality,2023-10-29,8
2765,5579,13421,17,5,Service,2024-07-30,11
2766,4914,15287,1,2,Delivery Time,2024-08-22,11
2767,1032,59,5,2,Service,2023-09-26,22
2768,6978,17612,28,3,Service,2024-10-19,16
2769,312,6037,16,2,Food Quality,2023-11-14,0
2770,4586,17918,9,5,Value for Money,2023-06-23,40
2771,2774,6403,22,4,Service,2024-01-01,27
2772,5025,10750,3,4,Value for Money,2024-11-22,20
2773,5199,4450,10,4,Value for Money,2023-02-18,2
2774,1528,12031,22,4,Value for Money,2023-12-07,17
2775,1615,24673,28,3,Cleanliness,2023-10-07,10
2776,4108,24434,6,4,Value for Money,2024-04-25,40
2777,6720,10020,28,4,Cleanliness,2024-01-28,38
2778,1717,6328,6,4,Value for Money,2023-02-14,16
2779,3859,20854,21,3,Cleanliness,2024-11-19,25
2780,6341,13032,24,4,Value for Money,2024-10-01,34
2781,13,14267,14,4,Delivery Time,2024-01-26,11
2782,3445,4879,20,5,Value for Money,2024-10-12,19
2783,4393,6418,1,3,Cleanliness,2023-04-30,36
2784,99999,999999,999,8,Delivery Time,2024-09-14,19
2785,1221,28017,16,3,Service,2024-12-25,25
2786,176,21556,7,5,Delivery Time,2024-11-04,33
2787,1702,2233,26,5,Delivery Time,2024-06-10,25
2788,5219,3283,8,5,Value for Money,2024-01-01,29
2789,1731,12646,15,5,Service,2023-02-21,15
2790,4951,31101,24,5,Cleanliness,2023-03-27,19
2791,6157,9428,25,5,Food Quality,2023-06-16,16
2792,4271,26185,25,4,Service,2024-06-03,5
2793,2609,1456,8,3,Service,2024-12-15,
2794,2464,17875,3,3,Delivery Time,2023-12-19,22
2795,3512,29416,28,4,Value for Money,2023-04-12,3
2796,3642,27833,1,3,Value for Money,2023-11-27,35
2797,2813,20965,18,3,Cleanliness,2024-02-28,34
2798,4217,11603,26,4,Value for Money,2023-09-09,40
2799,4124,15134,1,5,Delivery Time,2024-12-11,11
2800,355,16680,23,5,Delivery Time,2023-03-14,15
2801,99999,999999,999,9,Value for Money,2024-07-17,34
2802,733,14050,8,5,Service,2024-05-12,
2803,2286,7042,7,2,Food Quality,2024-12-12,15
2804,5449,8739,3,4,Value for Money,2023-12-21,33
2805,242,25645,17,5,Value for Money,2023-11-25,
2806,2984,28527,15,4,Value for Money,2024-11-29,3
2807,4770,25156,6,5,Ambience,2024-05-25,15
2808,6438,29970,24,5,Food Quality,2024-07-10,37
2809,82,12094,7,4,Value for Money,2024-05-28,26
2810,1124,2614,28,5,Cleanliness,2023-06-12,
2811,2347,21473,12,3,Value for Money,2024-08-29,35
2812,2377,25354,10,2,Cleanliness,2024-10-28,37
2813,1265,9702,18,4,Food Quality,2023-12-10,14
2814,6350,25514,5,5,Ambience,2024-07-20,27
2815,4869,3100,12,5,Service,2023-04-02,2
2816,2170,28471,8,3,Cleanliness,2023-11-01,25
2817,1397,3958,13,3,Food Quality,2023-07-30,2
2818,2683,7212,9,3,Service,2023-01-05,37
2819,5256,19798,27,4,Food Quality,2023-02-23,29
2820,5732,24751,25,4,Food Quality,2024-12-26,31
2821,1051,12367,10,6,Ambience,2023-06-24,3
2822,6716,8191,26,1,Ambience,2023-02-25,3
2823,2520,20802,27,2,Service,2023-01-17,24
2824,99999,999999,999,7,Delivery Time,2024-02-10,25
2825,628,2727,27,3,Cleanliness,2024-06-05,24
2826,5909,18422,2,5,Ambience,2023-05-27,21
2827,1677,19231,8,4,Value for Money,2023-02-22,9
2828,5759,3078,18,5,Ambience,2023-01-07,4
2829,2977,15773,26,5,Value for Money,2023-08-02,
2830,84,13414,19,5,Delivery Time,2023-08-21,23
2831,5357,27111,9,1,Service,2024-11-15,12
2832,5570,4389,11,4,Delivery Time,2024-11-07,20
2833,4639,20047,28,4,Delivery Time,2024-09-27,19
2834,6070,24960,11,1,Ambience,2024-11-25,13
2835,729,17611,19,5,Cleanliness,2024-03-31,21
2836,4487,2769,7,4,Food Quality,2024-03-26,35
2837,4725,12494,13,5,Service,2024-05-16,31
2838,3421,3359,15,4,Ambience,2024-08-24,6
2839,3745,27703,26,3,Service,2024-02-24,20
2840,4086,26190,5,4,Food Quality,2023-02-26,
2841,6595,28944,3,2,Value for Money,2024-06-25,0
2842,1701,18518,11,2,Cleanliness,2024-06-18,6
2843,6561,17971,24,5,Value for Money,2023-09-13,28
2844,5823,7840,12,4,Ambience,2024-11-20,24
2845,5933,9020,3,4,Food Quality,2024-11-24,4
2846,6217,4018,5,4,Service,2024-09-23,24
2847,2600,3099,15,2,Delivery Time,2023-11-11,25
2848,1381,1079,4,5,Value for Money,2023-02-06,4
2849,88,25328,28,3,Delivery Time,2023-05-06,34
2850,2989,2339,16,5,Value for Money,2024-12-15,16
2851,4070,13713,17,4,Delivery Time,2023-08-09,24
2852,5999,4684,22,5,Service,2023-05-21,11
2853,6095,7836,7,5,Food Quality,2024-01-11,28
2854,5228,31601,23,1,Delivery Time,2023-07-24,34
2855,3774,27533,22,5,Service,2023-07-17,14
2856,2839,14826,20,5,Food Quality,2023-09-15,0
2857,1283,9641,20,5,Food Quality,2024-05-14,5
2858,2844,24690,7,1,Delivery Time,2024-02-28,39
2859,2021,8769,22,5,Food Quality,2023-07-30,15
2860,99999,999999,999,10,Food Quality,2023-08-05,25
2861,3999,999,28,1,Value for Money,2023-09-24,33
2862,169,13164,16,2,Food Quality,2024-01-12,
2863,3408,14137,17,1,Delivery Time,2023-03-17,8
2864,4372,23879,16,4,Delivery Time,2024-02-17,8
2865,2925,28730,28,3,Service,2023-02-11,8
2866,1470,22710,5,5,Food Quality,2023-08-28,7
2867,2508,2360,21,4,Food Quality,2023-08-26,22
2868,4137,28342,11,3,Cleanliness,2023-05-08,38
2869,3791,11357,12,4,Service,2024-08-05,18
2870,6109,2684,16,1,Cleanliness,2024-03-03,16
2871,1819,25226,20,3,Ambience,2023-11-27,5
2872,4147,234,8,5,Cleanliness,2024-09-30,34
2873,923,21611,9,1,Service,2024-04-06,9
2874,1461,14916,27,5,Value for Money,2024-06-06,28
2875,3308,16165,19,5,Delivery Time,2024-12-18,40
2876,1392,12177,12,4,Service,2023-05-08,5
2877,5697,29940,15,4,Food Quality,2024-11-14,7
2878,4717,17401,2,3,Cleanliness,2024-12-05,17
2879,826,3369,25,5,Ambience,2023-12-11,21
2880,4799,23307,12,4,Delivery Time,2024-04-15,20
2881,6453,19699,15,5,Delivery Time,2024-02-20,31
2882,2487,781,19,5,Cleanliness,2024-03-07,23
2883,2716,13446,23,2,Ambience,2023-11-10,37
2884,5233,6707,26,3,Food Quality,2024-03-01,37
2885,6332,11575,5,3,Ambience,2023-08-23,5
2886,2091,26146,10,3,Ambience,2024-08-21,16
2887,5992,11166,7,3,Ambience,2023-04-02,25
2888,861,21661,7,5,Cleanliness,2024-02-20,13
2889,4877,9974,16,5,Food Quality,2024-04-20,
2890,4213,19200,21,2,Delivery Time,2023-03-07,3
2891,5221,8793,10,5,Value for Money,2023-05-18,24
2892,1411,22817,15,3,Service,2024-01-25,5
2893,2498,3839,22,4,Delivery Time,2023-12-10,31
2894,99999,999999,999,10,Delivery Time,2023-01-31,21
2895,4142,30789,20,3,Value for Money,2024-11-01,2
2896,3606,23502,17,4,Service,2023-10-28,17
2897,4989,10900,12,4,Cleanliness,2024-02-07,31
2898,6773,13874,15,4,Ambience,2023-08-14,26
2899,5743,29709,8,3,Value for Money,2024-11-10,39
2900,4954,25323,24,3,Service,2023-03-16,9
2901,563,15201,24,5,Cleanliness,2023-07-16,2
2902,5506,29632,25,5,Value for Money,2024-03-27,8
2903,722,14358,8,1,Delivery Time,2023-12-24,40
2904,4454,29974,1,4,Delivery Time,2023-09-13,13
2905,933,17241,10,3,Ambience,2024-10-26,7
2906,2308,655,12,4,Cleanliness,2023-06-15,37
2907,6486,25934,9,5,Value for Money,2024-08-29,31
2908,1381,14894,11,4,Food Quality,2023-11-03,23
2909,3345,16322,12,5,Service,2024-09-24,0
2910,6555,10454,27,1,Delivery Time,2023-05-19,4
2911,4970,17094,27,3,Service,2023-11-17,6
2912,2340,13635,25,2,Ambience,2023-12-08,6
2913,594,579,28,2,Delivery Time,2024-04-10,15
2914,6065,7494,9,4,Delivery Time,2023-02-07,39
2915,6560,18870,15,6,Cleanliness,2024-01-22,21
2916,862,14571,22,5,Cleanliness,2024-12-03,21
2917,3083,1662,20,4,Ambience,2024-07-18,19
2918,2902,27306,10,5,Delivery Time,2024-10-21,5
2919,3780,5398,19,5,Delivery Time,2023-07-10,21
2920,2088,25078,13,4,Food Quality,2023-11-19,39
2921,3406,20039,28,5,Cleanliness,2024-02-05,34
2922,1900,13591,23,5,Value for Money,2024-02-16,3
2923,2813,173,12,5,Cleanliness,2023-08-28,35
2924,1145,17330,23,3,Ambience,2024-03-05,27
2925,6776,30868,21,4,Delivery Time,2024-12-26,39
2926,5170,13674,25,4,Cleanliness,2024-09-29,2
2927,2067,28341,4,5,Delivery Time,2024-07-09,28
2928,1903,9528,24,2,Value for Money,2024-02-20,16
2929,3912,23624,6,3,Service,2024-05-19,2
2930,6094,9866,4,5,Delivery Time,2024-08-08,34
2931,4666,29511,8,5,Service,2024-05-05,39
2932,3159,10650,16,4,Value for Money,2023-02-11,13
2933,2147,25163,25,5,Ambience,2024-07-19,34
2934,5940,2310,24,4,Value for Money,2024-11-21,31
2935,2604,18071,17,5,Delivery Time,2023-05-05,32
2936,2871,21528,6,5,Ambience,2023-04-19,30
2937,3303,29129,12,4,Ambience,2023-07-23,26
2938,2162,1362,22,4,Value for Money,2023-07-11,35
2939,1424,17284,8,4,Ambience,2023-07-17,35
2940,2228,1262,14,3,Value for Money,2023-08-27,36
2941,6697,7927,8,2,Delivery Time,2023-02-28,11
2942,3252,26253,26,4,Service,2024-12-03,20
2943,3777,16685,6,4,Service,2023-02-03,39
2944,4420,2961,27,3,Delivery Time,2023-11-25,1
2945,5803,22454,2,5,Delivery Time,2024-11-05,22
2946,2253,15805,12,4,Value for Money,2023-07-18,40
2947,3489,22003,14,5,Ambience,2023-08-24,
2948,4291,23400,26,4,Service,2023-10-24,14
2949,6624,6544,1,5,Food Quality,2023-11-15,6
2950,1711,25822,8,4,Value for Money,2024-12-24,10
2951,311,12468,16,4,Service,2023-08-04,19
2952,1796,31623,24,5,Value for Money,2023-09-11,31
2953,4912,31060,16,4,Service,2023-06-03,14
2954,6624,22494,6,5,Ambience,2023-07-18,39
2955,1120,990,11,5,Cleanliness,2024-04-01,
2956,5109,8728,13,4,Value for Money,2024-02-03,6
2957,1097,24910,19,1,Ambience,2024-11-13,33
2958,2195,7635,27,3,Delivery Time,2024-09-21,21
2959,1054,9477,21,5,Delivery Time,2023-11-14,13
2960,6861,12120,26,5,Food Quality,2023-12-10,15
2961,5295,5290,23,2,Ambience,2023-02-10,16
2962,2809,5074,25,4,Delivery Time,2024-11-22,30
2963,6803,14287,3,3,Delivery Time,2023-10-17,6
2964,2105,14326,10,4,Ambience,2023-12-12,30
2965,3642,28958,18,5,Value for Money,2024-12-18,17
2966,3926,13905,23,4,Food Quality,2023-07-19,14
2967,365,3467,21,5,Ambience,2023-06-16,10
2968,6814,17243,4,4,Cleanliness,2023-12-26,28
2969,5023,19107,5,4,Value for Money,2023-01-29,11
2970,3584,1021,4,5,Delivery Time,2023-12-18,10
2971,727,13444,26,5,Value for Money,2024-01-01,38
2972,1621,22306,14,2,Food Quality,2023-12-03,28
2973,3849,799,7,4,Service,2024-04-10,13
2974,4535,29257,25,4,Food Quality,2023-08-19,18
2975,71,27194,21,5,Service,2024-04-04,16
2976,4639,21507,9,4,Delivery Time,2024-07-16,12
2977,4482,10335,9,5,Delivery Time,2024-02-28,20
2978,99999,999999,999,10,Delivery Time,2024-09-19,13
2979,862,210,6,4,Food Quality,2023-05-14,3
2980,5462,14232,28,4,Service,2023-08-21,32
2981,1889,23789,18,4,Ambience,2023-12-28,38
2982,5966,6615,16,2,Cleanliness,2023-07-22,39
2983,35,20497,5,4,Delivery Time,2023-11-26,8
2984,89,131,20,1,Delivery Time,2023-01-21,0
2985,1741,30926,12,4,Service,2024-12-31,13
2986,3369,7966,8,10,Food Quality,2024-04-16,7
2987,4988,16168,5,4,Cleanliness,2024-01-14,12
2988,3551,11680,7,2,Cleanliness,2024-05-15,39
2989,1775,21360,21,5,Delivery Time,2024-07-11,9
2990,5422,29792,20,2,Service,2023-05-22,34
2991,2558,16232,27,4,Delivery Time,2024-12-04,38
2992,6472,10738,7,3,Delivery Time,2024-04-27,19
2993,1869,17945,1,5,Value for Money,2023-10-19,2
2994,3630,26743,16,5,Food Quality,2023-03-27,15
2995,5198,27764,18,4,Delivery Time,2023-05-10,19
2996,6183,4331,16,5,Value for Money,2024-02-13,15
2997,355,11700,8,3,Ambience,2023-01-15,31
2998,5674,26955,5,3,Service,2023-08-24,38
2999,1852,30528,15,3,Cleanliness,2024-10-03,33
3000,2205,5710,20,5,Cleanliness,2024-10-21,10
3001,451,24928,15,3,Value for Money,2024-04-05,31
3002,1,21336,24,4,Ambience,2023-02-20,23
3003,2777,12868,18,4,Cleanliness,2024-03-08,13
3004,2546,30525,4,5,Cleanliness,2023-03-29,5
3005,4069,23148,14,4,Ambience,2023-04-17,34
3006,2626,19279,22,2,Ambience,2024-01-31,28
3007,1491,5186,23,3,Food Quality,2023-03-16,19
3008,4378,17577,11,5,Cleanliness,2024-08-23,27
3009,2233,338,14,5,Ambience,2023-10-27,3
3010,2416,19084,20,2,Ambience,2023-09-14,30
3011,627,15002,6,5,Cleanliness,2023-07-25,12
3012,3513,5469,11,3,Value for Money,2024-07-02,13
3013,5619,3324,8,4,Food Quality,2024-03-19,20
3014,6789,30658,9,3,Food Quality,2024-01-12,34
3015,6451,20029,10,3,Food Quality,2023-08-17,18
3016,3803,24603,10,4,Service,2024-04-24,30
3017,1617,19246,12,2,Ambience,2023-05-12,35
3018,5582,13301,23,5,Food Quality,2023-09-19,4
3019,3409,30410,6,4,Ambience,2024-12-26,39
3020,5132,27757,14,3,Food Quality,2023-02-15,34
3021,5199,31483,16,4,Service,2023-05-28,16
3022,6237,28088,15,5,Value for Money,2023-05-31,15
3023,556,18109,11,3,Food Quality,2024-02-20,12
3024,6513,2533,8,4,Food Quality,2023-03-10,3
3025,2621,13347,26,4,Food Quality,2024-03-29,4
3026,5258,29658,18,4,Value for Money,2023-09-16,36
3027,650,14374,17,4,Delivery Time,2024-10-13,20
3028,5948,12348,20,4,Cleanliness,2023-09-11,22
3029,1615,30264,7,1,Service,2023-10-05,22
3030,6497,22043,13,5,Cleanliness,2024-01-23,0
3031,2796,82,3,5,Service,2024-01-09,39
3032,4371,24233,23,4,Ambience,2024-11-21,3
3033,5832,7039,4,5,Ambience,2024-04-18,27
3034,577,15785,1,3,Food Quality,2024-02-29,22
3035,1299,13034,8,5,Food Quality,2024-11-20,9
3036,4525,16987,11,5,Service,2024-08-31,7
3037,946,22397,17,5,Service,2023-05-27,6
3038,3812,21500,15,4,Value for Money,2024-09-29,0
3039,5301,29404,2,4,Service,2024-07-08,23
3040,4538,2852,3,5,Delivery Time,2024-08-12,10
3041,6936,29061,22,4,Value for Money,2023-10-29,20
3042,221,23947,4,5,Delivery Time,2023-08-13,16
3043,2616,29811,1,1,Food Quality,2023-05-25,26
3044,5441,27780,26,1,Ambience,2024-02-19,0
3045,1907,9798,3,3,Cleanliness,2024-09-05,28
3046,4766,17365,20,4,Value for Money,2023-12-30,12
3047,5798,14302,28,5,Food Quality,2023-05-25,11
3048,2026,23876,23,4,Ambience,2023-11-08,
3049,1022,17299,4,4,Ambience,2024-09-11,4
3050,6570,29553,11,1,Food Quality,2024-01-23,11
3051,4663,11444,16,5,Delivery Time,2024-03-19,5
3052,769,27000,27,3,Delivery Time,2023-06-07,12
3053,6245,23698,22,4,Ambience,2024-03-16,5
3054,6732,29428,4,4,Value for Money,2024-04-04,11
3055,3207,417,27,5,Delivery Time,2023-06-22,16
3056,4689,27264,20,4,Value for Money,2023-05-13,9
3057,1100,20190,9,5,Service,2024-04-17,0
3058,5106,31025,16,3,Delivery Time,2023-10-20,38
3059,1833,17979,26,4,Ambience,2024-03-18,36
3060,3348,9172,21,4,Service,2023-01-04,7
3061,5490,22100,8,6,Ambience,2024-07-03,14
3062,2603,25341,22,5,Cleanliness,2023-03-11,14
3063,2133,27211,5,1,Value for Money,2023-06-18,4
3064,3852,27304,14,4,Cleanliness,2024-05-11,17
3065,5188,4752,24,4,Delivery Time,2023-08-21,39
3066,6758,23832,22,5,Service,2023-08-29,26
3067,3818,421,13,5,Service,2023-12-24,9
3068,390,22846,7,4,Service,2023-05-02,12
3069,6601,30791,8,2,Value for Money,2023-07-17,8
3070,5584,25623,6,5,Food Quality,2024-06-19,19
3071,5629,4829,4,5,Cleanliness,2023-01-03,19
3072,5886,30370,2,3,Food Quality,2024-09-12,
3073,1523,703,3,4,Value for Money,2023-02-12,17
3074,29,30067,16,4,Value for Money,2023-11-19,10
3075,2444,24874,15,3,Cleanliness,2024-06-11,26
3076,3967,3974,7,3,Delivery Time,2023-02-18,12
3077,5501,3652,15,4,Delivery Time,2023-11-18,17
3078,6704,29816,8,5,Delivery Time,2024-01-18,21
3079,1599,29595,14,4,Value for Money,2024-05-03,31
3080,4424,2169,25,5,Ambience,2024-11-16,33
3081,501,6417,11,5,Cleanliness,2024-11-26,5
3082,3466,2511,9,4,Ambience,2024-11-18,29
3083,5380,4521,3,4,Ambience,2023-05-23,1
3084,1527,9707,8,4,Value for Money,2024-09-21,16
3085,1716,22691,4,5,Delivery Time,2023-11-13,2
3086,1493,4456,28,2,Food Quality,2023-12-01,19
3087,5944,10719,5,5,Value for Money,2023-10-18,4
3088,2690,19827,23,2,Food Quality,2023-06-20,17
3089,2548,21327,25,5,Cleanliness,2024-06-10,29
3090,3781,27860,22,4,Service,2024-07-04,10
3091,5668,12305,4,4,Ambience,2024-08-27,5
3092,2603,9881,16,2,Value for Money,2024-03-09,12
3093,3347,28790,17,5,Service,2024-03-15,34
3094,2265,23430,7,5,Cleanliness,2023-07-29,33
3095,2198,30851,28,5,Value for Money,2023-12-23,28
3096,1392,7424,28,5,Value for Money,2023-09-04,36
3097,2842,22292,16,3,Ambience,2023-11-15,
3098,3690,4154,17,5,Food Quality,2024-05-14,5
3099,1494,12475,4,4,Cleanliness,2023-08-11,11
3100,646,11755,2,3,Ambience,2023-10-30,16
3101,6497,29184,9,4,Cleanliness,2024-06-07,16
3102,5225,31604,25,4,Food Quality,2024-09-19,21
3103,5036,19846,12,4,Delivery Time,2023-11-30,16
3104,4139,12113,19,5,Service,2023-03-13,7
3105,2199,19355,20,2,Service,2023-01-13,40
3106,6284,1375,19,4,Food Quality,2023-09-01,25
3107,2910,30773,14,5,Service,2023-04-02,1
3108,556,15056,25,5,Value for Money,2023-07-17,9
3109,5180,10041,2,5,Delivery Time,2023-02-11,33
3110,6201,6434,22,5,Service,2024-12-21,19
3111,4611,3447,13,4,Value for Money,2023-07-23,2
3112,3014,3682,1,3,Delivery Time,2024-01-28,26
3113,4845,9293,27,5,Delivery Time,2023-08-16,32
3114,850,1507,28,4,Value for Money,2024-09-11,22
3115,2608,21011,11,5,Ambience,2023-06-07,11
3116,1643,18841,27,1,Delivery Time,2024-07-26,28
3117,441,15588,17,4,Food Quality,2024-10-21,2
3118,376,22102,20,4,Cleanliness,2024-06-11,32
3119,2239,8303,24,4,Food Quality,2023-12-24,16
3120,4787,15863,24,5,Food Quality,2024-03-04,27
3121,6827,17132,3,4,Value for Money,2023-04-28,3
3122,5132,1632,3,5,Value for Money,2024-10-27,15
3123,5357,28668,1,5,Food Quality,2024-09-13,21
3124,5114,11607,3,2,Service,2023-04-24,30
3125,6726,20069,20,4,Ambience,2024-06-21,9
3126,388,22790,13,3,Cleanliness,2024-11-27,2
3127,1401,29415,11,5,Ambience,2024-02-16,21
3128,6245,31941,13,2,Ambience,2023-09-26,22
3129,3151,25292,10,4,Ambience,2024-10-26,3
3130,871,19637,15,4,Ambience,2023-06-16,23
3131,1425,11111,21,4,Cleanliness,2023-07-27,23
3132,1374,5755,7,5,Service,2023-08-10,37
3133,3738,544,19,1,Food Quality,2024-05-12,21
3134,6365,2318,19,5,Delivery Time,2024-12-30,15
3135,650,3956,9,5,Cleanliness,2023-05-16,38
3136,5705,5899,19,2,Value for Money,2023-08-27,22
3137,2032,28609,28,1,Value for Money,2024-06-12,31
3138,4970,8145,3,6,Food Quality,2023-09-30,
3139,1333,7270,11,2,Delivery Time,2024-09-09,26
3140,992,29841,28,5,Value for Money,2024-08-25,31
3141,5776,24068,28,4,Ambience,2023-03-04,20
3142,3258,1106,15,3,Service,2024-03-12,37
3143,2590,24779,23,4,Ambience,2023-04-05,31
3144,2977,30409,9,2,Food Quality,2023-11-07,10
3145,6124,4517,27,4,Service,2024-07-21,20
3146,5664,24123,15,5,Value for Money,2024-01-06,0
3147,99999,999999,999,8,Ambience,2023-06-22,15
3148,6029,23223,6,4,Food Quality,2023-06-05,0
3149,2525,3703,22,4,Cleanliness,2023-10-22,15
3150,6324,12727,2,5,Delivery Time,2024-06-08,
3151,6411,3320,23,4,Food Quality,2024-08-23,25
3152,2642,15722,20,4,Food Quality,2024-09-05,9
3153,5799,30315,1,3,Cleanliness,2023-07-04,0
3154,6958,20337,1,3,Ambience,2024-04-18,38
3155,6587,27102,27,1,Cleanliness,2024-11-06,7
3156,2504,20864,4,9,Food Quality,2023-06-14,5
3157,4871,2463,23,4,Cleanliness,2023-07-16,18
3158,5597,5562,9,4,Cleanliness,2023-11-14,27
3159,3890,25486,26,4,Food Quality,2024-07-17,24
3160,3435,23008,22,2,Food Quality,2024-05-13,18
3161,2014,23203,3,5,Food Quality,2024-01-07,0
3162,2873,13447,10,1,Value for Money,2024-12-07,21
3163,586,29565,2,4,Food Quality,2024-06-09,19
3164,2941,14998,26,4,Ambience,2023-11-10,38
3165,5792,29567,1,4,Food Quality,2023-11-05,8
3166,1805,25725,8,5,Ambience,2023-08-20,40
3167,1461,29858,20,5,Delivery Time,2023-04-05,17
3168,1198,9436,27,2,Ambience,2024-09-27,32
3169,2055,9076,19,4,Ambience,2024-10-26,34
3170,621,27007,27,4,Delivery Time,2023-05-19,1
3171,3054,3566,27,4,Cleanliness,2023-02-06,7
3172,2050,13602,7,5,Delivery Time,2024-03-08,30
3173,1346,20656,25,2,Cleanliness,2024-03-13,21
3174,4876,14855,16,4,Cleanliness,2023-12-16,10
3175,5734,15148,16,3,Service,2023-09-03,28
3176,3693,24286,13,5,Cleanliness,2023-11-09,25
3177,169,3958,7,3,Service,2024-11-26,7
3178,2510,6006,24,5,Service,2023-12-10,1
3179,966,11660,2,4,Ambience,2024-05-02,18
3180,2662,23063,16,1,Cleanliness,2024-04-19,28
3181,345,18381,10,3,Ambience,2024-07-16,26
3182,214,11993,13,5,Service,2024-04-02,31
3183,140,14790,3,2,Food Quality,2023-12-16,10
3184,4705,22640,10,3,Cleanliness,2024-12-22,27
3185,2224,30377,10,4,Service,2024-05-04,4
3186,2977,10262,27,4,Delivery Time,2024-12-13,5
3187,753,15438,28,4,Value for Money,2023-07-13,31
3188,99999,999999,999,10,Value for Money,2023-12-06,27
3189,6604,25967,27,3,Delivery Time,2024-02-29,10
3190,380,13133,7,5,Value for Money,2024-03-20,22
3191,99999,999999,999,6,Service,2024-05-04,31
3192,6187,19509,20,5,Food Quality,2023-03-20,7
3193,99999,999999,999,10,Value for Money,2024-07-14,37
3194,6516,8703,25,5,Delivery Time,2023-12-20,17
3195,6073,21667,21,5,Cleanliness,2024-08-08,9
3196,4851,16506,1,5,Ambience,2023-01-15,21
3197,6208,14648,2,4,Food Quality,2024-06-02,12
3198,2250,1029,16,5,Cleanliness,2024-03-08,0
3199,947,11091,20,5,Food Quality,2024-05-25,19
3200,6856,20539,20,5,Food Quality,2023-03-23,
3201,3306,31955,12,5,Cleanliness,2023-03-26,33
3202,5715,22630,10,3,Delivery Time,2024-01-18,
3203,6917,20327,17,4,Cleanliness,2023-12-16,7
3204,5015,24928,24,4,Food Quality,2024-09-23,6
3205,5593,18764,11,5,Delivery Time,2024-03-15,34
3206,4319,5447,20,5,Delivery Time,2023-05-04,32
3207,4000,3988,18,5,Food Quality,2023-08-03,31
3208,585,836,28,4,Cleanliness,2023-07-25,30
3209,5086,6527,26,5,Cleanliness,2024-12-18,10
3210,1725,27304,12,5,Cleanliness,2024-01-03,1
3211,4694,31892,6,5,Service,2024-02-24,27
3212,535,10557,20,4,Ambience,2023-02-26,17
3213,6037,27998,24,4,Ambience,2023-08-11,36
3214,709,7131,19,3,Delivery Time,2024-03-27,30
3215,566,22514,13,5,Food Quality,2024-08-08,28
3216,4089,4786,7,5,Ambience,2024-06-24,34
3217,1530,18869,7,2,Food Quality,2023-08-20,8
3218,5092,22154,17,5,Cleanliness,2023-04-09,23
3219,588,703,27,4,Delivery Time,2023-09-14,38
3220,1859,27800,5,5,Food Quality,2023-06-23,33
3221,73,12763,27,4,Service,2024-11-30,35
3222,6718,29486,16,5,Service,2023-08-23,40
3223,3309,6671,16,5,Cleanliness,2024-08-25,23
3224,6271,30805,7,3,Ambience,2023-01-03,33
3225,6787,18414,24,5,Cleanliness,2024-02-01,30
3226,441,24006,7,4,Ambience,2024-11-12,36
3227,5426,9905,21,3,Value for Money,2023-09-21,26
3228,4150,1446,22,4,Service,2024-11-03,27
3229,2650,4965,8,4,Ambience,2024-03-22,0
3230,3764,15960,14,4,Cleanliness,2023-02-15,30
3231,3893,12357,3,5,Delivery Time,2023-03-17,17
3232,4349,14936,10,4,Food Quality,2023-08-03,27
3233,6999,26916,16,1,Ambience,2024-01-03,33
3234,2327,23418,27,4,Delivery Time,2023-09-17,20
3235,2604,10191,10,5,Value for Money,2023-09-05,6
3236,4589,25484,27,3,Value for Money,2024-01-20,18
3237,5293,18783,8,5,Ambience,2023-04-13,36
3238,5863,9677,2,3,Delivery Time,2024-12-01,18
3239,6945,27907,9,4,Value for Money,2023-11-23,21
3240,383,13161,27,5,Delivery Time,2024-04-01,32
3241,6207,19603,19,4,Food Quality,2024-03-13,15
3242,3380,735,22,4,Ambience,2024-04-28,26
3243,895,20815,4,4,Ambience,2024-05-03,8
3244,99999,999999,999,7,Cleanliness,2023-09-09,24
3245,4143,19162,27,4,Cleanliness,2023-05-22,3
3246,5828,23971,3,4,Food Quality,2024-10-18,31
3247,5840,19172,3,5,Delivery Time,2023-06-20,28
3248,3016,18730,27,5,Food Quality,2023-08-10,39
3249,4286,11684,6,2,Delivery Time,2024-05-08,34
3250,99999,999999,999,6,Service,2024-02-07,30
3251,3523,9724,25,5,Value for Money,2024-10-22,9
3252,5578,6016,2,5,Delivery Time,2024-02-08,25
3253,2762,14764,15,5,Ambience,2024-10-04,37
3254,6751,9494,28,5,Food Quality,2023-07-25,29
3255,5422,1396,28,5,Food Quality,2023-02-03,14
3256,1359,19886,7,5,Delivery Time,2024-04-06,25
3257,4922,10230,6,4,Value for Money,2023-10-09,34
3258,6334,12146,16,4,Delivery Time,2024-02-08,13
3259,1834,6585,7,3,Service,2023-06-27,
3260,850,3575,16,4,Cleanliness,2023-01-20,
3261,6501,5219,22,4,Food Quality,2024-06-30,5
3262,5079,8028,20,4,Ambience,2023-07-07,11
3263,3990,2010,7,5,Cleanliness,2024-02-29,31
3264,3503,20211,4,4,Cleanliness,2024-08-21,
3265,4905,30902,12,4,Delivery Time,2024-10-23,21
3266,3078,7812,5,5,Ambience,2023-08-06,35
3267,6697,9062,22,5,Food Quality,2023-11-01,34
3268,3824,18996,19,3,Value for Money,2023-07-30,0
3269,1712,20635,15,4,Food Quality,2023-03-19,4
3270,6408,25829,27,4,Value for Money,2024-02-17,34
3271,1637,15834,23,3,Ambience,2024-04-19,4
3272,2046,24467,12,5,Cleanliness,2023-07-24,13
3273,2081,25416,8,4,Food Quality,2023-08-17,25
3274,99999,999999,999,10,Value for Money,2024-06-10,24
3275,3015,24973,10,4,Ambience,2023-11-28,27
3276,3747,24996,8,5,Delivery Time,2023-10-27,9
3277,635,8637,1,5,Ambience,2023-11-10,34
3278,6020,21003,15,4,Cleanliness,2024-09-23,11
3279,2537,5190,15,3,Cleanliness,2024-05-31,39
3280,3706,24196,20,4,Delivery Time,2023-06-16,18
3281,3249,27888,21,3,Value for Money,2023-12-07,34
3282,4405,28224,13,5,Cleanliness,2024-03-17,16
3283,6251,27668,23,5,Value for Money,2023-02-11,13
3284,3801,2939,1,2,Ambience,2024-10-22,19
3285,5523,25095,10,4,Ambience,2023-10-26,25
3286,3270,28750,14,3,Delivery Time,2024-01-01,27
3287,501,18666,5,4,Food Quality,2023-03-06,26
3288,3677,15810,10,4,Service,2024-12-28,36
3289,4261,872,15,2,Delivery Time,2024-11-24,37
3290,6749,15808,1,5,Cleanliness,2024-05-20,33
3291,531,8221,8,4,Service,2024-06-22,29
3292,3473,16521,3,4,Service,2024-03-27,27
3293,107,9954,14,6,Ambience,2023-07-29,23
3294,120,21111,12,4,Food Quality,2024-12-13,35
3295,5048,15567,26,1,Delivery Time,2024-12-13,2
3296,6133,3147,15,1,Ambience,2024-03-30,39
3297,3335,26701,9,4,Service,2023-07-15,27
3298,5333,12484,14,3,Service,2023-09-09,36
3299,4376,10338,13,4,Cleanliness,2023-08-14,34
3300,4455,24142,20,5,Food Quality,2023-07-11,9
3301,3429,1340,12,4,Value for Money,2024-07-24,
3302,6250,13313,17,4,Delivery Time,2023-07-28,6
3303,1456,17802,17,5,Food Quality,2023-10-08,2
3304,2831,21007,18,4,Service,2024-10-31,10
3305,3644,24717,28,5,Delivery Time,2024-03-01,29
3306,2022,688,4,5,Delivery Time,2024-03-31,8
3307,4966,29291,15,3,Service,2024-11-05,34
3308,1863,10498,22,4,Cleanliness,2023-04-01,10
3309,6807,10489,26,5,Delivery Time,2023-05-26,13
3310,6367,19751,10,1,Cleanliness,2023-02-14,31
3311,4348,29332,9,5,Delivery Time,2024-11-23,14
3312,3170,29508,1,1,Food Quality,2023-08-17,10
3313,5912,28957,4,3,Cleanliness,2024-04-05,35
3314,2906,17463,8,5,Ambience,2024-01-26,38
3315,3073,1655,7,3,Cleanliness,2023-04-05,34
3316,6033,2932,5,4,Food Quality,2023-06-19,29
3317,6489,7327,28,4,Delivery Time,2024-03-29,39
3318,6660,26662,20,4,Service,2024-08-26,36
3319,1644,4640,28,4,Value for Money,2024-11-25,19
3320,1530,30537,28,4,Value for Money,2023-03-21,25
3321,4299,4175,22,5,Food Quality,2023-04-18,34
3322,1253,30504,26,4,Ambience,2023-09-22,9
3323,1554,2072,5,2,Service,2023-07-25,33
3324,5910,31921,2,3,Cleanliness,2024-06-06,12
3325,99999,999999,999,6,Food Quality,2023-01-16,20
3326,4631,30120,1,3,Ambience,2024-03-16,27
3327,389,24314,6,5,Delivery Time,2024-03-21,30
3328,958,2456,16,5,Ambience,2023-10-31,5
3329,6460,15064,15,5,Delivery Time,2024-12-03,
3330,2007,9951,4,2,Ambience,2024-10-13,2
3331,4999,15461,20,5,Service,2023-03-25,8
3332,3258,24040,17,5,Delivery Time,2023-01-28,36
3333,1474,5446,27,4,Ambience,2023-12-17,28
3334,536,24506,2,5,Ambience,2024-02-01,17
3335,3534,6601,6,1,Value for Money,2023-11-26,13
3336,403,14817,16,5,Service,2023-10-22,14
3337,65,7210,24,4,Food Quality,2023-01-11,27
3338,4487,5705,2,5,Value for Money,2024-08-07,34
3339,2603,9183,5,1,Service,2024-07-26,24
3340,590,29213,22,2,Ambience,2024-10-22,4
3341,3913,201,23,3,Service,2023-06-29,9
3342,389,13388,27,4,Value for Money,2023-11-14,28
3343,618,2142,12,4,Delivery Time,2024-06-24,6
3344,648,2151,1,2,Cleanliness,2023-08-25,4
3345,485,7286,15,4,Ambience,2024-07-03,6
3346,505,19240,26,5,Service,2024-06-26,40
3347,375,30551,7,4,Cleanliness,2024-12-12,
3348,2187,2542,2,4,Service,2023-02-18,2
3349,2191,26655,1,5,Ambience,2024-06-04,19
3350,4323,23250,3,1,Value for Money,2023-11-06,8
3351,34,12338,18,5,Ambience,2023-05-18,9
3352,5869,2325,28,4,Delivery Time,2024-11-03,
3353,50,22064,7,5,Ambience,2023-11-10,13
3354,197,6618,11,3,Ambience,2024-06-28,3
3355,6160,23279,10,4,Value for Money,2024-01-22,4
3356,3108,3380,5,4,Food Quality,2024-04-13,2
3357,6176,19634,3,3,Value for Money,2024-12-28,33
3358,6248,26025,14,5,Cleanliness,2023-08-09,19
3359,3270,18123,26,5,Service,2023-06-07,1
3360,1309,18650,24,3,Cleanliness,2024-02-01,29
3361,892,3884,18,2,Ambience,2023-02-03,39
3362,1229,13772,23,4,Value for Money,2023-07-31,
3363,6887,16968,10,5,Ambience,2024-04-11,34
3364,5110,11490,9,5,Value for Money,2024-06-02,18
3365,586,9154,2,2,Cleanliness,2024-03-01,18
3366,4041,20908,10,5,Value for Money,2024-05-29,7
3367,3237,13652,27,5,Food Quality,2024-05-23,2
3368,630,31912,22,5,Service,2023-06-10,16
3369,37,17625,1,5,Delivery Time,2023-06-14,9
3370,1641,5006,17,5,Ambience,2023-08-31,35
3371,4031,26917,8,4,Delivery Time,2023-12-17,34
3372,5054,3986,7,5,Ambience,2023-05-12,9
3373,5748,20315,10,5,Delivery Time,2024-01-27,20
3374,1792,9626,10,4,Cleanliness,2023-04-01,23
3375,4736,20421,25,4,Delivery Time,2024-03-29,1
3376,3665,31201,5,3,Ambience,2024-02-07,5
3377,213,23622,6,5,Value for Money,2023-11-23,20
3378,3932,337,2,5,Value for Money,2023-03-27,28
3379,32,13281,17,4,Value for Money,2023-02-08,19
3380,1941,3865,26,4,Delivery Time,2024-06-25,17
3381,5112,25065,9,1,Food Quality,2024-01-10,19
3382,4514,22375,3,4,Delivery Time,2023-03-08,21
3383,1200,16686,19,3,Delivery Time,2023-03-24,26
3384,6677,18270,10,5,Ambience,2024-04-01,33
3385,5581,24268,11,5,Ambience,2024-01-25,20
3386,2552,13281,3,5,Value for Money,2023-08-20,28
3387,4521,2108,17,4,Value for Money,2023-06-15,27
3388,6667,2020,1,3,Ambience,2024-08-05,24
3389,681,12074,23,4,Ambience,2023-10-11,4
3390,2571,12175,11,5,Food Quality,2023-02-08,38
3391,2343,27970,25,3,Service,2024-09-01,11
3392,2652,6934,16,4,Delivery Time,2023-06-14,1
3393,277,15614,25,5,Service,2024-06-29,31
3394,3205,17632,25,3,Delivery Time,2024-10-14,15
3395,3224,18499,9,2,Value for Money,2023-06-19,32
3396,5648,31342,4,4,Cleanliness,2023-10-26,21
3397,2634,22902,11,5,Value for Money,2023-09-27,9
3398,1529,17022,19,5,Food Quality,2024-07-15,0
3399,450,4678,24,5,Ambience,2024-05-31,26
3400,715,952,24,4,Service,2024-06-21,30
3401,950,11080,26,1,Service,2023-05-05,8
3402,1137,12401,21,3,Delivery Time,2023-06-03,39
3403,3522,29448,25,4,Service,2023-12-01,22
3404,3379,4299,21,4,Food Quality,2024-02-05,34
3405,6482,23203,5,5,Ambience,2023-09-29,4
3406,5355,8299,12,4,Value for Money,2024-11-23,19
3407,2969,2495,7,5,Value for Money,2023-12-20,16
3408,5159,23170,6,5,Service,2024-03-29,0
3409,1010,16994,16,3,Food Quality,2023-04-21,3
3410,1027,11965,20,4,Food Quality,2024-08-09,18
3411,6333,6777,8,5,Delivery Time,2024-08-28,17
3412,2993,29007,12,4,Value for Money,2024-05-01,23
3413,518,27318,5,3,Value for Money,2023-06-06,11
3414,2214,193,19,4,Food Quality,2023-10-13,2
3415,772,23064,13,4,Value for Money,2023-03-27,8
3416,4652,6934,20,4,Ambience,2023-07-18,34
3417,6013,18016,9,3,Ambience,2023-02-11,12
3418,3980,31238,1,4,Service,2024-04-25,16
3419,3942,8921,18,1,Value for Money,2024-10-01,29
3420,4386,15154,10,5,Value for Money,2023-11-29,15
3421,3765,11169,17,4,Delivery Time,2024-05-11,7
3422,5749,15074,6,4,Ambience,2024-01-15,37
3423,984,11500,11,2,Cleanliness,2023-05-16,5
3424,4236,4759,21,2,Delivery Time,2023-11-11,2
3425,2757,24848,23,1,Value for Money,2023-08-20,25
3426,5788,20619,17,4,Cleanliness,2024-05-06,33
3427,3865,2444,17,4,Value for Money,2023-02-04,26
3428,2728,10481,11,5,Delivery Time,2024-11-02,5
3429,231,11948,18,5,Food Quality,2024-01-03,25
3430,2363,6395,1,4,Food Quality,2023-02-26,34
3431,5820,16278,15,4,Food Quality,2024-12-12,21
3432,6351,11352,22,5,Value for Money,2023-12-14,37
3433,6691,21385,3,5,Cleanliness,2024-11-28,5
3434,4937,22338,1,5,Value for Money,2024-06-04,17
3435,2266,8078,9,4,Cleanliness,2024-06-27,11
3436,5126,10052,15,5,Ambience,2023-07-18,30
3437,2019,6255,21,5,Ambience,2024-12-17,20
3438,1936,12320,27,4,Cleanliness,2023-05-09,1
3439,2246,13519,2,5,Value for Money,2023-11-06,4
3440,5879,21373,3,4,Value for Money,2024-06-17,1
3441,3181,21310,18,3,Delivery Time,2024-11-13,40
3442,4195,24332,22,5,Delivery Time,2024-01-28,40
3443,3641,22999,12,3,Value for Money,2024-04-27,11
3444,2183,214,19,3,Service,2023-08-06,0
3445,5124,24964,20,4,Cleanliness,2024-11-10,3
3446,5614,16692,6,5,Food Quality,2023-08-11,30
3447,3190,919,6,5,Value for Money,2024-09-23,16
3448,1160,3184,16,5,Ambience,2023-10-19,29
3449,1862,18031,16,3,Cleanliness,2024-04-20,37
3450,2563,659,3,5,Value for Money,2024-01-25,21
3451,2688,23420,23,2,Cleanliness,2024-01-18,23
3452,4542,1300,18,3,Food Quality,2024-05-12,19
3453,4536,11965,16,5,Cleanliness,2024-12-08,27
3454,3886,26465,19,4,Ambience,2023-03-18,21
3455,6911,6828,15,4,Ambience,2024-12-13,14
3456,4837,19473,20,2,Food Quality,2023-05-18,16
3457,2751,11786,21,4,Food Quality,2024-07-22,30
3458,321,7563,14,3,Value for Money,2023-10-10,8
3459,6533,256,4,4,Delivery Time,2023-08-28,33
3460,5533,21642,2,3,Ambience,2024-12-27,1
3461,2057,11419,25,5,Service,2024-02-07,4
3462,514,886,4,2,Delivery Time,2024-11-24,
3463,592,9138,14,5,Food Quality,2024-06-20,27
3464,1818,13602,17,4,Delivery Time,2024-04-09,30
3465,3693,30869,22,5,Ambience,2024-08-21,5
3466,5349,27952,19,4,Service,2024-08-25,13
3467,5962,17330,21,5,Cleanliness,2024-10-30,1
3468,4999,25701,28,4,Ambience,2024-01-30,16
3469,3327,27024,21,4,Value for Money,2023-06-04,36
3470,4385,12039,15,3,Value for Money,2024-03-13,28
3471,1843,5621,5,5,Ambience,2024-08-08,39
3472,6390,3456,1,5,Cleanliness,2024-10-31,36
3473,667,17167,12,3,Service,2023-10-19,11
3474,5166,4846,11,4,Cleanliness,2024-08-13,28
3475,2414,24206,27,4,Ambience,2023-04-08,5
3476,1105,704,24,4,Service,2024-09-12,29
3477,6868,633,14,3,Value for Money,2024-10-18,35
3478,99999,999999,999,7,Delivery Time,2023-08-02,1
3479,4902,23601,5,2,Cleanliness,2023-03-17,22
3480,2771,12403,23,4,Value for Money,2023-07-12,35
3481,5415,6506,8,3,Delivery Time,2023-08-08,24
3482,6994,31161,26,5,Service,2024-04-14,20
3483,6099,12770,12,4,Ambience,2023-02-14,28
3484,1368,22115,12,5,Cleanliness,2023-05-11,39
3485,5398,18026,24,2,Delivery Time,2024-02-07,9
3486,1889,885,25,1,Food Quality,2023-12-12,0
3487,6881,1855,27,3,Value for Money,2023-09-29,13
3488,2722,12428,26,5,Service,2023-03-07,2
3489,5351,3144,4,4,Service,2024-10-15,21
3490,2457,21031,1,5,Ambience,2024-10-05,24
3491,4178,7185,8,4,Ambience,2023-11-02,6
3492,1548,13293,15,5,Value for Money,2024-01-02,22
3493,3942,31935,10,4,Cleanliness,2024-06-20,26
3494,99999,999999,999,10,Delivery Time,2024-05-02,14
3495,2703,18502,22,5,Ambience,2023-03-17,2
3496,3021,30354,1,1,Service,2024-09-15,34
3497,5564,10572,25,5,Ambience,2024-06-24,27
3498,6217,13568,23,4,Ambience,2023-08-17,32
3499,6828,28390,6,4,Ambience,2024-11-06,18
3500,4756,23637,22,5,Cleanliness,2023-05-23,30
3501,5275,6889,22,4,Ambience,2024-04-16,35
3502,2602,15673,27,1,Value for Money,2023-04-29,13
3503,3094,773,9,5,Food Quality,2023-08-02,18
3504,1334,26007,19,2,Cleanliness,2023-01-18,6
3505,422,15592,8,5,Service,2023-08-08,37
3506,6395,26376,10,4,Value for Money,2024-04-19,2
3507,1004,28337,21,5,Cleanliness,2024-05-05,21
3508,4287,25182,19,3,Food Quality,2023-05-22,
3509,4706,26749,19,2,Value for Money,2023-07-02,34
3510,4644,28894,7,5,Delivery Time,2023-02-16,13
3511,5806,3990,4,4,Cleanliness,2024-09-03,15
3512,6221,2351,3,5,Cleanliness,2023-02-26,19
3513,6349,6409,8,3,Delivery Time,2023-08-07,15
3514,2176,9837,7,5,Cleanliness,2024-05-08,27
3515,99999,999999,999,7,Value for Money,2023-08-10,24
3516,1435,28853,6,5,Delivery Time,2024-11-06,37
3517,6040,16438,7,4,Food Quality,2023-05-16,24
3518,4392,2726,2,4,Cleanliness,2023-06-29,37
3519,5088,7254,7,4,Service,2024-11-03,32
3520,3132,26481,10,5,Ambience,2023-01-01,31
3521,99999,999999,999,6,Delivery Time,2024-09-08,0
3522,212,20386,2,4,Service,2024-08-18,40
3523,3344,19708,1,4,Service,2024-08-08,17
3524,807,16248,8,4,Cleanliness,2023-10-03,26
3525,3147,28765,16,3,Delivery Time,2024-05-04,
3526,3165,1632,22,3,Service,2024-07-26,34
3527,1306,13368,28,3,Delivery Time,2023-09-03,37
3528,4287,9209,6,5,Cleanliness,2024-11-26,14
3529,6194,997,21,4,Ambience,2024-10-10,11
3530,1957,9494,12,5,Service,2024-05-13,0
3531,1208,28199,25,5,Service,2023-09-03,12
3532,1545,31580,24,4,Cleanliness,2024-07-01,23
3533,294,17998,26,4,Service,2024-05-29,20
3534,5655,18084,6,4,Food Quality,2024-05-14,3
3535,2123,2931,5,5,Service,2023-03-04,10
3536,3683,27819,17,3,Ambience,2024-08-31,15
3537,5806,14365,27,4,Value for Money,2024-07-21,24
3538,4768,15515,19,4,Cleanliness,2024-01-27,11
3539,1729,15763,6,3,Service,2024-08-26,39
3540,2286,12960,27,4,Delivery Time,2024-07-01,39
3541,1748,9302,7,5,Cleanliness,2024-05-21,10
3542,4058,5491,13,3,Delivery Time,2023-08-08,20
3543,3669,28003,2,4,Delivery Time,2024-05-28,33
3544,3451,26965,12,5,Value for Money,2023-05-21,3
3545,6550,16307,12,4,Service,2024-10-10,2
3546,5378,23819,21,3,Ambience,2024-03-31,12
3547,1819,10064,11,2,Cleanliness,2024-04-21,25
3548,85,13141,21,5,Ambience,2023-07-16,2
3549,6584,17642,5,5,Food Quality,2023-10-14,22
3550,2704,9866,14,4,Food Quality,2024-06-09,12
3551,5925,26050,27,5,Value for Money,2023-05-21,25
3552,99999,999999,999,8,Delivery Time,2023-04-05,11
3553,6798,2335,18,4,Value for Money,2023-10-10,23
3554,5484,9572,4,4,Delivery Time,2024-05-09,27
3555,5885,19822,21,5,Ambience,2024-06-08,32
3556,4113,23139,11,2,Cleanliness,2024-09-27,33
3557,4213,15192,14,3,Service,2023-03-01,37
3558,3335,27507,1,4,Cleanliness,2024-06-26,28
3559,1689,19951,2,5,Delivery Time,2023-01-15,
3560,449,11951,21,4,Service,2023-06-01,12
3561,3749,14857,18,5,Delivery Time,2023-11-03,21
3562,2350,31868,7,2,Value for Money,2023-01-30,18
3563,3405,15683,27,2,Value for Money,2023-01-23,16
3564,1918,31481,1,4,Cleanliness,2023-05-19,13
3565,3242,5367,10,3,Value for Money,2024-02-08,11
3566,1758,25785,12,4,Ambience,2023-03-18,38
3567,6255,13285,24,4,Service,2023-04-26,3
3568,3335,29990,16,5,Delivery Time,2024-03-03,12
3569,99999,999999,999,9,Food Quality,2024-10-27,15
3570,2294,13580,28,5,Value for Money,2024-03-04,34
3571,3801,18032,17,5,Value for Money,2023-10-15,31
3572,3654,21857,14,4,Delivery Time,2024-12-29,33
3573,6332,20716,18,4,Delivery Time,2023-03-20,7
3574,6142,11760,6,4,Value for Money,2024-02-11,31
3575,1090,4780,3,5,Delivery Time,2024-02-20,12
3576,1868,7524,8,4,Food Quality,2023-11-07,31
3577,5150,19663,23,5,Value for Money,2024-05-20,22
3578,1798,31270,12,4,Food Quality,2024-12-14,40
3579,1119,12037,6,4,Delivery Time,2023-03-19,27
3580,1527,19383,15,4,Delivery Time,2023-02-02,11
3581,5484,11736,16,5,Delivery Time,2023-12-04,18
3582,579,10746,15,4,Cleanliness,2023-10-13,34
3583,5698,15828,16,3,Food Quality,2024-11-18,36
3584,1441,25484,19,4,Service,2023-10-03,29
3585,5716,17891,28,4,Food Quality,2023-05-14,27
3586,3674,3316,5,3,Delivery Time,2023-01-24,37
3587,5812,324,18,4,Ambience,2024-05-21,31
3588,2542,7998,4,1,Ambience,2023-07-19,39
3589,23,21561,21,2,Delivery Time,2023-11-09,32
3590,4010,25429,6,5,Food Quality,2024-10-17,1
3591,2748,26343,25,5,Service,2023-05-03,0
3592,3169,8133,7,3,Value for Money,2023-10-20,35
3593,99999,999999,999,7,Ambience,2023-03-11,22
3594,522,11041,6,4,Ambience,2023-03-25,
3595,1354,28396,15,4,Value for Money,2024-12-23,2
3596,228,21531,18,4,Food Quality,2023-05-16,7
3597,1234,13242,21,5,Ambience,2024-04-19,37
3598,99999,999999,999,10,Value for Money,2023-08-24,31
3599,4000,16704,1,4,Delivery Time,2024-09-11,9
3600,1874,26461,19,2,Food Quality,2023-09-03,39
3601,2738,22559,20,5,Delivery Time,2023-11-18,22
3602,4914,513,16,3,Ambience,2023-01-15,37
3603,5566,31639,8,4,Ambience,2023-06-21,25
3604,3982,3951,27,2,Food Quality,2024-02-29,8
3605,1785,7956,28,4,Delivery Time,2024-03-29,27
3606,4769,15054,19,5,Value for Money,2024-01-01,31
3607,2613,13328,15,5,Service,2024-12-05,14
3608,2058,20350,26,4,Value for Money,2023-12-22,8
3609,3255,5061,12,5,Cleanliness,2024-02-17,18
3610,4902,6581,7,4,Ambience,2023-11-28,13
3611,4777,8998,23,5,Service,2024-11-11,8
3612,2858,13882,3,2,Ambience,2024-09-13,11
3613,6956,24765,26,4,Cleanliness,2024-07-28,26
3614,3904,7713,4,4,Service,2023-11-15,37
3615,5991,30079,7,2,Service,2024-12-15,27
3616,1848,31753,26,1,Value for Money,2023-01-03,6
3617,1690,17940,10,4,Ambience,2024-01-28,25
3618,2152,5583,6,4,Delivery Time,2024-10-02,0
3619,1549,28757,7,1,Value for Money,2024-09-30,24
3620,1404,19771,9,4,Cleanliness,2023-11-28,26
3621,99999,999999,999,8,Value for Money,2024-07-11,11
3622,3446,15677,27,1,Food Quality,2024-07-14,18
3623,6719,10350,21,4,Value for Money,2024-12-17,8
3624,5936,18235,24,3,Cleanliness,2023-09-21,23
3625,3702,25241,6,5,Cleanliness,2023-01-12,10
3626,935,26031,12,4,Ambience,2024-12-23,13
3627,3474,2849,22,5,Food Quality,2023-04-30,16
3628,3794,18879,20,1,Ambience,2023-02-06,34
3629,3499,9489,4,3,Food Quality,2023-07-04,38
3630,3072,20592,6,3,Value for Money,2023-08-04,13
3631,5290,17056,25,4,Cleanliness,2024-07-21,11
3632,948,9543,15,4,Food Quality,2023-03-12,
3633,4404,27850,27,4,Food Quality,2023-03-30,
3634,6375,8136,19,3,Ambience,2023-09-05,34
3635,2484,7044,2,5,Cleanliness,2023-04-19,12
3636,4673,17486,19,5,Service,2023-06-13,8
3637,2153,26699,17,5,Cleanliness,2023-12-29,4
3638,920,24636,8,4,Delivery Time,2023-06-10,38
3639,6237,8762,17,4,Service,2023-06-17,16
3640,5258,22466,20,4,Value for Money,2024-10-22,7
3641,4049,14848,5,4,Delivery Time,2023-03-22,22
3642,6157,6038,21,4,Delivery Time,2024-08-23,28
3643,1958,23827,14,4,Service,2024-03-28,22
3644,5440,13685,6,5,Cleanliness,2023-07-13,37
3645,6253,1993,3,4,Delivery Time,2024-10-05,21
3646,3973,9780,17,5,Food Quality,2023-02-01,26
3647,562,5430,20,5,Food Quality,2024-05-13,12
3648,3511,22895,12,5,Delivery Time,2023-11-06,3
3649,92,7806,1,1,Ambience,2024-08-27,
3650,2445,28787,17,4,Ambience,2024-10-18,35
3651,5031,5711,23,5,Service,2023-08-21,15
3652,6503,19747,4,4,Value for Money,2024-03-31,0
3653,758,3146,25,5,Delivery Time,2024-03-25,33
3654,1447,30120,20,3,Value for Money,2024-06-05,7
3655,4700,18269,7,4,Ambience,2024-09-15,23
3656,99999,999999,999,8,Cleanliness,2024-06-18,15
3657,905,9951,7,1,Ambience,2024-10-02,26
3658,5011,31783,3,4,Cleanliness,2023-09-16,33
3659,6862,17816,5,4,Value for Money,2023-09-03,39
3660,1331,3787,25,4,Service,2023-01-02,30
3661,4295,10214,1,5,Ambience,2023-08-25,27
3662,863,4043,2,4,Ambience,2023-11-12,17
3663,178,31321,20,5,Service,2024-10-22,12
3664,6440,5960,25,4,Ambience,2024-12-08,22
3665,3153,9366,3,3,Value for Money,2023-05-16,5
3666,5726,1459,25,3,Delivery Time,2024-06-12,13
3667,5046,10007,15,5,Cleanliness,2024-05-09,18
3668,340,24033,3,3,Food Quality,2024-01-22,18
3669,527,24708,25,4,Service,2024-05-08,11
3670,5946,18135,27,4,Food Quality,2024-06-08,21
3671,5753,14818,1,3,Service,2023-01-29,8
3672,1468,28753,28,5,Value for Money,2023-03-12,17
3673,1028,22281,7,4,Food Quality,2024-03-05,13
3674,3628,17390,19,5,Service,2024-04-21,4
3675,1993,30885,7,2,Cleanliness,2023-12-31,1
3676,3098,26093,12,5,Ambience,2024-05-13,4
3677,3701,28219,18,2,Food Quality,2024-06-15,9
3678,6825,14611,20,5,Cleanliness,2023-03-07,19
3679,500,14452,14,5,Cleanliness,2023-03-02,16
3680,1451,4760,18,5,Value for Money,2023-12-09,38
3681,663,10951,18,5,Value for Money,2023-09-03,13
3682,2699,4440,7,5,Value for Money,2024-05-13,29
3683,2287,22700,13,5,Service,2023-04-24,8
3684,1482,25680,6,5,Food Quality,2024-07-23,6
3685,796,20728,24,4,Delivery Time,2023-12-18,18
3686,3992,11219,12,5,Food Quality,2024-09-08,35
3687,1642,24009,4,4,Food Quality,2024-09-06,33
3688,4504,22528,16,4,Delivery Time,2024-12-22,40
3689,1519,4352,13,5,Cleanliness,2024-10-12,38
3690,183,15531,8,2,Delivery Time,2024-07-07,39
3691,4769,22583,18,5,Food Quality,2024-10-21,12
3692,2946,10589,22,5,Ambience,2024-09-11,16
3693,3655,18651,28,5,Food Quality,2023-07-30,14
3694,3713,19495,10,5,Ambience,2023-06-06,28
3695,904,30540,18,4,Food Quality,2023-07-26,26
3696,4808,2273,22,5,Ambience,2023-07-17,25
3697,6059,25103,9,3,Delivery Time,2023-01-16,39
3698,5547,10320,26,5,Cleanliness,2023-10-03,9
3699,303,30813,16,4,Delivery Time,2023-12-13,1
3700,5588,29492,5,2,Ambience,2024-04-14,7
3701,5340,30094,3,4,Ambience,2024-07-22,24
3702,6833,8764,9,2,Cleanliness,2023-09-09,4
3703,2593,15522,4,5,Food Quality,2023-07-29,25
3704,1660,22609,24,3,Delivery Time,2024-01-12,2
3705,1960,27690,27,5,Value for Money,2024-09-10,19
3706,4913,6456,22,5,Cleanliness,2023-03-07,8
3707,1756,5070,5,4,Delivery Time,2024-01-02,33
3708,1279,20401,23,2,Delivery Time,2024-11-25,8
3709,402,21809,10,4,Ambience,2023-08-05,6
3710,5098,16051,26,5,Cleanliness,2023-12-26,33
3711,5049,14126,28,4,Service,2023-02-03,5
3712,1204,3915,17,10,Food Quality,2024-12-07,5
3713,2771,11819,21,5,Delivery Time,2023-02-21,23
3714,6692,28513,2,4,Value for Money,2023-02-22,22
3715,1743,7184,18,4,Delivery Time,2024-04-22,38
3716,5101,29996,24,5,Ambience,2024-01-29,
3717,2961,27615,10,5,Service,2024-04-07,16
3718,3854,27930,8,5,Value for Money,2024-03-11,28
3719,6937,32000,5,5,Delivery Time,2024-01-18,16
3720,5636,12407,5,3,Value for Money,2023-05-21,20
3721,1017,28736,25,3,Cleanliness,2023-06-12,25
3722,3457,19957,26,4,Food Quality,2023-03-28,38
3723,168,17976,20,4,Delivery Time,2023-08-22,35
3724,4056,22904,26,5,Service,2024-07-18,31
3725,2993,16966,6,3,Delivery Time,2024-06-06,9
3726,4616,18739,27,3,Value for Money,2023-11-08,22
3727,4575,3489,12,3,Food Quality,2023-02-20,
3728,2932,24508,1,3,Food Quality,2024-12-04,14
3729,4386,1519,8,3,Delivery Time,2023-12-11,14
3730,611,20776,26,2,Cleanliness,2023-04-17,14
3731,1022,16733,10,4,Food Quality,2023-04-17,8
3732,1222,21409,16,5,Food Quality,2023-10-18,9
3733,6583,3747,10,4,Ambience,2024-12-26,1
3734,2637,18071,27,4,Value for Money,2023-01-20,30
3735,2934,10383,27,4,Service,2024-03-31,2
3736,1635,1394,3,4,Cleanliness,2023-12-16,8
3737,6733,28915,19,5,Ambience,2024-01-13,38
3738,33,29107,9,4,Service,2023-07-06,1
3739,5432,5715,2,3,Food Quality,2023-01-29,3
3740,4035,30661,21,2,Service,2024-04-07,3
3741,1601,30102,18,6,Cleanliness,2024-01-21,25
3742,1666,26749,12,4,Food Quality,2024-11-25,14
3743,3410,20088,10,4,Food Quality,2023-01-30,39
3744,323,22874,15,3,Ambience,2024-06-02,28
3745,44,4931,1,3,Delivery Time,2024-07-18,34
3746,3201,20772,13,2,Cleanliness,2023-10-05,7
3747,3930,10435,26,5,Delivery Time,2024-03-11,9
3748,6709,3282,24,5,Food Quality,2024-10-13,3
3749,2545,13803,17,4,Delivery Time,2024-04-29,30
3750,6745,11691,26,5,Value for Money,2024-07-22,31
3751,963,14031,22,3,Food Quality,2023-04-16,12
3752,1971,23961,25,4,Ambience,2023-07-15,32
3753,5500,10233,9,4,Service,2023-10-12,5
3754,3378,24007,8,2,Ambience,2024-03-23,6
3755,6936,14675,18,5,Value for Money,2023-11-08,38
3756,5351,29898,12,4,Cleanliness,2024-01-23,22
3757,6254,5350,15,5,Service,2024-05-04,17
3758,5203,18580,12,4,Service,2024-12-21,24
3759,3875,8381,20,5,Delivery Time,2024-12-06,0
3760,6281,26222,5,4,Service,2024-08-02,2
3761,4066,16368,2,4,Value for Money,2023-02-09,6
3762,3809,16078,17,5,Ambience,2024-12-05,12
3763,5226,31278,2,5,Value for Money,2024-04-10,2
3764,2779,25872,3,5,Cleanliness,2023-09-03,29
3765,1574,28374,27,4,Ambience,2023-08-24,14
3766,2461,9691,25,3,Value for Money,2024-01-04,15
3767,1063,2130,3,4,Value for Money,2023-09-24,17
3768,2088,9907,28,1,Food Quality,2024-06-07,14
3769,2649,18868,17,3,Service,2023-07-11,9
3770,771,30248,22,4,Ambience,2023-06-17,16
3771,4229,25238,12,4,Food Quality,2024-04-24,19
3772,4529,4494,2,3,Cleanliness,2024-04-14,5
3773,3477,14342,9,3,Ambience,2023-01-03,22
3774,3809,6175,23,3,Cleanliness,2024-08-30,37
3775,6435,17641,17,4,Cleanliness,2023-09-25,35
3776,1,28214,11,4,Delivery Time,2024-01-16,16
3777,4452,14934,26,3,Food Quality,2024-02-10,9
3778,4913,9287,20,5,Delivery Time,2024-03-10,17
3779,5248,20124,6,5,Food Quality,2023-01-29,23
3780,995,27444,19,4,Value for Money,2023-05-18,
3781,2382,22957,4,4,Service,2023-08-31,39
3782,5613,31170,14,5,Value for Money,2023-01-06,4
3783,888,51,5,2,Cleanliness,2023-05-04,30
3784,2593,25892,4,2,Cleanliness,2024-06-05,23
3785,2090,31366,9,5,Value for Money,2024-12-30,0
3786,2829,8894,11,5,Ambience,2023-08-17,21
3787,3913,6299,24,3,Ambience,2023-10-22,2
3788,5913,14678,11,4,Value for Money,2023-03-11,20
3789,1879,4227,10,2,Ambience,2024-11-19,40
3790,5657,12201,28,3,Food Quality,2024-04-15,30
3791,1174,15740,15,4,Ambience,2024-01-20,10
3792,99999,999999,999,10,Value for Money,2024-04-01,36
3793,4127,13851,23,4,Ambience,2023-06-08,4
3794,1317,5138,9,4,Service,2023-06-06,
3795,3122,2878,28,4,Cleanliness,2024-03-08,0
3796,2981,18396,11,3,Food Quality,2024-02-24,4
3797,5631,10274,17,2,Cleanliness,2024-12-21,24
3798,2480,2699,17,5,Food Quality,2023-05-15,39
3799,3011,11438,15,5,Service,2023-04-01,
3800,5428,24099,3,5,Ambience,2023-10-16,4
3801,1060,16538,10,4,Delivery Time,2024-02-23,16
3802,4834,2553,28,3,Value for Money,2023-12-07,0
3803,2962,21960,19,4,Service,2024-04-07,4
3804,3515,4496,11,5,Service,2023-09-23,15
3805,340,6938,13,4,Food Quality,2024-12-02,24
3806,5748,23610,19,5,Food Quality,2024-08-21,40
3807,1370,18072,1,5,Food Quality,2024-02-22,16
3808,2348,21106,7,4,Service,2023-06-23,16
3809,5831,21494,26,3,Ambience,2023-06-02,13
3810,1380,17682,17,4,Delivery Time,2023-08-23,
3811,3415,21160,1,4,Food Quality,2023-04-06,34
3812,3989,11784,17,3,Ambience,2023-03-30,5
3813,4111,14239,1,4,Ambience,2024-09-07,28
3814,1128,14134,18,4,Delivery Time,2023-10-05,39
3815,6521,16218,19,3,Value for Money,2023-05-30,11
3816,2138,1788,26,5,Food Quality,2023-09-23,28
3817,315,28395,20,4,Delivery Time,2024-04-17,30
3818,1378,15737,9,5,Food Quality,2024-10-08,16
3819,1932,29458,23,4,Value for Money,2023-11-27,35
3820,3920,5997,1,5,Service,2023-06-21,9
3821,3359,26525,17,5,Food Quality,2023-01-15,36
3822,5871,8793,5,3,Food Quality,2024-09-22,34
3823,6413,22941,21,4,Food Quality,2023-11-25,27
3824,982,5191,3,4,Service,2024-12-30,22
3825,70,14254,14,4,Food Quality,2024-10-18,25
3826,4549,15159,12,5,Service,2024-12-06,1
3827,1743,4887,6,4,Delivery Time,2024-01-25,30
3828,6657,5581,19,3,Cleanliness,2023-03-05,2
3829,2654,30286,21,5,Value for Money,2023-09-09,17
3830,2065,4500,13,5,Food Quality,2024-01-05,1
3831,4553,24044,3,5,Service,2023-12-03,
3832,850,26967,9,5,Cleanliness,2023-08-09,1
3833,5511,6617,24,5,Value for Money,2024-11-26,15
3834,416,19224,3,2,Value for Money,2023-11-17,32
3835,3043,22385,11,1,Cleanliness,2024-06-16,37
3836,3935,28526,10,5,Service,2024-08-11,4
3837,5023,9348,20,5,Food Quality,2023-12-25,6
3838,188,25594,9,5,Food Quality,2024-11-29,0
3839,2575,1652,22,3,Food Quality,2024-01-02,19
3840,6034,28665,25,4,Service,2023-10-05,26
3841,2009,19606,24,3,Ambience,2023-11-13,19
3842,323,10032,9,5,Service,2024-06-09,1
3843,1864,6447,26,3,Ambience,2024-02-15,21
3844,6269,14205,8,3,Service,2024-08-05,6
3845,4359,19608,24,3,Food Quality,2024-09-06,33
3846,862,18461,17,5,Value for Money,2023-03-07,27
3847,883,24626,13,4,Value for Money,2024-09-27,25
3848,1152,16554,7,4,Cleanliness,2023-10-12,21
3849,1868,2677,6,5,Food Quality,2024-12-25,19
3850,1361,26915,13,5,Food Quality,2023-07-13,22
3851,949,1815,24,5,Cleanliness,2023-09-29,13
3852,108,17941,4,4,Service,2023-09-15,38
3853,99999,999999,999,9,Food Quality,2023-01-13,1
3854,807,29244,28,4,Service,2023-01-21,24
3855,5330,2370,7,4,Value for Money,2024-03-01,
3856,5913,21222,23,5,Service,2023-10-04,29
3857,1883,13979,14,4,Delivery Time,2023-12-12,13
3858,4976,9245,13,4,Service,2024-10-17,24
3859,4542,19031,3,4,Food Quality,2023-08-15,16
3860,6572,8371,15,3,Cleanliness,2024-12-19,8
3861,1792,13713,6,5,Cleanliness,2024-02-18,39
3862,1051,12155,23,3,Ambience,2023-10-15,23
3863,123,26232,26,5,Service,2024-07-14,
3864,624,6934,15,4,Value for Money,2023-09-18,16
3865,4190,8467,4,5,Food Quality,2023-01-10,25
3866,4619,31631,13,4,Value for Money,2023-12-29,30
3867,87,28892,23,5,Food Quality,2024-07-20,22
3868,4896,22462,1,4,Delivery Time,2024-10-03,31
3869,2873,10850,26,3,Service,2023-04-04,37
3870,4861,11247,18,5,Value for Money,2023-12-24,6
3871,1462,233,1,3,Delivery Time,2023-03-23,25
3872,2667,24044,3,2,Ambience,2023-01-06,
3873,430,17409,8,2,Service,2023-05-17,3
3874,3889,17485,21,5,Food Quality,2023-08-28,
3875,4220,11637,22,3,Cleanliness,2024-08-23,12
3876,5558,17344,7,5,Value for Money,2024-08-18,18
3877,1045,7499,17,5,Ambience,2024-09-03,8
3878,4984,22348,20,4,Delivery Time,2023-10-28,14
3879,4337,20247,22,4,Ambience,2023-11-24,25
3880,2747,19167,25,4,Cleanliness,2024-11-21,35
3881,3524,11545,9,4,Value for Money,2023-05-19,35
3882,4827,3973,18,3,Food Quality,2023-05-27,24
3883,3738,3488,25,4,Ambience,2024-09-23,32
3884,4299,22912,2,4,Ambience,2023-10-03,10
3885,2642,17971,12,5,Ambience,2023-05-06,20
3886,4328,6008,16,5,Value for Money,2024-03-08,18
3887,6450,8516,24,5,Ambience,2023-08-10,14
3888,4194,6386,27,5,Cleanliness,2024-03-14,13
3889,5416,27213,17,5,Food Quality,2023-02-20,28
3890,6240,8442,1,5,Delivery Time,2024-04-27,14
3891,1156,25360,25,4,Service,2024-02-09,7
3892,3413,4111,25,2,Food Quality,2023-05-01,
3893,5438,4304,27,4,Service,2024-12-15,16
3894,5702,23243,21,3,Delivery Time,2024-07-17,31
3895,145,4396,16,10,Cleanliness,2023-09-01,22
3896,1086,1906,10,2,Delivery Time,2023-07-25,
3897,2617,2425,23,3,Delivery Time,2023-02-24,39
3898,6712,5924,22,3,Food Quality,2024-10-05,16
3899,4511,21367,3,5,Value for Money,2023-05-07,36
3900,10,24401,15,3,Ambience,2023-01-05,
3901,3104,25250,23,3,Service,2024-09-06,10
3902,260,17562,13,4,Cleanliness,2023-12-07,2
3903,1923,21027,10,3,Ambience,2023-10-22,18
3904,4158,15465,12,3,Ambience,2023-11-04,
3905,3233,8279,18,3,Cleanliness,2023-06-10,39
3906,1701,7808,1,5,Ambience,2024-08-27,18
3907,6770,16139,14,1,Food Quality,2024-04-25,2
3908,4381,570,12,1,Cleanliness,2023-09-28,6
3909,1526,21585,9,5,Ambience,2023-02-22,7
3910,3148,25430,23,2,Delivery Time,2023-09-21,5
3911,5344,27558,4,3,Food Quality,2023-01-23,24
3912,5488,22283,8,4,Ambience,2023-07-29,1
3913,5164,3871,19,4,Cleanliness,2023-10-23,33
3914,26,17954,21,3,Delivery Time,2023-03-22,16
3915,6745,1334,25,5,Service,2024-12-31,22
3916,6235,29062,22,4,Service,2023-08-25,5
3917,6590,29516,18,4,Cleanliness,2023-11-10,11
3918,5419,6717,21,5,Ambience,2023-06-11,21
3919,914,31003,14,3,Value for Money,2023-06-12,
3920,4491,9536,19,3,Ambience,2023-04-08,23
3921,6092,20660,23,5,Service,2023-08-08,30
3922,2690,19631,3,4,Service,2024-01-03,9
3923,5086,12720,13,5,Value for Money,2024-12-05,24
3924,77,8484,17,2,Value for Money,2023-10-28,7
3925,6427,24651,1,5,Food Quality,2023-11-30,19
3926,5240,8315,16,1,Service,2023-05-15,23
3927,1478,12695,23,5,Value for Money,2024-05-26,40
3928,2117,14158,11,5,Service,2024-09-26,14
3929,6650,3083,21,5,Ambience,2024-05-19,34
3930,4155,15536,22,4,Service,2023-10-05,35
3931,2985,22296,4,5,Value for Money,2023-09-06,31
3932,6327,6936,8,5,Food Quality,2024-10-25,38
3933,463,1549,16,4,Service,2024-04-19,6
3934,1271,10934,24,2,Cleanliness,2023-03-15,36
3935,947,21401,16,4,Cleanliness,2024-10-26,20
3936,6384,13963,4,3,Service,2023-09-07,12
3937,1898,24939,21,4,Value for Money,2024-11-23,39
3938,6167,7170,15,3,Ambience,2023-08-22,0
3939,6508,24466,12,4,Value for Money,2023-10-24,14
3940,2046,13035,1,5,Cleanliness,2023-05-29,18
3941,4192,22852,25,3,Cleanliness,2024-11-30,8
3942,3917,20768,28,5,Value for Money,2024-11-03,12
3943,4293,16954,27,1,Food Quality,2024-10-28,5
3944,6069,5301,25,4,Ambience,2024-03-09,36
3945,1504,14520,15,5,Food Quality,2024-03-28,33
3946,1550,23871,24,4,Delivery Time,2024-05-30,28
3947,6407,12964,6,4,Ambience,2023-03-15,22
3948,6087,23395,9,4,Ambience,2024-11-17,21
3949,5812,12171,19,3,Delivery Time,2024-01-11,
3950,1374,9602,27,4,Food Quality,2023-09-26,3
3951,174,18388,21,1,Service,2023-01-03,11
3952,1834,15746,14,3,Ambience,2024-01-16,1
3953,319,27819,28,4,Ambience,2023-09-05,20
3954,3774,29631,6,5,Cleanliness,2023-07-20,19
3955,5691,12217,2,5,Ambience,2024-03-29,32
3956,2924,16183,1,5,Value for Money,2024-02-07,38
3957,3581,7485,8,4,Delivery Time,2023-09-05,37
3958,4482,247,15,4,Cleanliness,2024-01-18,22
3959,5458,2235,14,3,Service,2023-05-02,38
3960,3430,900,12,5,Food Quality,2023-07-12,40
3961,3872,10951,15,3,Food Quality,2023-03-30,7
3962,2198,2759,22,5,Ambience,2023-01-13,0
3963,1428,29980,3,4,Delivery Time,2024-07-08,18
3964,6618,30998,21,4,Service,2024-03-25,30
3965,1215,14295,24,4,Value for Money,2024-01-25,14
3966,1652,30963,1,2,Cleanliness,2023-07-17,3
3967,2880,650,23,5,Food Quality,2023-10-30,31
3968,5023,19188,10,4,Ambience,2024-02-11,31
3969,5751,386,12,3,Service,2024-08-22,24
3970,38,24582,26,3,Ambience,2024-04-25,26
3971,1212,2200,6,5,Delivery Time,2023-10-17,12
3972,2297,6988,13,5,Food Quality,2023-11-07,38
3973,4541,29339,9,3,Delivery Time,2024-07-08,26
3974,1145,30008,14,2,Delivery Time,2024-06-29,28
3975,2301,24256,17,2,Cleanliness,2023-10-14,12
3976,6336,19242,8,5,Food Quality,2024-08-05,18
3977,2220,26665,4,3,Ambience,2024-12-13,31
3978,4531,21716,9,5,Cleanliness,2024-02-23,11
3979,3529,27951,3,5,Service,2024-09-04,25
3980,1338,17739,21,1,Delivery Time,2024-01-19,29
3981,2709,13928,20,4,Ambience,2023-12-03,
3982,395,13003,7,4,Food Quality,2023-10-01,6
3983,3454,30387,6,5,Service,2023-02-27,0
3984,1239,27412,25,5,Cleanliness,2023-12-20,12
3985,2329,11056,10,3,Cleanliness,2024-10-24,6
3986,4413,602,13,3,Cleanliness,2024-01-24,7
3987,779,7658,8,2,Value for Money,2023-05-13,18
3988,5436,18082,11,5,Service,2023-03-20,1
3989,5478,19097,4,5,Service,2024-12-27,4
3990,3373,23347,11,2,Service,2023-06-18,29
3991,5793,15965,11,4,Delivery Time,2023-05-13,15
3992,6116,27993,13,5,Value for Money,2023-05-14,10
3993,5623,11386,19,5,Service,2024-06-11,12
3994,6056,29701,19,5,Ambience,2023-08-12,18
3995,6251,30515,3,4,Service,2024-10-23,3
3996,5982,21845,25,3,Value for Money,2023-03-29,21
3997,1563,13456,23,6,Value for Money,2024-05-31,16
3998,1497,10363,16,5,Cleanliness,2023-10-11,26
3999,4589,29937,5,5,Value for Money,2023-05-03,33
4000,1772,23653,28,5,Cleanliness,2023-01-09,1
4001,4113,177,23,3,Value for Money,2024-03-04,39
4002,1937,5459,19,4,Food Quality,2024-04-09,26
4003,6723,16574,26,4,Cleanliness,2024-10-27,40
4004,3296,5444,26,4,Service,2024-03-13,9
4005,470,21939,1,5,Value for Money,2023-01-31,29
4006,6231,14708,13,1,Food Quality,2024-04-04,24
4007,6993,12589,12,4,Cleanliness,2024-08-13,31
4008,1971,18545,4,5,Delivery Time,2024-12-21,22
4009,233,1272,7,4,Ambience,2024-05-24,21
4010,658,27634,23,4,Cleanliness,2024-04-22,40
4011,3724,22733,18,3,Ambience,2023-07-20,26
4012,1459,23254,9,3,Value for Money,2023-09-29,26
4013,2685,2720,6,4,Value for Money,2023-08-11,15
4014,3092,26952,14,4,Value for Money,2023-11-21,20
4015,5379,17705,13,3,Ambience,2024-12-28,0
4016,6018,8959,15,3,Service,2023-11-09,
4017,1589,22725,8,4,Cleanliness,2024-04-27,1
4018,1020,24000,2,4,Value for Money,2024-06-13,26
4019,2634,15049,24,5,Food Quality,2024-06-28,15
4020,2371,12055,10,2,Cleanliness,2023-05-02,24
4021,1476,4789,27,3,Value for Money,2024-10-14,13
4022,3890,23331,5,3,Service,2024-09-10,35
4023,1005,29751,16,2,Service,2024-03-29,21
4024,4710,22230,15,4,Cleanliness,2023-12-29,5
4025,1061,6351,8,4,Cleanliness,2023-08-08,16
4026,462,602,10,3,Food Quality,2024-09-14,
4027,1338,30904,4,5,Delivery Time,2023-02-16,29
4028,4944,10375,7,5,Delivery Time,2023-06-22,
4029,4022,16111,4,4,Service,2024-03-14,1
4030,2250,4584,21,3,Service,2023-05-15,26
4031,1190,12502,9,4,Service,2023-12-06,25
4032,6676,7274,3,5,Cleanliness,2024-10-24,35
4033,3313,30207,17,5,Delivery Time,2024-09-19,1
4034,3616,19689,10,3,Delivery Time,2024-03-21,28
4035,2192,16577,9,3,Value for Money,2023-04-13,
4036,736,11073,11,5,Food Quality,2024-01-26,8
4037,5502,31612,22,4,Delivery Time,2024-01-24,19
4038,6742,8885,3,2,Food Quality,2024-12-06,1
4039,3970,10351,26,5,Food Quality,2023-05-04,35
4040,3506,6458,21,5,Delivery Time,2023-10-05,16
4041,3838,21441,24,4,Value for Money,2023-08-17,32
4042,4860,23115,10,5,Food Quality,2023-07-14,
4043,4641,23281,10,4,Cleanliness,2023-02-20,8
4044,3176,28901,18,3,Cleanliness,2023-09-16,17
4045,4663,26496,24,2,Value for Money,2024-07-17,6
4046,2521,12677,23,3,Delivery Time,2023-01-13,2
4047,5401,9675,15,5,Ambience,2024-06-09,34
4048,411,2923,9,3,Delivery Time,2023-11-13,19
4049,1273,6353,20,4,Food Quality,2023-10-02,4
4050,5164,27990,11,4,Value for Money,2024-03-18,9
4051,5632,31030,20,5,Service,2023-05-09,3
4052,2330,7177,12,2,Cleanliness,2023-10-20,0
4053,6017,21551,21,1,Delivery Time,2024-08-13,34
4054,3560,5402,24,3,Service,2024-03-21,32
4055,5318,31085,9,5,Cleanliness,2024-11-11,33
4056,5669,26836,21,5,Delivery Time,2024-07-27,23
4057,1966,3881,27,4,Cleanliness,2024-12-06,21
4058,5753,1217,27,4,Food Quality,2023-09-24,21
4059,2581,29972,19,5,Cleanliness,2023-04-18,34
4060,4238,14269,19,5,Delivery Time,2024-10-01,20
4061,1527,24292,12,3,Food Quality,2023-10-29,26
4062,2448,27894,8,4,Service,2023-03-10,1
4063,351,23697,12,4,Food Quality,2023-10-05,32
4064,941,17008,1,4,Ambience,2024-03-27,16
4065,6175,11912,2,4,Food Quality,2023-09-01,31
4066,217,15544,10,4,Delivery Time,2024-05-19,25
4067,2393,16038,24,4,Service,2024-09-22,5
4068,104,9209,25,4,Service,2023-04-04,32
4069,1523,17515,2,5,Cleanliness,2024-02-26,29
4070,3535,3096,14,5,Cleanliness,2024-02-24,14
4071,2163,22517,20,5,Food Quality,2024-07-27,19
4072,3272,9676,22,3,Value for Money,2024-01-19,20
4073,5732,18598,21,5,Cleanliness,2024-07-11,8
4074,6312,10168,16,3,Ambience,2023-04-30,24
4075,2933,1128,8,4,Ambience,2023-02-05,13
4076,5441,903,6,5,Food Quality,2023-10-26,10
4077,241,26269,14,5,Service,2023-08-12,10
4078,1415,2267,22,4,Service,2024-06-02,22
4079,4294,1569,8,4,Delivery Time,2024-02-20,3
4080,3363,19814,18,5,Ambience,2023-12-05,23
4081,4184,27416,27,5,Ambience,2023-12-20,
4082,5228,4105,26,4,Ambience,2023-12-12,22
4083,3406,9721,21,5,Delivery Time,2023-07-18,17
4084,1408,8223,18,5,Cleanliness,2023-01-07,14
4085,4220,3297,28,2,Service,2024-08-23,12
4086,6877,25969,22,2,Ambience,2023-08-18,10
4087,315,14650,15,5,Ambience,2024-12-31,34
4088,6005,9829,28,1,Service,2024-12-17,24
4089,4572,24648,17,5,Ambience,2023-11-28,23
4090,891,146,27,4,Service,2023-03-28,0
4091,56,10580,11,5,Ambience,2023-10-06,10
4092,2659,26137,12,4,Cleanliness,2024-08-02,33
4093,2405,5188,3,2,Ambience,2024-01-13,24
4094,5342,3673,21,2,Cleanliness,2023-09-06,22
4095,297,15604,20,4,Ambience,2023-05-25,26
4096,63,13626,3,1,Food Quality,2024-11-16,9
4097,1860,82,6,4,Cleanliness,2023-08-12,8
4098,5872,23554,6,4,Cleanliness,2024-11-12,18
4099,6491,2012,8,5,Delivery Time,2024-10-10,2
4100,5393,20966,15,4,Service,2024-06-25,34
4101,1389,5096,14,4,Delivery Time,2023-11-30,4
4102,4530,22736,14,3,Service,2023-03-25,13
4103,811,294,21,4,Cleanliness,2024-12-07,9
4104,442,20131,5,4,Service,2024-09-08,33
4105,6549,22509,3,4,Service,2024-05-29,4
4106,4905,27423,15,4,Service,2023-12-30,9
4107,3878,14175,24,4,Cleanliness,2024-12-24,30
4108,3618,11017,17,2,Service,2024-06-28,5
4109,1615,18106,19,4,Ambience,2023-03-03,13
4110,3228,16790,8,4,Cleanliness,2023-11-07,14
4111,6615,11847,12,5,Food Quality,2023-03-28,36
4112,6864,31449,3,5,Food Quality,2023-02-15,37
4113,3649,17366,18,3,Service,2024-07-13,29
4114,2627,25660,9,2,Service,2023-07-03,4
4115,6315,30374,26,5,Ambience,2023-08-23,22
4116,6689,14686,5,3,Food Quality,2024-01-25,10
4117,464,24790,8,5,Ambience,2024-11-10,11
4118,1127,21557,17,5,Food Quality,2023-02-22,34
4119,593,23186,14,4,Food Quality,2024-08-04,39
4120,3129,507,14,5,Ambience,2024-05-14,34
4121,5024,28544,10,4,Ambience,2023-12-10,29
4122,5062,10211,6,2,Cleanliness,2024-01-29,0
4123,1773,15226,17,2,Delivery Time,2024-09-09,
4124,2325,17535,3,4,Ambience,2024-12-23,3
4125,96,24754,25,3,Ambience,2023-04-03,26
4126,5016,12604,14,4,Ambience,2023-06-20,9
4127,1842,10821,6,5,Value for Money,2023-04-06,9
4128,3775,12740,23,1,Cleanliness,2023-11-26,17
4129,391,3203,16,5,Delivery Time,2024-08-04,7
4130,4592,15068,8,4,Delivery Time,2023-07-02,22
4131,5397,18428,6,4,Delivery Time,2023-10-01,18
4132,1053,26064,12,4,Food Quality,2024-01-05,
4133,3495,26155,28,4,Ambience,2024-02-02,35
4134,3657,7953,18,4,Food Quality,2024-07-05,13
4135,3335,18508,2,3,Cleanliness,2024-05-07,17
4136,6614,9211,13,1,Value for Money,2023-12-12,36
4137,4607,30479,5,1,Ambience,2023-04-05,19
4138,4346,21575,12,4,Ambience,2024-08-26,32
4139,4207,16324,14,4,Ambience,2024-01-14,20
4140,9,30898,4,5,Food Quality,2023-04-30,37
4141,6301,12754,6,2,Service,2024-03-14,19
4142,6319,10900,25,3,Delivery Time,2024-04-23,36
4143,5606,31414,19,4,Food Quality,2024-02-12,4
4144,1037,10224,18,5,Cleanliness,2023-07-17,40
4145,6544,10950,17,4,Ambience,2024-11-02,15
4146,6089,955,20,4,Cleanliness,2023-07-27,4
4147,4853,16132,25,4,Cleanliness,2023-07-08,5
4148,6914,14845,2,5,Value for Money,2024-06-20,19
4149,282,7785,2,3,Cleanliness,2023-07-26,
4150,6267,27528,6,3,Service,2024-12-17,2
4151,2653,14053,6,4,Ambience,2024-10-24,29
4152,2699,9487,4,5,Cleanliness,2024-03-24,25
4153,4584,1339,26,5,Cleanliness,2024-01-13,9
4154,953,15775,2,5,Value for Money,2023-01-25,0
4155,6028,31971,24,5,Delivery Time,2023-03-13,3
4156,2505,16702,1,5,Food Quality,2023-01-23,10
4157,1371,5469,22,4,Ambience,2023-11-07,25
4158,1346,14185,27,5,Delivery Time,2023-06-07,20
4159,4585,23721,22,3,Food Quality,2023-02-15,36
4160,2523,11694,16,4,Cleanliness,2024-03-31,1
4161,2599,344,17,4,Service,2023-10-08,31
4162,2801,21757,5,3,Value for Money,2024-12-21,5
4163,1567,5202,13,4,Value for Money,2023-04-22,34
4164,987,34,17,5,Food Quality,2024-08-19,32
4165,3843,9343,27,5,Service,2024-08-23,40
4166,4416,9596,15,5,Food Quality,2024-09-08,3
4167,294,7753,24,5,Ambience,2024-11-11,11
4168,1183,11810,19,5,Service,2024-11-16,30
4169,6433,9852,23,5,Ambience,2023-07-12,3
4170,6894,26081,17,4,Delivery Time,2023-07-14,13
4171,4388,8214,9,1,Value for Money,2024-03-26,31
4172,5624,28248,2,3,Food Quality,2024-12-19,10
4173,2465,22934,12,3,Ambience,2024-12-09,16
4174,5081,17888,19,4,Value for Money,2024-12-27,40
4175,3428,6538,13,5,Value for Money,2023-09-08,11
4176,3914,19411,26,4,Service,2024-02-06,23
4177,56,29211,3,5,Cleanliness,2023-07-03,35
4178,2042,18747,14,4,Service,2023-10-03,0
4179,1177,9952,15,4,Service,2023-05-21,36
4180,2934,31146,12,5,Cleanliness,2024-10-02,2
4181,2533,5589,24,3,Ambience,2024-12-16,16
4182,420,14019,18,4,Ambience,2023-03-20,12
4183,5056,1028,22,2,Delivery Time,2023-10-10,38
4184,884,25607,20,4,Food Quality,2024-12-24,37
4185,5392,31709,16,4,Cleanliness,2023-07-01,3
4186,5106,1150,3,5,Ambience,2024-04-01,19
4187,1379,26138,19,4,Food Quality,2024-07-08,28
4188,4970,19018,25,4,Delivery Time,2024-02-21,10
4189,1066,29050,17,5,Food Quality,2024-03-19,28
4190,4892,10507,5,5,Service,2024-03-18,10
4191,134,3255,3,4,Value for Money,2023-07-15,9
4192,3081,26083,7,5,Cleanliness,2023-01-05,33
4193,3787,29839,17,1,Food Quality,2024-12-21,29
4194,2073,25493,20,5,Food Quality,2024-02-03,0
4195,5641,9253,23,2,Ambience,2024-02-22,34
4196,4392,4092,7,5,Food Quality,2024-01-04,9
4197,3238,4287,4,5,Service,2024-01-07,20
4198,2248,5335,17,4,Food Quality,2024-02-25,
4199,99999,999999,999,9,Cleanliness,2023-06-18,33
4200,362,31298,28,2,Service,2024-08-20,9
4201,5770,3033,15,2,Ambience,2023-10-27,5
4202,1766,12949,14,4,Ambience,2024-08-02,4
4203,5609,24059,6,5,Delivery Time,2023-03-12,24
4204,5544,15939,6,4,Service,2024-11-25,12
4205,5617,29372,2,5,Cleanliness,2024-12-25,13
4206,3806,19654,2,4,Ambience,2024-02-06,40
4207,1462,1894,26,2,Value for Money,2024-07-22,25
4208,6594,7244,7,3,Food Quality,2024-08-09,9
4209,3067,9496,10,5,Value for Money,2023-05-12,11
4210,884,19823,12,5,Service,2023-10-31,
4211,5546,22119,3,4,Value for Money,2024-08-17,15
4212,3940,7424,10,5,Value for Money,2023-03-29,29
4213,5426,1560,5,5,Ambience,2024-03-30,26
4214,2802,16809,10,4,Service,2024-09-12,23
4215,851,17729,22,5,Ambience,2023-02-09,0
4216,1244,19803,19,5,Food Quality,2023-08-12,9
4217,2393,20727,14,4,Food Quality,2023-04-05,17
4218,1409,18893,3,5,Service,2024-08-09,10
4219,4101,14882,7,4,Ambience,2023-04-22,34
4220,2956,16909,4,5,Delivery Time,2024-04-21,18
4221,5840,4434,25,5,Ambience,2023-09-21,22
4222,4193,11417,16,3,Ambience,2023-10-14,37
4223,3590,6330,5,5,Food Quality,2024-07-25,9
4224,3852,28765,28,4,Service,2023-05-18,16
4225,6709,4304,13,5,Food Quality,2024-08-02,12
4226,6987,31830,26,4,Service,2024-02-03,34
4227,6098,31461,16,10,Ambience,2024-01-18,21
4228,656,1277,10,4,Service,2023-05-24,11
4229,3444,14674,5,3,Value for Money,2023-05-10,23
4230,3792,6429,21,3,Ambience,2023-05-28,35
4231,4421,5892,10,4,Service,2023-09-14,24
4232,6072,28667,14,3,Value for Money,2024-03-25,3
4233,4444,24414,16,3,Ambience,2023-05-12,12
4234,5416,27367,27,5,Value for Money,2024-10-12,26
4235,5983,22255,19,1,Food Quality,2023-09-19,27
4236,4238,21671,26,4,Cleanliness,2024-02-09,1
4237,3428,5560,23,4,Service,2023-04-14,32
4238,4910,16325,13,3,Ambience,2023-04-03,30
4239,3060,29924,2,3,Food Quality,2023-12-08,0
4240,3419,22287,15,4,Delivery Time,2024-11-12,12
4241,4446,20639,8,3,Value for Money,2023-04-03,39
4242,2199,26232,3,2,Food Quality,2024-03-29,2
4243,5441,11900,13,5,Value for Money,2024-03-06,37
4244,728,20404,27,2,Ambience,2023-02-03,16
4245,2703,7699,21,4,Ambience,2024-11-25,24
4246,6003,12933,1,1,Cleanliness,2024-08-30,34
4247,2626,10654,18,5,Cleanliness,2023-11-21,6
4248,1507,22082,23,4,Service,2023-10-01,23
4249,1614,1707,1,2,Value for Money,2023-03-10,27
4250,3347,13103,20,4,Cleanliness,2024-12-19,
4251,2496,2177,11,2,Ambience,2024-06-28,25
4252,99999,999999,999,9,Food Quality,2023-09-15,33
4253,6000,17386,12,3,Delivery Time,2023-02-12,
4254,3954,21043,11,3,Ambience,2023-08-05,33
4255,477,1343,27,5,Delivery Time,2023-11-15,15
4256,3424,44,15,5,Service,2023-11-16,12
4257,1435,27051,10,4,Delivery Time,2024-09-25,25
4258,6365,11116,4,4,Value for Money,2024-12-18,19
4259,2652,6537,9,3,Cleanliness,2023-03-13,30
4260,2047,31135,7,4,Service,2024-03-28,30
4261,201,21620,27,2,Ambience,2023-02-13,4
4262,1900,30720,7,5,Ambience,2024-12-25,25
4263,3548,12059,17,1,Ambience,2023-02-24,33
4264,2086,337,25,4,Ambience,2023-07-23,18
4265,4698,19853,16,5,Value for Money,2023-02-01,24
4266,2509,3932,11,4,Value for Money,2023-09-30,35
4267,2785,29090,23,5,Ambience,2024-09-27,34
4268,3287,27390,2,3,Ambience,2023-10-08,19
4269,5405,25900,19,3,Food Quality,2024-11-25,12
4270,6186,1977,5,4,Cleanliness,2023-04-04,34
4271,4792,8191,25,5,Delivery Time,2023-08-27,28
4272,784,3969,28,2,Food Quality,2024-10-18,36
4273,6189,19485,7,4,Delivery Time,2024-08-20,39
4274,4749,11491,7,3,Service,2023-08-24,
4275,3883,7302,23,1,Delivery Time,2024-02-20,6
4276,5324,4252,1,5,Service,2024-09-22,6
4277,3923,25029,25,5,Service,2024-04-13,17
4278,5827,24215,22,5,Food Quality,2023-11-07,25
4279,680,16252,23,4,Cleanliness,2024-09-01,10
4280,4973,3651,27,3,Cleanliness,2023-06-19,22
4281,2535,18872,13,4,Ambience,2024-12-24,16
4282,5090,26056,22,4,Service,2023-12-18,34
4283,1446,13002,25,4,Cleanliness,2023-08-20,23
4284,314,10800,15,4,Delivery Time,2023-04-18,22
4285,3113,20911,10,5,Service,2024-05-12,37
4286,106,19448,5,3,Ambience,2024-08-30,27
4287,2042,27307,24,5,Food Quality,2024-03-10,8
4288,6758,10115,3,2,Delivery Time,2023-07-22,10
4289,4344,4534,17,2,Ambience,2023-09-07,21
4290,5040,16450,22,4,Cleanliness,2024-12-26,7
4291,4422,28846,2,4,Service,2023-04-11,16
4292,3598,21515,26,2,Food Quality,2023-06-14,36
4293,1075,17097,22,4,Food Quality,2024-11-02,12
4294,5743,13246,10,5,Ambience,2023-06-27,28
4295,6709,7408,19,4,Delivery Time,2023-09-19,13
4296,2351,22199,27,5,Ambience,2024-01-30,25
4297,3475,27039,9,2,Delivery Time,2024-10-08,34
4298,99999,999999,999,8,Food Quality,2024-10-04,18
4299,5886,3928,9,3,Cleanliness,2024-08-26,22
4300,2255,721,4,4,Food Quality,2024-04-03,3
4301,4766,28474,27,5,Food Quality,2023-08-23,33
4302,5675,22421,7,5,Ambience,2023-06-20,23
4303,57,2486,13,3,Cleanliness,2024-11-04,34
4304,4763,4418,24,5,Value for Money,2023-07-30,6
4305,3645,29000,25,5,Cleanliness,2023-06-01,19
4306,4575,18724,5,5,Value for Money,2023-08-06,
4307,6014,13263,6,4,Ambience,2023-12-02,24
4308,4044,26201,7,3,Value for Money,2023-09-25,4
4309,6241,29315,1,4,Service,2023-01-23,10
4310,2628,24761,4,4,Cleanliness,2024-02-06,25
4311,4731,29708,26,4,Service,2023-08-18,28
4312,5955,17810,1,4,Ambience,2024-05-14,
4313,6061,9376,25,4,Ambience,2024-05-06,31
4314,4318,6555,27,4,Service,2024-04-04,13
4315,589,4535,15,5,Value for Money,2024-11-14,3
4316,4268,5081,27,2,Ambience,2024-03-24,37
4317,5273,5003,9,4,Service,2023-09-02,31
4318,1984,7477,20,5,Value for Money,2024-07-03,23
4319,3522,21065,25,5,Ambience,2024-02-25,34
4320,4409,31883,19,4,Cleanliness,2023-04-07,38
4321,3435,1430,15,4,Value for Money,2024-09-18,14
4322,5754,18887,6,4,Cleanliness,2023-03-17,18
4323,3080,14584,28,4,Service,2024-06-24,29
4324,6230,6654,16,1,Delivery Time,2024-09-15,33
4325,4642,4497,10,5,Delivery Time,2023-03-30,32
4326,4993,21742,9,4,Food Quality,2024-09-18,37
4327,1273,27610,7,5,Delivery Time,2024-11-03,39
4328,3720,13234,25,5,Cleanliness,2024-09-02,35
4329,1109,18197,8,4,Ambience,2023-04-16,
4330,537,30745,8,4,Cleanliness,2023-06-05,26
4331,2768,16697,6,4,Ambience,2024-01-13,25
4332,3369,27120,7,3,Cleanliness,2023-07-04,5
4333,6641,8743,24,4,Value for Money,2024-10-11,
4334,6854,9218,26,6,Delivery Time,2023-11-29,7
4335,2105,26275,26,4,Value for Money,2023-05-09,
4336,4460,23798,19,4,Food Quality,2024-02-19,39
4337,425,30457,20,4,Service,2024-10-12,3
4338,3112,17468,12,5,Food Quality,2024-08-11,24
4339,4261,14422,8,4,Cleanliness,2024-10-22,17
4340,2443,20226,4,3,Food Quality,2024-12-31,13
4341,4757,18571,19,3,Cleanliness,2023-06-08,20
4342,442,11049,19,3,Value for Money,2024-10-21,13
4343,5686,8208,3,2,Value for Money,2023-02-05,29
4344,5838,5376,8,4,Service,2023-10-03,39
4345,3516,28739,17,1,Value for Money,2023-08-03,24
4346,5653,12338,7,4,Service,2023-02-24,4
4347,2135,8605,14,4,Cleanliness,2024-12-21,36
4348,1753,10936,24,4,Delivery Time,2024-06-11,5
4349,2603,8553,24,5,Cleanliness,2023-07-11,35
4350,6348,7221,22,4,Value for Money,2024-04-15,6
4351,3264,14966,28,1,Cleanliness,2023-04-19,36
4352,3782,22130,5,4,Food Quality,2024-07-24,31
4353,1419,22418,5,1,Ambience,2023-05-31,6
4354,4015,16265,14,1,Food Quality,2023-05-20,21
4355,834,11155,22,5,Food Quality,2023-04-08,15
4356,2081,24671,14,4,Food Quality,2023-09-28,3
4357,5821,25097,12,5,Delivery Time,2023-09-28,19
4358,3725,24501,2,2,Value for Money,2023-10-01,13
4359,5124,24120,19,3,Food Quality,2023-05-19,36
4360,3500,27012,13,5,Value for Money,2023-04-26,32
4361,5143,3525,4,1,Ambience,2023-08-14,7
4362,6368,16957,16,4,Food Quality,2024-07-16,17
4363,5029,24597,12,4,Service,2024-04-30,13
4364,5663,17010,22,4,Service,2023-09-23,6
4365,522,21874,10,4,Value for Money,2023-05-15,30
4366,4776,14576,7,5,Ambience,2024-12-29,23
4367,1153,7974,9,1,Ambience,2023-09-29,16
4368,4765,22127,4,5,Delivery Time,2023-05-29,25
4369,5803,8285,26,4,Food Quality,2024-05-31,11
4370,2957,28135,11,5,Delivery Time,2024-03-29,9
4371,2024,13953,1,4,Service,2023-06-26,10
4372,600,31829,28,3,Food Quality,2023-09-07,30
4373,2218,1088,26,4,Delivery Time,2024-08-24,39
4374,6803,5838,20,4,Cleanliness,2023-02-14,14
4375,1861,14572,2,5,Ambience,2024-10-01,9
4376,99999,999999,999,7,Ambience,2024-12-05,
4377,146,30456,4,2,Delivery Time,2023-03-09,27
4378,2498,5857,21,4,Value for Money,2023-06-25,25
4379,3233,19803,17,3,Value for Money,2023-05-24,20
4380,5879,3570,4,2,Delivery Time,2023-06-05,23
4381,6548,30962,19,2,Cleanliness,2024-11-27,23
4382,1771,30461,18,4,Delivery Time,2024-11-04,9
4383,2773,31991,15,4,Value for Money,2024-03-16,22
4384,2295,6651,21,4,Cleanliness,2023-07-07,9
4385,4099,13814,6,5,Service,2024-02-06,33
4386,3569,826,15,5,Food Quality,2023-05-21,9
4387,4123,23862,6,5,Food Quality,2023-12-27,26
4388,1903,25508,19,4,Service,2024-03-03,40
4389,1179,16052,1,4,Delivery Time,2024-09-04,9
4390,6054,11597,6,5,Service,2023-02-21,27
4391,4209,24984,5,3,Ambience,2023-04-23,12
4392,3572,16548,20,5,Food Quality,2023-12-11,28
4393,2551,20617,23,4,Delivery Time,2023-02-28,3
4394,5423,9351,15,3,Delivery Time,2023-05-21,19
4395,412,16384,1,5,Service,2024-11-28,26
4396,4307,2387,19,2,Delivery Time,2024-06-05,28
4397,5385,20097,2,2,Value for Money,2023-08-18,3
4398,4617,7273,20,4,Ambience,2023-01-22,11
4399,5182,25136,13,4,Food Quality,2023-04-21,31
4400,5283,28250,28,5,Service,2024-06-20,38
4401,3184,7521,9,5,Service,2024-03-01,22
4402,2605,15840,9,3,Food Quality,2023-06-25,10
4403,4462,7359,16,5,Value for Money,2024-07-14,14
4404,187,10850,28,5,Ambience,2023-05-13,5
4405,5213,25696,2,4,Delivery Time,2024-07-13,0
4406,3828,5198,27,4,Delivery Time,2023-01-31,28
4407,488,20935,19,4,Delivery Time,2023-01-28,26
4408,632,16090,7,4,Cleanliness,2024-06-09,34
4409,4164,22137,21,4,Service,2023-01-07,36
4410,3214,12351,19,4,Service,2023-02-06,33
4411,740,25343,16,3,Food Quality,2023-02-20,15
4412,2932,7938,11,4,Delivery Time,2023-08-16,37
4413,1691,28374,27,5,Value for Money,2023-12-27,6
4414,431,22289,8,4,Service,2023-04-26,28
4415,5600,135,1,7,Ambience,2023-06-14,31
4416,146,1334,20,4,Food Quality,2024-09-24,25
4417,2502,111,3,5,Delivery Time,2024-06-27,30
4418,984,6946,4,3,Service,2024-06-05,22
4419,3488,7092,2,4,Value for Money,2023-10-24,
4420,3062,6670,9,4,Cleanliness,2023-09-21,18
4421,5524,28572,13,4,Delivery Time,2024-04-06,37
4422,4941,22299,8,5,Ambience,2023-04-25,34
4423,2432,2906,27,5,Delivery Time,2023-04-25,29
4424,5049,28067,26,4,Service,2023-02-11,27
4425,6454,18989,19,5,Service,2024-07-14,29
4426,5889,4704,3,1,Ambience,2023-04-16,26
4427,6616,2674,27,5,Value for Money,2024-07-28,32
4428,1404,31278,28,4,Service,2024-07-24,7
4429,923,18737,27,3,Ambience,2023-09-06,3
4430,3678,3835,1,4,Food Quality,2023-02-07,26
4431,5337,6124,21,4,Value for Money,2023-12-16,12
4432,99999,999999,999,6,Service,2024-05-27,37
4433,2106,18175,3,3,Ambience,2023-11-26,5
4434,2498,15437,21,1,Value for Money,2024-11-08,10
4435,4649,21688,14,3,Delivery Time,2024-03-12,25
4436,4529,20973,5,1,Food Quality,2023-07-28,11
4437,6672,28673,17,5,Cleanliness,2023-10-15,
4438,3616,3008,20,4,Ambience,2024-02-11,15
4439,5763,29735,17,4,Service,2023-06-07,
4440,5875,10107,8,5,Delivery Time,2024-01-26,22
4441,6730,26906,7,5,Service,2024-06-29,5
4442,3575,25554,1,1,Value for Money,2024-05-10,1
4443,62,26721,20,3,Cleanliness,2024-08-26,17
4444,2811,26137,23,3,Ambience,2023-11-22,20
4445,2694,21049,3,4,Ambience,2023-05-04,21
4446,5789,19294,15,1,Service,2023-06-06,7
4447,1426,18296,13,3,Delivery Time,2024-06-30,32
4448,4324,22579,4,4,Value for Money,2023-06-23,31
4449,99999,999999,999,7,Food Quality,2024-05-19,4
4450,6513,19561,5,5,Value for Money,2023-06-14,35
4451,5572,30653,16,3,Delivery Time,2023-07-02,31
4452,4390,26352,14,2,Delivery Time,2024-03-25,27
4453,6721,28272,11,4,Service,2024-12-18,29
4454,6681,19735,20,5,Ambience,2023-05-14,6
4455,4702,17810,21,4,Value for Money,2024-07-05,20
4456,3125,3346,12,5,Service,2024-07-31,6
4457,2153,24574,18,4,Value for Money,2023-03-05,11
4458,925,18952,6,4,Ambience,2024-11-25,7
4459,1551,1765,2,4,Service,2024-10-09,9
4460,3902,21877,7,1,Value for Money,2024-04-16,3
4461,6835,20598,8,3,Service,2024-10-09,35
4462,2973,7537,3,4,Delivery Time,2024-09-22,33
4463,6884,31286,2,5,Delivery Time,2023-03-05,25
4464,6738,12390,16,3,Ambience,2023-07-29,18
4465,4236,10912,5,5,Ambience,2024-12-30,18
4466,4091,9775,21,5,Service,2024-05-22,
4467,207,657,2,4,Food Quality,2024-12-14,3
4468,6111,14297,20,4,Food Quality,2024-10-15,22
4469,1185,19339,27,4,Service,2024-09-25,39
4470,4752,440,27,4,Ambience,2024-08-12,4
4471,5335,30231,14,1,Value for Money,2023-05-16,0
4472,3934,10169,1,5,Food Quality,2024-04-28,
4473,6443,26827,28,5,Value for Money,2023-12-08,13
4474,1554,29459,3,4,Service,2023-02-03,21
4475,2717,23641,5,5,Service,2023-09-17,38
4476,5447,6559,25,1,Cleanliness,2024-03-06,33
4477,6504,17370,11,4,Food Quality,2023-02-01,23
4478,4091,26887,8,4,Service,2024-02-14,25
4479,5939,17634,19,5,Ambience,2024-11-17,40
4480,4466,11426,20,3,Cleanliness,2023-05-31,2
4481,6975,19673,19,4,Service,2023-11-04,16
4482,1284,16739,7,4,Ambience,2024-05-29,38
4483,1685,21494,14,4,Value for Money,2023-04-30,33
4484,4176,31933,23,4,Service,2023-09-20,30
4485,4924,22731,21,5,Value for Money,2024-11-02,38
4486,204,1958,19,5,Service,2023-09-16,29
4487,5516,27797,23,4,Ambience,2024-11-08,16
4488,5567,15839,10,4,Cleanliness,2023-10-05,25
4489,2610,24855,12,4,Food Quality,2023-12-03,4
4490,99999,999999,999,10,Value for Money,2024-07-03,3
4491,99999,999999,999,7,Ambience,2024-04-07,9
4492,6340,9940,1,3,Food Quality,2023-02-19,
4493,4679,17071,1,5,Cleanliness,2024-05-06,31
4494,5652,2878,15,5,Cleanliness,2024-09-17,28
4495,504,14085,22,4,Ambience,2023-10-19,22
4496,4044,28671,17,5,Ambience,2024-04-14,18
4497,6754,8974,16,4,Service,2024-08-12,19
4498,1238,26430,20,4,Value for Money,2023-10-15,26
4499,999,16365,27,3,Ambience,2023-08-03,30
4500,5639,24513,10,3,Service,2024-02-06,35
4501,6458,7724,27,2,Ambience,2023-09-14,32
4502,3944,16994,10,5,Delivery Time,2023-09-12,34
4503,2231,31521,25,4,Delivery Time,2024-11-26,40
4504,1588,23632,10,5,Cleanliness,2023-10-28,11
4505,6072,2168,3,4,Service,2024-06-04,26
4506,2410,15752,21,1,Food Quality,2024-05-02,15
4507,5091,12858,1,3,Ambience,2024-12-19,27
4508,1354,1107,26,5,Ambience,2023-10-06,34
4509,772,6258,26,3,Delivery Time,2023-04-29,19
4510,5420,3853,14,4,Delivery Time,2023-08-12,11
4511,2249,23435,19,5,Food Quality,2023-10-23,32
4512,5013,29043,11,3,Delivery Time,2024-08-22,40
4513,6884,24639,18,3,Cleanliness,2023-05-09,37
4514,6019,10385,13,3,Food Quality,2024-07-30,38
4515,4758,10388,14,3,Delivery Time,2023-05-01,14
4516,2270,2047,4,4,Food Quality,2023-05-07,32
4517,3169,1937,26,2,Delivery Time,2023-07-12,22
4518,1495,1596,7,4,Cleanliness,2024-07-03,30
4519,4186,15764,28,5,Service,2024-10-19,15
4520,2182,4476,19,5,Delivery Time,2024-03-13,13
4521,4592,15501,4,5,Value for Money,2023-07-18,17
4522,4109,3131,22,3,Ambience,2024-11-06,31
4523,3531,18764,5,4,Service,2024-04-09,
4524,5536,24093,26,5,Service,2023-10-21,37
4525,6081,29288,24,4,Cleanliness,2024-09-27,0
4526,6096,4766,9,5,Food Quality,2024-04-13,25
4527,3430,18235,15,4,Service,2023-07-30,11
4528,816,18147,23,4,Food Quality,2023-01-26,21
4529,3049,31261,9,2,Service,2023-08-21,11
4530,5067,3369,10,3,Food Quality,2024-03-17,27
4531,1414,17273,27,5,Cleanliness,2024-10-04,8
4532,5859,8615,20,4,Ambience,2023-12-24,18
4533,5281,17578,20,4,Delivery Time,2024-10-17,26
4534,6588,20957,9,4,Ambience,2023-05-22,32
4535,1912,1594,14,5,Delivery Time,2024-10-29,16
4536,846,31653,7,3,Cleanliness,2024-10-24,
4537,226,9149,12,3,Food Quality,2024-12-26,10
4538,418,27762,7,5,Delivery Time,2023-11-30,19
4539,315,11664,25,1,Ambience,2024-06-22,10
4540,1716,21308,21,3,Ambience,2024-02-28,8
4541,5245,5313,2,5,Service,2024-09-04,0
4542,5485,19179,1,5,Cleanliness,2024-10-05,31
4543,6203,15603,20,4,Service,2023-09-24,10
4544,3502,25572,6,3,Value for Money,2023-08-20,0
4545,3677,4786,27,4,Service,2023-10-15,
4546,6442,4019,11,4,Cleanliness,2024-06-06,3
4547,3868,18947,8,3,Food Quality,2023-07-27,0
4548,5380,19500,19,2,Ambience,2024-01-03,16
4549,5194,20419,7,4,Delivery Time,2023-08-19,
4550,6671,29589,6,1,Delivery Time,2024-04-17,5
4551,740,17918,19,3,Cleanliness,2024-10-30,30
4552,6386,23384,2,5,Cleanliness,2024-09-16,11
4553,1144,19990,4,4,Value for Money,2023-08-25,9
4554,4109,25748,26,3,Delivery Time,2024-06-26,35
4555,1660,20166,28,2,Service,2023-06-13,12
4556,3850,2554,4,4,Cleanliness,2023-06-07,26
4557,518,2706,8,1,Value for Money,2023-05-21,
4558,1253,23745,12,8,Food Quality,2023-12-16,40
4559,4891,24504,12,2,Delivery Time,2023-08-15,3
4560,1222,9655,25,4,Ambience,2023-05-03,40
4561,3641,23220,5,4,Food Quality,2023-08-10,23
4562,2886,12617,25,4,Service,2024-11-21,26
4563,3128,24998,16,4,Food Quality,2024-01-25,33
4564,1564,14737,28,4,Cleanliness,2024-04-17,0
4565,865,27081,7,2,Food Quality,2024-02-22,17
4566,3701,16588,26,3,Ambience,2024-02-17,29
4567,5079,29309,11,3,Food Quality,2023-03-28,8
4568,3360,15846,23,1,Food Quality,2023-05-07,20
4569,5720,13343,19,5,Food Quality,2023-05-09,27
4570,2027,23619,6,5,Cleanliness,2023-03-11,12
4571,6075,22918,22,1,Service,2024-09-03,29
4572,571,19219,6,1,Cleanliness,2024-04-08,8
4573,671,30604,1,5,Delivery Time,2023-03-09,28
4574,1732,4664,3,4,Value for Money,2024-05-09,16
4575,6697,25058,9,2,Service,2023-12-24,6
4576,914,12795,6,5,Service,2024-08-09,28
4577,99999,999999,999,9,Cleanliness,2024-08-23,39
4578,1661,26038,7,5,Value for Money,2023-02-07,16
4579,1729,2229,3,5,Value for Money,2024-03-10,30
4580,4842,17254,24,5,Food Quality,2024-09-21,0
4581,6384,7420,2,4,Cleanliness,2023-06-23,38
4582,6474,17182,17,3,Service,2023-08-23,19
4583,5486,24949,4,5,Service,2024-02-27,13
4584,3831,2826,25,1,Value for Money,2023-02-20,9
4585,1634,13216,26,5,Delivery Time,2023-02-12,18
4586,3115,18851,26,2,Food Quality,2024-09-13,3
4587,3918,20649,16,5,Ambience,2024-02-25,27
4588,3751,30462,12,5,Ambience,2023-03-23,31
4589,6216,29592,1,3,Value for Money,2024-01-20,40
4590,1230,26950,3,3,Delivery Time,2023-05-01,
4591,6269,24191,2,4,Ambience,2024-05-19,17
4592,3659,7305,13,4,Delivery Time,2023-12-11,8
4593,6439,14907,11,4,Food Quality,2023-07-09,16
4594,1113,8191,2,4,Service,2023-05-07,8
4595,1418,15881,27,3,Value for Money,2023-12-10,33
4596,99999,999999,999,9,Service,2024-03-15,39
4597,5786,2894,1,4,Cleanliness,2024-11-09,35
4598,3829,8544,14,5,Service,2023-01-10,16
4599,287,19612,23,4,Cleanliness,2024-11-25,29
4600,6417,18816,2,5,Ambience,2024-04-08,23
4601,5984,13269,10,4,Delivery Time,2023-04-22,22
4602,1257,31610,28,4,Cleanliness,2023-01-01,2
4603,5822,4616,17,4,Food Quality,2024-04-05,20
4604,1156,29121,5,4,Cleanliness,2024-04-20,3
4605,95,29483,10,4,Cleanliness,2024-01-08,10
4606,2902,4265,12,3,Value for Money,2024-09-07,26
4607,6829,12786,23,5,Ambience,2024-03-29,34
4608,5293,12210,11,4,Ambience,2023-03-24,2
4609,6401,31020,6,5,Ambience,2023-06-24,34
4610,622,28860,12,4,Service,2024-05-18,25
4611,6667,20071,2,4,Ambience,2024-07-30,13
4612,808,22770,25,4,Food Quality,2023-10-25,4
4613,3660,19360,25,5,Food Quality,2024-02-25,27
4614,6049,6446,12,4,Value for Money,2024-02-27,
4615,3980,1000,19,5,Delivery Time,2024-10-24,34
4616,4206,19493,22,3,Cleanliness,2024-09-02,9
4617,2244,30122,16,5,Food Quality,2023-03-05,17
4618,6841,20244,7,3,Value for Money,2024-09-21,22
4619,3021,26964,27,3,Cleanliness,2024-05-26,24
4620,6070,21602,12,4,Ambience,2024-04-13,24
4621,4231,112,4,4,Food Quality,2024-04-11,39
4622,1535,10409,1,4,Cleanliness,2023-11-29,24
4623,6806,18898,25,4,Value for Money,2024-11-12,20
4624,2877,17565,25,5,Value for Money,2023-09-22,19
4625,3678,4858,20,5,Service,2024-10-25,22
4626,4605,24667,23,4,Delivery Time,2024-06-21,1
4627,6455,6397,5,4,Cleanliness,2024-12-23,6
4628,6557,26383,12,5,Value for Money,2023-08-13,24
4629,5893,9780,7,5,Service,2024-09-30,8
4630,5210,14293,12,1,Value for Money,2023-08-31,
4631,197,21833,16,4,Value for Money,2023-05-26,22
4632,4152,16207,8,5,Ambience,2023-09-08,34
4633,5633,2267,24,1,Ambience,2024-05-07,20
4634,1441,16213,6,5,Food Quality,2024-12-05,2
4635,3093,7646,10,5,Delivery Time,2023-01-19,20
4636,6483,24365,2,4,Value for Money,2024-07-22,16
4637,4839,19748,14,5,Service,2024-06-22,36
4638,5719,16301,8,5,Cleanliness,2023-05-24,38
4639,4264,18437,9,4,Ambience,2023-06-14,11
4640,3304,7256,28,3,Delivery Time,2023-06-23,34
4641,4820,5015,16,3,Value for Money,2024-06-16,37
4642,1551,5311,17,4,Cleanliness,2024-09-19,12
4643,4405,11466,24,5,Cleanliness,2023-07-12,33
4644,1347,26276,26,4,Value for Money,2024-09-24,8
4645,1204,3537,6,4,Delivery Time,2023-08-14,11
4646,1164,28650,9,3,Ambience,2023-05-08,11
4647,1167,19551,25,3,Value for Money,2023-04-15,9
4648,4770,30527,24,5,Delivery Time,2024-02-15,34
4649,170,11710,6,4,Delivery Time,2024-03-17,27
4650,6985,26311,15,5,Food Quality,2023-05-16,3
4651,2822,13077,22,4,Service,2024-12-25,27
4652,5144,22343,21,2,Ambience,2024-01-20,10
4653,6975,28855,10,3,Delivery Time,2023-08-01,32
4654,1365,25428,9,4,Cleanliness,2024-08-04,6
4655,954,23056,22,4,Delivery Time,2024-09-03,14
4656,6252,19277,21,4,Delivery Time,2024-05-22,23
4657,4872,14961,12,4,Ambience,2024-06-13,1
4658,5870,11200,2,4,Food Quality,2024-04-21,38
4659,1769,2535,26,5,Food Quality,2023-04-07,0
4660,3439,32,27,5,Value for Money,2024-04-24,33
4661,4047,20508,25,4,Value for Money,2024-06-09,28
4662,2917,6940,20,4,Cleanliness,2023-09-19,3
4663,5562,27860,10,3,Cleanliness,2024-06-07,28
4664,2545,30009,2,4,Cleanliness,2023-04-09,8
4665,855,19297,19,3,Service,2024-10-27,0
4666,3653,6491,27,4,Value for Money,2024-07-02,8
4667,267,30654,7,5,Cleanliness,2023-03-03,14
4668,6692,30072,24,5,Food Quality,2024-11-09,19
4669,5197,18866,18,4,Delivery Time,2023-09-05,3
4670,480,5895,27,3,Cleanliness,2023-08-02,28
4671,3807,52,8,4,Ambience,2023-06-01,39
4672,843,3544,13,5,Ambience,2024-02-28,13
4673,986,4518,2,4,Ambience,2023-09-20,7
4674,801,16739,14,5,Delivery Time,2024-01-19,3
4675,392,1127,9,3,Cleanliness,2023-01-11,4
4676,4291,3358,14,5,Food Quality,2024-04-15,12
4677,2915,237,5,3,Service,2023-08-28,32
4678,5542,22811,20,5,Service,2023-03-30,16
4679,1131,29788,26,2,Service,2024-02-09,6
4680,2782,12715,18,3,Cleanliness,2024-09-08,13
4681,1455,26699,13,3,Service,2023-07-10,13
4682,5231,23072,23,5,Delivery Time,2024-05-05,24
4683,364,21021,7,2,Cleanliness,2024-11-02,36
4684,1602,7197,23,4,Food Quality,2023-09-23,15
4685,2178,125,16,4,Value for Money,2024-06-21,40
4686,3140,27952,25,5,Ambience,2023-07-07,4
4687,3859,19620,3,2,Service,2024-08-24,25
4688,2395,6718,4,4,Food Quality,2023-04-24,9
4689,2205,1514,25,2,Ambience,2024-03-30,0
4690,6447,23526,17,4,Ambience,2024-11-15,31
4691,5453,1765,3,5,Ambience,2023-05-11,20
4692,5902,9877,12,1,Delivery Time,2024-06-12,26
4693,4573,9058,17,3,Food Quality,2024-02-11,20
4694,4000,15354,14,5,Food Quality,2023-10-26,35
4695,5869,29703,23,4,Food Quality,2023-05-06,5
4696,1823,9856,9,4,Delivery Time,2024-08-13,36
4697,99999,999999,999,10,Delivery Time,2024-12-16,1
4698,5566,11775,21,4,Delivery Time,2023-09-25,35
4699,1742,17909,18,5,Service,2024-08-13,34
4700,1546,16615,2,5,Cleanliness,2023-01-29,9
4701,2600,21633,16,2,Service,2024-09-28,22
4702,3151,3548,15,5,Value for Money,2023-07-18,10
4703,5225,20031,12,4,Ambience,2023-06-30,37
4704,3535,5331,1,5,Food Quality,2023-01-15,15
4705,4314,4798,5,5,Ambience,2024-04-07,0
4706,3084,31610,6,5,Service,2023-08-05,
4707,994,30348,23,2,Food Quality,2023-12-20,7
4708,5026,21882,20,5,Value for Money,2024-04-04,28
4709,2515,25829,26,5,Ambience,2023-11-19,30
4710,1900,12654,21,4,Food Quality,2023-03-29,28
4711,1499,27431,28,5,Ambience,2023-03-16,
4712,513,27673,25,4,Food Quality,2023-10-15,0
4713,363,3079,6,5,Cleanliness,2024-06-26,19
4714,4319,31908,1,5,Cleanliness,2023-12-20,8
4715,5128,11989,12,3,Cleanliness,2023-04-16,14
4716,3372,5975,27,4,Food Quality,2023-10-19,26
4717,5598,29358,5,5,Value for Money,2023-07-31,21
4718,5043,19720,6,5,Ambience,2023-08-11,35
4719,3197,19879,25,3,Value for Money,2024-06-20,25
4720,1429,27358,21,4,Service,2023-11-11,21
4721,3121,26915,15,5,Food Quality,2024-07-18,32
4722,5572,17526,20,4,Delivery Time,2024-12-17,12
4723,1153,31268,7,4,Service,2024-03-17,1
4724,5574,26477,10,5,Service,2023-03-02,18
4725,201,19538,21,4,Ambience,2023-01-30,24
4726,4191,27678,12,5,Delivery Time,2024-01-14,1
4727,3953,470,14,6,Food Quality,2024-10-08,6
4728,3020,26974,27,5,Food Quality,2023-03-25,26
4729,2746,25049,15,3,Cleanliness,2024-08-26,8
4730,4952,16247,16,2,Ambience,2024-12-24,17
4731,6555,16886,2,5,Cleanliness,2024-06-24,6
4732,3366,17188,24,4,Delivery Time,2024-09-29,7
4733,3500,9663,17,1,Delivery Time,2024-08-12,23
4734,607,28255,18,5,Ambience,2023-11-23,32
4735,6055,30478,13,1,Service,2024-08-26,
4736,3690,21045,10,4,Food Quality,2023-06-03,34
4737,6212,10867,10,4,Food Quality,2023-03-12,35
4738,5264,3839,15,4,Delivery Time,2023-10-18,24
4739,6556,23894,27,3,Value for Money,2023-12-29,7
4740,99999,999999,999,9,Food Quality,2024-04-26,38
4741,1992,7993,8,4,Cleanliness,2024-05-01,1
4742,6187,25497,1,5,Service,2024-04-28,3
4743,5258,8816,21,4,Ambience,2023-01-16,29
4744,3738,28732,26,5,Service,2024-06-19,20
4745,5289,27752,19,5,Value for Money,2023-04-01,32
4746,5109,1150,5,5,Ambience,2023-07-05,22
4747,2554,23638,19,3,Ambience,2023-07-02,22
4748,3874,8154,25,2,Value for Money,2023-01-01,11
4749,4381,3185,22,4,Delivery Time,2023-03-06,3
4750,597,7039,28,5,Value for Money,2023-12-04,24
4751,99999,999999,999,8,Value for Money,2023-10-21,19
4752,3662,11235,19,5,Ambience,2024-07-16,2
4753,6704,22354,15,3,Service,2024-01-30,31
4754,52,16621,28,4,Food Quality,2023-03-17,33
4755,4845,23167,2,5,Service,2024-10-10,32
4756,735,12262,5,5,Service,2024-05-10,26
4757,420,18917,1,8,Ambience,2023-05-10,22
4758,6819,11395,7,4,Cleanliness,2023-11-06,30
4759,607,15372,16,3,Service,2024-10-18,2
4760,2899,2679,5,2,Delivery Time,2024-05-29,30
4761,5723,2952,2,4,Service,2024-02-22,35
4762,6558,10593,18,4,Delivery Time,2023-03-19,27
4763,1204,24991,27,4,Ambience,2023-10-04,38
4764,2816,10501,18,1,Service,2023-12-31,10
4765,530,2098,27,5,Ambience,2024-03-14,9
4766,1725,4914,18,4,Cleanliness,2024-03-11,3
4767,6066,20616,18,4,Service,2024-11-27,11
4768,794,5059,23,4,Service,2024-11-25,20
4769,2474,30923,14,5,Service,2024-03-10,25
4770,1998,31625,7,5,Food Quality,2024-11-23,0
4771,3800,3429,24,2,Value for Money,2023-01-13,21
4772,1082,27673,23,4,Service,2024-12-14,24
4773,1264,30959,22,5,Cleanliness,2024-01-24,1
4774,5636,24123,22,5,Delivery Time,2024-11-23,31
4775,3576,28246,22,3,Cleanliness,2023-02-01,29
4776,940,21704,3,4,Delivery Time,2024-05-08,4
4777,3374,11402,15,4,Value for Money,2023-12-27,17
4778,830,2444,9,2,Value for Money,2024-07-30,2
4779,3119,973,18,3,Ambience,2024-06-27,12
4780,1731,3187,3,3,Cleanliness,2024-08-04,28
4781,4002,15046,3,4,Cleanliness,2024-09-27,19
4782,3166,11378,4,5,Service,2024-12-07,29
4783,1612,18252,17,4,Food Quality,2024-04-08,4
4784,844,27806,28,3,Value for Money,2023-01-13,23
4785,4536,2069,2,2,Service,2024-09-10,16
4786,5636,28384,17,3,Ambience,2024-10-15,32
4787,1292,13344,16,3,Value for Money,2023-12-12,21
4788,5714,15547,20,4,Service,2024-02-10,40
4789,6970,25122,10,5,Service,2024-07-06,22
4790,5648,14736,9,5,Food Quality,2024-04-11,20
4791,5086,22051,10,5,Value for Money,2023-06-18,19
4792,3985,1259,28,4,Value for Money,2024-01-10,22
4793,373,19805,28,4,Service,2024-11-27,16
4794,3887,27759,17,5,Ambience,2024-08-27,1
4795,3585,26138,5,2,Ambience,2024-12-31,27
4796,5527,16083,17,3,Cleanliness,2023-05-05,27
4797,2851,2705,18,4,Cleanliness,2023-06-21,36
4798,6636,19504,2,4,Delivery Time,2023-01-25,6
4799,6421,22974,25,5,Ambience,2023-11-16,39
4800,3277,10814,3,3,Delivery Time,2024-03-31,33
4801,79,20476,20,4,Food Quality,2024-07-06,1
4802,5883,3120,22,2,Service,2023-10-16,6
4803,3017,4990,19,3,Cleanliness,2023-12-25,39
4804,3307,15388,13,3,Value for Money,2023-06-17,14
4805,5013,12528,10,5,Value for Money,2023-08-03,40
4806,1248,20807,18,5,Service,2023-01-08,0
4807,3050,7462,27,4,Ambience,2023-10-15,9
4808,3447,13227,19,4,Delivery Time,2024-03-15,8
4809,6397,16226,6,4,Food Quality,2024-05-13,16
4810,1276,13047,21,4,Ambience,2023-06-25,24
4811,6663,2016,8,4,Food Quality,2023-03-19,1
4812,4702,28641,28,3,Food Quality,2023-08-22,28
4813,5435,6431,4,4,Service,2024-11-07,18
4814,99999,999999,999,7,Value for Money,2024-01-28,35
4815,4757,8188,14,5,Ambience,2023-04-19,3
4816,5229,4632,10,3,Delivery Time,2024-05-08,2
4817,2483,18538,15,5,Delivery Time,2023-03-25,1
4818,1489,21144,23,5,Ambience,2024-07-10,19
4819,6435,10134,1,5,Service,2023-05-11,14
4820,99999,999999,999,9,Food Quality,2024-03-16,
4821,2616,16640,24,5,Food Quality,2023-08-18,26
4822,1871,3562,14,5,Cleanliness,2023-10-05,27
4823,1611,7760,5,2,Service,2023-10-13,
4824,1584,11007,1,1,Cleanliness,2023-04-09,5
4825,1139,1526,8,3,Service,2024-07-25,2
4826,495,28347,10,5,Value for Money,2023-03-17,27
4827,5620,20029,21,4,Service,2023-10-17,23
4828,2253,1041,20,4,Cleanliness,2023-03-24,5
4829,1733,19560,9,5,Food Quality,2023-02-06,31
4830,1665,26151,4,3,Service,2023-10-01,
4831,3088,10755,12,5,Ambience,2023-01-31,11
4832,6980,16912,15,4,Value for Money,2024-09-25,
4833,1673,730,14,3,Delivery Time,2023-09-12,27
4834,638,25017,17,3,Ambience,2024-05-24,8
4835,6229,6763,10,2,Cleanliness,2023-05-15,5
4836,6957,14047,11,5,Cleanliness,2024-05-14,24
4837,1914,13364,15,4,Service,2023-07-07,5
4838,4476,22598,18,5,Cleanliness,2023-08-03,5
4839,5725,27780,5,5,Cleanliness,2024-11-29,25
4840,3915,25581,3,3,Cleanliness,2023-03-09,8
4841,2675,27446,15,4,Ambience,2024-04-08,8
4842,2767,26799,2,5,Food Quality,2023-07-09,22
4843,3088,26896,2,4,Food Quality,2024-06-19,29
4844,1096,11399,7,4,Ambience,2024-03-01,25
4845,2565,26565,28,5,Food Quality,2024-10-29,18
4846,808,11852,11,3,Service,2023-06-08,7
4847,3663,24973,8,5,Cleanliness,2023-02-09,32
4848,1795,26129,18,4,Ambience,2023-04-20,18
4849,4361,31962,20,4,Ambience,2023-03-04,33
4850,4714,17265,9,4,Service,2023-08-01,35
4851,2227,24321,23,5,Cleanliness,2023-11-05,1
4852,3663,2566,20,3,Service,2024-10-09,4
4853,6715,3494,21,2,Value for Money,2024-03-05,22
4854,4534,3689,14,4,Cleanliness,2023-03-13,3
4855,4490,1943,13,5,Food Quality,2024-12-18,30
4856,1189,14453,15,4,Delivery Time,2023-04-25,33
4857,3,14745,21,3,Delivery Time,2024-01-20,27
4858,3075,5871,12,2,Service,2023-08-27,
4859,2759,20849,16,4,Cleanliness,2023-02-26,17
4860,1637,8209,24,4,Value for Money,2024-03-28,
4861,4260,23298,4,3,Value for Money,2023-05-14,8
4862,1112,12703,16,5,Food Quality,2023-11-01,30
4863,3398,15927,8,3,Food Quality,2023-03-16,22
4864,4792,30712,24,2,Delivery Time,2023-10-23,23
4865,5073,22178,16,4,Cleanliness,2024-05-30,11
4866,461,13768,7,4,Food Quality,2023-12-02,
4867,4287,19690,4,5,Cleanliness,2024-02-22,21
4868,3224,19068,14,4,Food Quality,2024-04-18,27
4869,1981,17889,22,4,Delivery Time,2023-03-15,9
4870,6980,14540,8,5,Value for Money,2024-08-08,13
4871,6249,13229,9,3,Food Quality,2023-07-26,9
4872,6090,16670,8,5,Service,2023-03-07,32
4873,6731,7430,25,5,Service,2024-08-09,34
4874,217,6319,2,5,Food Quality,2024-05-27,33
4875,3825,23572,25,5,Cleanliness,2023-10-21,16
4876,887,14888,6,4,Food Quality,2023-07-12,21
4877,1489,31642,12,4,Food Quality,2023-07-03,17
4878,5894,14603,27,3,Value for Money,2023-11-03,8
4879,6953,16868,14,3,Service,2023-11-26,38
4880,2435,369,18,4,Food Quality,2023-04-06,29
4881,2483,23553,24,5,Service,2023-04-21,28
4882,4345,27692,9,3,Ambience,2023-05-23,17
4883,3428,27884,17,3,Ambience,2024-01-14,26
4884,2626,21648,24,4,Ambience,2023-01-18,34
4885,3849,9202,6,4,Ambience,2023-04-15,17
4886,3919,532,2,4,Food Quality,2024-08-16,4
4887,3977,13531,22,4,Food Quality,2024-01-02,13
4888,3011,1441,4,4,Food Quality,2023-09-14,13
4889,14,11291,22,4,Service,2023-04-09,9
4890,55,28770,26,3,Ambience,2023-08-01,11
4891,2714,3643,22,4,Cleanliness,2023-07-24,5
4892,3108,19952,11,2,Cleanliness,2023-10-27,22
4893,2134,21618,16,3,Value for Money,2023-04-09,15
4894,1142,17795,23,3,Service,2023-09-24,34
4895,3314,26294,5,1,Value for Money,2023-08-12,14
4896,2294,26090,8,4,Ambience,2023-07-06,5
4897,4479,21011,9,3,Delivery Time,2024-03-21,27
4898,6479,20442,2,3,Service,2023-05-11,36
4899,2886,27407,1,5,Food Quality,2024-10-19,24
4900,2899,15848,18,5,Delivery Time,2023-06-20,38
4901,6019,17548,4,5,Cleanliness,2023-01-31,14
4902,4305,2178,10,5,Service,2024-09-19,20
4903,1517,7098,19,4,Food Quality,2023-11-11,37
4904,4488,31354,9,5,Food Quality,2024-12-13,28
4905,7000,19766,21,5,Service,2023-08-06,35
4906,969,19288,16,4,Service,2023-09-21,34
4907,5922,11519,20,5,Food Quality,2024-09-18,2
4908,1251,1287,5,2,Service,2023-07-10,38
4909,3889,10276,12,5,Service,2024-03-28,21
4910,2976,6873,27,5,Delivery Time,2023-11-14,36
4911,5603,11450,1,4,Value for Money,2023-01-05,34
4912,3292,4774,9,5,Food Quality,2023-08-29,17
4913,5899,12427,19,4,Cleanliness,2023-07-12,19
4914,3845,31631,11,5,Value for Money,2023-05-16,24
4915,2267,31424,26,4,Food Quality,2023-05-20,7
4916,4849,29790,8,5,Value for Money,2024-02-09,39
4917,227,8107,16,4,Cleanliness,2024-06-05,30
4918,3232,2266,2,4,Value for Money,2024-05-07,5
4919,6416,16388,2,4,Cleanliness,2023-04-04,39
4920,4523,12578,14,4,Service,2023-09-07,28
4921,4238,21957,28,4,Value for Money,2023-09-22,26
4922,5234,8776,20,5,Cleanliness,2023-07-28,9
4923,4141,5050,17,5,Delivery Time,2023-10-29,12
4924,6930,17239,1,5,Cleanliness,2024-01-11,8
4925,436,18993,28,5,Cleanliness,2023-04-19,14
4926,99999,999999,999,6,Delivery Time,2023-12-31,20
4927,3611,8714,5,1,Service,2023-11-17,18
4928,2583,23351,4,4,Service,2023-12-22,3
4929,6249,23541,5,5,Food Quality,2024-03-20,31
4930,4180,24282,14,5,Ambience,2023-02-06,24
4931,6050,11358,16,1,Ambience,2023-11-18,29
4932,4535,27460,2,3,Value for Money,2024-11-04,13
4933,2552,5908,7,2,Food Quality,2024-08-24,34
4934,5274,17470,22,1,Value for Money,2023-12-16,37
4935,1524,27238,9,5,Service,2024-06-05,28
4936,700,825,16,4,Delivery Time,2024-04-29,40
4937,99999,999999,999,7,Value for Money,2024-11-15,17
4938,4050,17522,19,4,Service,2024-10-22,39
4939,3698,26261,26,2,Service,2023-01-08,2
4940,5190,12200,8,5,Value for Money,2023-07-31,33
4941,1345,25102,24,4,Cleanliness,2024-05-03,25
4942,5971,14270,14,4,Food Quality,2023-07-20,21
4943,826,22731,12,5,Service,2023-12-04,20
4944,1722,4614,21,2,Cleanliness,2024-08-15,20
4945,4528,27377,25,3,Service,2024-12-16,4
4946,145,12039,19,3,Service,2024-02-12,8
4947,817,14520,6,3,Food Quality,2024-07-24,25
4948,2493,23290,1,5,Value for Money,2024-03-18,
4949,3816,10367,5,3,Service,2023-04-17,22
4950,4476,10538,27,4,Service,2023-03-09,33
4951,4762,21946,17,5,Ambience,2024-06-15,12
4952,329,3796,9,5,Ambience,2024-10-28,22
4953,498,19991,3,4,Food Quality,2023-11-30,14
4954,1178,29110,28,1,Value for Money,2024-04-07,
4955,730,3075,13,4,Cleanliness,2024-09-02,27
4956,5737,16024,5,5,Service,2024-02-21,17
4957,1902,14218,8,4,Service,2024-03-15,14
4958,4259,12366,26,5,Delivery Time,2024-07-22,5
4959,4493,30798,21,4,Cleanliness,2023-01-17,35
4960,6700,23676,28,5,Value for Money,2024-12-25,17
4961,1660,19676,27,5,Ambience,2024-11-03,21
4962,738,17836,17,2,Ambience,2024-03-17,34
4963,1058,1122,17,3,Service,2024-06-11,26
4964,6854,6376,3,4,Service,2024-12-02,7
4965,4319,31803,10,1,Food Quality,2024-05-10,32
4966,4376,21189,7,3,Value for Money,2023-11-27,31
4967,5465,5444,28,5,Food Quality,2024-05-13,23
4968,633,30435,22,5,Service,2023-11-27,18
4969,538,21567,3,4,Food Quality,2024-08-21,5
4970,1739,26039,16,5,Value for Money,2024-07-10,6
4971,5295,8801,21,4,Food Quality,2023-02-10,23
4972,87,30390,5,4,Service,2023-11-27,8
4973,1978,21258,1,5,Value for Money,2024-09-02,40
4974,4211,16356,23,3,Value for Money,2023-02-08,4
4975,4265,16290,3,5,Service,2024-10-31,16
4976,5532,1711,12,4,Food Quality,2024-02-03,
4977,1847,2059,17,2,Service,2023-01-26,3
4978,3321,25422,16,5,Food Quality,2023-05-02,35
4979,4805,9555,28,3,Cleanliness,2023-11-16,2
4980,3247,26161,23,5,Ambience,2023-05-02,14
4981,4106,17076,11,5,Ambience,2024-11-29,22
4982,3289,464,24,5,Food Quality,2024-05-14,29
4983,4543,17123,24,5,Cleanliness,2024-01-28,0
4984,1666,18834,11,4,Food Quality,2024-06-03,13
4985,4578,20332,25,3,Value for Money,2024-01-19,3
4986,5169,31224,8,2,Food Quality,2023-12-05,6
4987,3571,8795,6,3,Cleanliness,2024-11-30,5
4988,6529,7977,27,4,Food Quality,2023-06-16,40
4989,4573,17062,2,2,Food Quality,2023-03-01,
4990,1426,10976,21,4,Value for Money,2024-03-01,29
4991,2604,8507,4,5,Ambience,2024-03-04,19
4992,4808,17654,15,3,Food Quality,2023-05-09,34
4993,2800,7605,23,4,Delivery Time,2024-12-17,36
4994,1638,4950,22,8,Food Quality,2023-10-10,29
4995,5072,16133,10,3,Ambience,2024-02-11,27
4996,2207,11539,14,5,Delivery Time,2023-05-30,40
4997,2744,17290,9,3,Value for Money,2024-06-12,1
4998,6934,13829,22,4,Service,2024-03-13,30
4999,4637,12276,15,5,Food Quality,2024-10-02,9
5000,3692,11147,16,5,Delivery Time,2023-10-08,21
5001,3582,17213,13,4,Ambience,2023-04-17,16
5002,4226,23603,7,4,Service,2024-11-24,37
5003,5656,26389,7,4,Delivery Time,2024-12-03,32
5004,5401,5178,24,7,Value for Money,2024-04-18,21
5005,3109,7412,18,1,Service,2024-12-09,25
5006,3587,23861,7,5,Cleanliness,2023-07-05,
5007,617,30652,27,4,Ambience,2024-08-23,28
5008,4458,27948,6,4,Value for Money,2023-05-04,7
5009,455,6568,25,5,Cleanliness,2024-07-10,17
5010,3259,12953,14,4,Ambience,2023-03-30,38
5011,4515,24813,2,5,Cleanliness,2023-06-08,37
5012,2402,5348,2,5,Ambience,2023-04-25,16
5013,2324,15113,7,1,Cleanliness,2024-06-24,33
5014,1673,30865,21,4,Food Quality,2023-08-28,11
5015,4245,5905,22,3,Food Quality,2024-08-27,27
5016,4692,13486,8,2,Service,2023-04-23,39
5017,211,223,28,3,Cleanliness,2024-09-22,34
5018,388,21262,6,5,Delivery Time,2024-05-10,6
5019,3157,23564,19,4,Service,2024-10-13,39
5020,3243,14808,20,5,Service,2023-09-20,
5021,5345,737,13,3,Service,2023-06-23,29
5022,3846,2580,23,5,Service,2023-05-09,5
5023,4794,15718,15,4,Ambience,2024-05-27,31
5024,2442,25711,27,4,Delivery Time,2023-05-02,37
5025,5169,23304,21,3,Cleanliness,2023-07-24,12
5026,3671,13905,15,5,Food Quality,2023-03-28,28
5027,2743,8892,20,3,Cleanliness,2024-08-12,12
5028,6923,17172,9,5,Service,2024-02-16,34
5029,4918,27905,6,3,Food Quality,2024-04-23,39
5030,3138,2702,1,4,Delivery Time,2024-04-17,19
5031,1554,11091,24,5,Cleanliness,2023-03-11,32
5032,3752,521,3,5,Cleanliness,2024-09-02,11
5033,4839,25029,1,4,Ambience,2024-02-01,12
5034,2085,3988,28,4,Value for Money,2024-04-01,11
5035,1652,15543,12,5,Value for Money,2023-07-09,18
5036,5560,4161,16,3,Service,2023-07-26,17
5037,4987,21178,2,3,Value for Money,2023-03-24,10
5038,1727,21454,11,3,Food Quality,2024-04-16,13
5039,1426,2287,2,1,Food Quality,2023-02-02,19
5040,5639,4078,22,2,Ambience,2023-09-03,11
5041,4865,22768,2,5,Delivery Time,2023-09-15,2
5042,5856,3562,14,4,Value for Money,2023-09-11,3
5043,3029,28168,2,4,Cleanliness,2024-01-07,2
5044,6380,19944,16,5,Ambience,2023-12-02,6
5045,952,21181,12,4,Food Quality,2024-06-22,22
5046,5621,571,17,2,Ambience,2023-08-14,15
5047,4836,4986,19,4,Delivery Time,2023-10-11,34
5048,3659,14178,2,4,Food Quality,2023-06-18,36
5049,2428,30431,23,5,Service,2024-12-07,37
5050,3028,16605,8,5,Cleanliness,2023-10-09,31
5051,539,14818,11,5,Value for Money,2023-10-24,27
5052,5816,31384,11,4,Value for Money,2023-05-16,35
5053,1934,23975,26,4,Value for Money,2023-03-02,14
5054,2361,20684,2,5,Cleanliness,2024-08-14,17
5055,5798,28155,25,4,Ambience,2024-06-13,29
5056,5496,27541,5,2,Ambience,2024-01-25,1
5057,6577,27612,13,4,Cleanliness,2023-06-30,36
5058,3607,11462,22,5,Cleanliness,2023-02-21,15
5059,3341,1200,22,5,Food Quality,2024-01-17,40
5060,1794,339,2,4,Food Quality,2023-08-10,35
5061,676,21408,16,5,Service,2023-09-16,9
5062,908,11203,19,3,Ambience,2023-10-09,5
5063,2933,25159,10,5,Delivery Time,2023-06-13,1
5064,5162,17912,20,5,Food Quality,2024-06-15,23
5065,3275,1592,25,5,Food Quality,2023-01-17,21
5066,6371,18119,24,5,Cleanliness,2024-11-12,24
5067,5817,29492,14,4,Service,2023-07-13,4
5068,1461,10600,6,4,Delivery Time,2024-06-29,11
5069,146,12270,1,3,Value for Money,2024-02-05,29
5070,3,17302,6,5,Cleanliness,2023-10-09,1
5071,1100,11845,9,3,Value for Money,2023-02-18,5
5072,1419,2020,14,3,Cleanliness,2024-09-29,39
5073,2219,1291,5,5,Value for Money,2024-12-12,7
5074,1313,14778,9,5,Value for Money,2024-05-06,6
5075,6709,9962,7,5,Ambience,2024-04-27,
5076,410,9205,1,4,Service,2023-04-14,22
5077,4516,27473,8,1,Value for Money,2023-05-11,13
5078,3115,25657,18,4,Service,2023-11-16,2
5079,3258,9017,4,4,Food Quality,2024-01-05,21
5080,69,16913,19,4,Ambience,2023-12-26,37
5081,2674,22343,15,3,Delivery Time,2024-04-28,31
5082,2893,21338,1,4,Service,2023-02-27,16
5083,2510,30553,12,5,Service,2024-01-23,5
5084,5854,17614,13,5,Cleanliness,2024-10-21,22
5085,6428,17269,11,2,Food Quality,2023-03-13,35
5086,5822,31741,24,1,Delivery Time,2024-02-06,15
5087,5919,29819,23,4,Food Quality,2023-11-08,7
5088,6330,4511,14,5,Ambience,2023-05-09,14
5089,2447,26952,10,2,Delivery Time,2024-10-12,30
5090,5254,25782,24,1,Value for Money,2024-01-21,2
5091,1939,123,2,4,Value for Money,2024-11-26,9
5092,2330,6075,8,5,Cleanliness,2023-12-09,5
5093,5516,19663,14,5,Service,2023-04-02,35
5094,3455,25236,8,2,Service,2024-08-26,
5095,5771,4408,18,5,Service,2024-07-08,40
5096,6673,22650,10,4,Cleanliness,2023-12-22,14
5097,5968,28454,17,4,Service,2023-01-28,
5098,1265,16634,9,5,Food Quality,2024-02-19,35
5099,1333,28796,13,5,Ambience,2024-04-14,12
5100,4175,23655,25,5,Value for Money,2024-03-04,28
5101,3251,7268,12,5,Delivery Time,2024-12-13,29
5102,99999,999999,999,8,Value for Money,2023-08-13,33
5103,2871,22997,21,4,Value for Money,2024-02-02,11
5104,5507,5562,19,2,Value for Money,2023-01-15,28
5105,3284,22574,22,4,Delivery Time,2024-05-15,24
5106,3785,28605,22,3,Service,2023-01-04,8
5107,4499,17159,5,5,Food Quality,2023-11-22,0
5108,3930,18818,22,4,Value for Money,2023-12-27,29
5109,6116,6365,1,5,Service,2024-04-26,23
5110,1699,19168,22,5,Service,2023-04-18,27
5111,1069,4789,16,4,Service,2023-09-08,39
5112,2390,4756,8,3,Service,2023-04-07,9
5113,3556,22383,21,4,Delivery Time,2023-04-14,40
5114,2243,3397,26,1,Ambience,2024-01-25,15
5115,5586,27144,13,3,Service,2023-06-08,26
5116,5867,3585,14,5,Value for Money,2024-10-22,6
5117,99999,999999,999,9,Delivery Time,2024-03-10,7
5118,328,27432,22,2,Service,2023-02-02,14
5119,3435,5003,14,3,Service,2024-09-11,31
5120,6675,22110,17,2,Cleanliness,2023-09-11,21
5121,3305,8871,25,4,Ambience,2024-12-07,26
5122,2834,28798,24,4,Cleanliness,2024-05-24,18
5123,1827,18886,26,4,Service,2023-10-15,31
5124,5182,14228,14,4,Cleanliness,2023-11-09,33
5125,4039,10516,14,3,Service,2024-02-15,35
5126,215,25829,24,3,Value for Money,2024-06-13,38
5127,1534,13953,16,4,Service,2023-11-16,9
5128,3542,5461,20,4,Ambience,2023-04-10,2
5129,4805,5561,23,3,Food Quality,2023-10-19,27
5130,932,4893,17,5,Cleanliness,2024-01-02,3
5131,4024,28108,23,4,Delivery Time,2024-12-03,28
5132,6683,13379,16,3,Ambience,2023-09-15,38
5133,3624,26642,22,3,Ambience,2024-11-20,31
5134,47,5661,26,5,Ambience,2024-11-09,36
5135,6810,9750,21,5,Food Quality,2024-07-01,37
5136,3244,1588,24,3,Service,2024-11-25,15
5137,4734,7628,26,5,Value for Money,2024-02-07,11
5138,3404,23485,21,5,Food Quality,2024-07-02,26
5139,6526,27427,7,3,Ambience,2023-04-06,14
5140,1384,11667,15,5,Value for Money,2024-08-06,34
5141,5876,26722,10,3,Food Quality,2023-04-21,0
5142,2981,28507,4,5,Ambience,2023-01-28,5
5143,2839,21592,4,3,Cleanliness,2023-02-07,5
5144,6062,30714,25,4,Service,2024-03-02,27
5145,3049,3010,18,5,Delivery Time,2023-07-10,26
5146,5556,14230,14,4,Service,2023-01-01,37
5147,2844,20116,10,3,Delivery Time,2023-12-20,16
5148,4229,14208,13,5,Ambience,2024-04-19,28
5149,963,23865,25,5,Delivery Time,2023-03-21,27
5150,1838,12415,26,5,Delivery Time,2023-10-09,22
5151,3845,697,5,4,Delivery Time,2024-07-18,14
5152,4550,24533,5,4,Service,2023-01-25,0
5153,812,1947,11,2,Cleanliness,2024-01-04,36
5154,3428,7298,9,5,Delivery Time,2023-08-30,21
5155,592,768,28,4,Service,2024-04-01,40
5156,1118,5096,5,4,Ambience,2024-10-16,38
5157,6642,1417,27,2,Service,2023-11-18,15
5158,3326,18047,2,5,Delivery Time,2024-07-07,28
5159,3231,5876,22,2,Service,2024-04-24,3
5160,1628,20600,4,4,Cleanliness,2024-06-19,39
5161,1111,9159,26,4,Food Quality,2024-10-01,9
5162,5659,27438,18,5,Service,2023-02-13,5
5163,6042,29419,6,4,Service,2023-07-12,38
5164,2979,30821,16,2,Value for Money,2023-10-18,1
5165,2224,4309,22,5,Food Quality,2024-08-27,30
5166,1318,2952,15,5,Delivery Time,2023-04-01,8
5167,6782,17330,22,5,Food Quality,2023-04-15,26
5168,274,2516,12,4,Cleanliness,2023-12-26,4
5169,818,18705,15,4,Value for Money,2023-02-08,12
5170,2031,12213,28,5,Cleanliness,2023-11-06,16
5171,3468,7646,26,2,Ambience,2023-06-07,31
5172,3698,12098,20,5,Cleanliness,2023-09-06,24
5173,2550,13811,23,4,Cleanliness,2023-02-07,18
5174,2887,1048,18,1,Delivery Time,2023-08-24,6
5175,2316,8338,21,4,Delivery Time,2024-01-27,2
5176,4435,7988,11,4,Delivery Time,2023-08-15,2
5177,6966,7856,3,5,Value for Money,2023-01-05,22
5178,6451,30290,12,4,Ambience,2023-04-30,21
5179,2272,2785,14,3,Cleanliness,2023-08-08,37
5180,5468,27988,2,3,Food Quality,2024-09-22,38
5181,3272,14289,2,5,Food Quality,2024-08-29,39
5182,5321,21236,18,5,Cleanliness,2023-12-01,36
5183,62,10812,8,2,Cleanliness,2024-11-09,25
5184,5330,29771,22,5,Food Quality,2023-03-02,14
5185,2760,11676,26,3,Food Quality,2024-03-16,7
5186,4884,18586,20,5,Delivery Time,2024-10-31,11
5187,4026,10875,18,4,Service,2023-07-24,20
5188,6418,21189,9,4,Cleanliness,2023-06-15,4
5189,2534,6020,27,4,Cleanliness,2023-12-29,27
5190,593,28033,21,3,Service,2023-08-04,5
5191,4299,17371,9,4,Service,2023-04-03,36
5192,1419,13735,9,5,Food Quality,2023-05-17,25
5193,3387,1279,15,5,Cleanliness,2024-03-04,22
5194,1596,2287,8,5,Value for Money,2023-12-23,29
5195,4271,28188,16,5,Value for Money,2023-10-28,37
5196,5338,24908,27,4,Value for Money,2023-03-24,
5197,6729,4386,11,3,Service,2024-12-25,35
5198,427,26880,11,4,Service,2023-04-09,
5199,5189,608,3,5,Delivery Time,2024-03-13,14
5200,5414,22186,2,5,Service,2023-05-26,25
5201,986,18473,26,3,Ambience,2024-01-04,33
5202,1725,14131,10,2,Delivery Time,2023-10-03,9
5203,3499,4203,24,3,Value for Money,2024-09-22,26
5204,4271,9213,21,3,Delivery Time,2024-10-04,39
5205,6785,3733,9,4,Value for Money,2023-06-25,37
5206,3178,26961,9,5,Ambience,2023-03-15,33
5207,828,3195,19,2,Delivery Time,2023-06-17,23
5208,5189,14864,11,5,Cleanliness,2024-10-13,27
5209,5347,31475,11,5,Food Quality,2023-10-31,34
5210,5869,20542,9,5,Delivery Time,2024-12-13,16
5211,6440,29315,28,2,Food Quality,2024-04-03,21
5212,4103,30234,21,5,Ambience,2023-11-20,37
5213,962,18673,28,4,Cleanliness,2023-02-13,14
5214,2147,9644,12,2,Delivery Time,2024-04-16,32
5215,3553,1537,25,5,Cleanliness,2023-01-19,10
5216,4120,7027,13,3,Cleanliness,2023-04-10,34
5217,1914,24187,17,5,Cleanliness,2024-08-01,17
5218,1804,5423,9,5,Delivery Time,2024-07-10,12
5219,1946,29699,24,3,Value for Money,2024-11-05,9
5220,1495,1377,27,3,Cleanliness,2023-05-31,15
5221,6834,21701,5,5,Service,2023-01-14,27
5222,4404,8185,18,2,Food Quality,2024-12-10,28
5223,5265,4720,15,5,Food Quality,2023-11-18,1
5224,4698,13263,4,4,Service,2024-07-01,3
5225,3804,24563,10,4,Value for Money,2024-05-02,22
5226,99999,999999,999,9,Service,2024-06-30,0
5227,1512,31710,3,5,Value for Money,2024-05-12,13
5228,3317,15952,3,2,Ambience,2024-03-28,0
5229,5023,3900,24,3,Service,2024-01-20,20
5230,1690,21986,27,2,Food Quality,2024-03-24,
5231,4961,7639,4,5,Ambience,2023-10-22,16
5232,6269,23452,9,5,Delivery Time,2023-09-12,31
5233,701,155,9,6,Cleanliness,2023-09-17,17
5234,443,11856,25,5,Ambience,2024-02-29,5
5235,2426,5958,3,4,Food Quality,2024-01-01,
5236,458,21604,8,5,Cleanliness,2023-02-18,10
5237,6760,31617,9,4,Cleanliness,2023-07-02,15
5238,1066,29407,11,5,Cleanliness,2024-04-23,12
5239,4936,8318,1,4,Ambience,2023-01-20,35
5240,3641,6640,7,2,Ambience,2023-06-22,19
5241,2601,4473,8,1,Delivery Time,2024-02-18,10
5242,978,10355,21,4,Cleanliness,2023-07-05,0
5243,1023,28361,9,4,Ambience,2024-08-09,35
5244,6428,4878,20,4,Ambience,2024-09-30,34
5245,4719,7287,22,4,Food Quality,2024-04-17,11
5246,5688,11055,4,4,Service,2024-11-26,17
5247,6723,30675,28,4,Cleanliness,2024-01-24,10
5248,2451,25232,22,4,Service,2023-10-18,29
5249,2672,7729,5,2,Value for Money,2023-02-18,20
5250,4619,823,11,5,Delivery Time,2023-07-28,10
5251,4331,30153,15,1,Delivery Time,2023-07-29,29
5252,828,16938,9,3,Service,2023-06-03,9
5253,6434,27715,11,5,Value for Money,2024-02-20,33
5254,3310,19412,16,3,Service,2023-08-30,19
5255,5515,15238,12,4,Ambience,2023-11-19,14
5256,6849,13363,6,1,Food Quality,2023-05-27,29
5257,3986,25779,2,5,Value for Money,2024-05-02,29
5258,5625,9433,18,5,Service,2024-09-21,8
5259,6537,24517,27,3,Delivery Time,2024-01-07,2
5260,99999,999999,999,9,Service,2023-09-08,2
5261,6361,24438,26,3,Cleanliness,2024-11-17,28
5262,3502,17261,28,4,Service,2024-09-08,6
5263,6527,24387,20,5,Food Quality,2023-06-19,36
5264,1348,18517,18,3,Service,2024-04-08,17
5265,3719,21029,26,10,Delivery Time,2023-09-27,37
5266,3000,26095,5,4,Cleanliness,2023-09-07,6
5267,1868,13494,6,2,Service,2023-06-11,26
5268,539,7713,3,1,Cleanliness,2024-02-29,
5269,2967,7934,27,3,Ambience,2023-02-21,13
5270,6571,18922,9,4,Cleanliness,2023-04-13,
5271,6516,11462,24,3,Ambience,2023-03-09,12
5272,2879,17784,10,4,Delivery Time,2024-01-30,
5273,6010,24343,23,3,Service,2024-12-10,3
5274,4942,18149,14,5,Food Quality,2023-06-23,23
5275,6950,17146,3,4,Food Quality,2024-12-09,19
5276,1801,28165,17,5,Food Quality,2024-06-01,23
5277,6758,19837,9,4,Cleanliness,2023-03-16,30
5278,1881,20751,4,5,Ambience,2024-03-24,24
5279,5019,25164,10,8,Ambience,2023-12-06,
5280,1451,18604,5,5,Delivery Time,2024-03-27,33
5281,2673,5121,28,4,Service,2023-03-13,39
5282,692,9514,23,4,Delivery Time,2024-02-10,39
5283,3116,6883,18,5,Cleanliness,2023-10-19,33
5284,6933,29148,9,4,Service,2024-06-06,40
5285,5518,7414,20,1,Value for Money,2023-01-28,19
5286,3708,6374,11,4,Service,2023-07-14,18
5287,6936,14634,23,4,Cleanliness,2023-05-07,5
5288,2975,19317,25,4,Food Quality,2024-06-23,34
5289,3899,5792,11,5,Service,2023-09-22,25
5290,1183,13017,14,5,Value for Money,2024-12-18,4
5291,4881,27930,17,5,Cleanliness,2023-04-16,40
5292,5181,20957,9,4,Cleanliness,2023-04-12,9
5293,5103,27260,14,5,Cleanliness,2023-07-15,8
5294,914,22894,9,4,Cleanliness,2023-01-12,
5295,2135,25866,2,4,Cleanliness,2023-01-22,14
5296,3180,24569,18,1,Food Quality,2023-03-04,7
5297,333,21012,21,4,Service,2023-05-22,25
5298,3660,3729,4,4,Service,2024-12-14,2
5299,99999,999999,999,8,Value for Money,2023-12-03,3
5300,1783,28524,19,5,Ambience,2023-10-28,3
5301,3838,1974,23,5,Cleanliness,2024-11-14,32
5302,347,22366,3,5,Cleanliness,2023-08-08,16
5303,979,20377,10,5,Delivery Time,2024-07-17,36
5304,517,1020,1,4,Ambience,2023-06-13,38
5305,5992,14033,22,4,Delivery Time,2023-01-02,1
5306,1978,17823,16,4,Service,2023-05-27,15
5307,3619,15925,14,4,Ambience,2023-05-14,35
5308,337,24896,4,4,Ambience,2024-07-18,21
5309,238,26660,8,4,Food Quality,2024-01-20,34
5310,1783,28972,7,3,Ambience,2023-01-28,7
5311,543,14704,25,4,Value for Money,2023-10-23,32
5312,4232,13705,8,5,Delivery Time,2023-07-08,3
5313,4544,20999,28,4,Service,2023-08-29,39
5314,4944,30620,3,5,Value for Money,2024-10-09,8
5315,368,6573,17,5,Cleanliness,2023-02-02,31
5316,391,4604,3,1,Value for Money,2024-12-10,8
5317,2596,16405,4,4,Cleanliness,2024-06-15,9
5318,4448,7621,22,5,Cleanliness,2023-12-07,29
5319,2957,9852,17,4,Ambience,2024-09-21,4
5320,4056,25018,22,4,Delivery Time,2023-01-12,24
5321,4328,167,16,4,Cleanliness,2024-12-01,24
5322,5061,30029,20,4,Service,2023-10-06,25
5323,6284,16865,4,4,Service,2024-03-05,34
5324,1910,31935,21,4,Cleanliness,2024-06-22,3
5325,1426,21799,8,3,Service,2023-04-23,30
5326,1190,3094,1,5,Delivery Time,2023-08-04,5
5327,112,26863,11,1,Ambience,2024-03-28,16
5328,2932,4001,19,1,Delivery Time,2024-08-30,39
5329,1752,28133,28,5,Food Quality,2024-02-05,36
5330,4798,12876,24,3,Food Quality,2023-02-22,23
5331,4473,27893,8,1,Value for Money,2023-12-08,
5332,1751,24580,14,1,Service,2024-04-07,30
5333,3253,9987,1,4,Service,2023-03-01,16
5334,6744,10485,8,1,Ambience,2023-05-04,19
5335,926,2989,14,5,Delivery Time,2024-04-22,23
5336,4439,14363,16,10,Delivery Time,2024-10-01,18
5337,5988,10230,2,4,Value for Money,2023-06-16,13
5338,2750,18385,27,4,Food Quality,2023-12-12,33
5339,3162,15628,28,3,Delivery Time,2023-10-16,39
5340,5533,8663,7,4,Ambience,2023-05-19,17
5341,4385,6262,2,5,Food Quality,2023-05-09,2
5342,4086,31793,8,3,Value for Money,2023-04-03,4
5343,2623,16121,2,5,Service,2023-09-07,6
5344,2495,5023,11,3,Cleanliness,2024-11-30,35
5345,1307,14999,8,3,Value for Money,2024-05-10,27
5346,226,22688,3,4,Ambience,2024-04-23,7
5347,2715,19142,25,5,Value for Money,2024-11-23,38
5348,937,12567,25,3,Delivery Time,2024-03-11,12
5349,6665,19891,17,5,Food Quality,2023-07-10,33
5350,4782,7895,23,5,Value for Money,2024-12-20,19
5351,6496,21022,13,4,Ambience,2024-09-14,23
5352,6999,28951,23,5,Food Quality,2023-06-21,33
5353,1341,15760,17,5,Delivery Time,2024-01-02,3
5354,3936,27470,11,4,Delivery Time,2023-11-23,30
5355,3037,31387,21,2,Delivery Time,2024-02-25,27
5356,6087,19824,22,4,Service,2024-10-19,16
5357,1997,18506,12,5,Food Quality,2024-03-18,15
5358,6034,18439,15,3,Service,2023-11-08,39
5359,6642,4869,24,3,Service,2023-06-14,24
5360,3369,11082,15,4,Food Quality,2024-09-17,10
5361,1123,22832,19,3,Service,2023-05-04,37
5362,1521,22057,4,3,Value for Money,2024-06-05,32
5363,3732,29646,9,4,Delivery Time,2023-07-23,24
5364,1903,13835,14,3,Delivery Time,2023-09-01,16
5365,1587,23984,14,5,Ambience,2023-05-20,21
5366,1253,15363,25,6,Food Quality,2023-02-02,10
5367,1005,29327,4,4,Service,2023-02-02,25
5368,4853,3557,10,5,Cleanliness,2024-05-15,21
5369,5648,18533,26,4,Cleanliness,2023-11-30,15
5370,4463,4572,6,4,Food Quality,2024-02-25,13
5371,4059,20024,28,5,Ambience,2023-12-24,27
5372,1029,27165,13,3,Cleanliness,2024-02-04,0
5373,1199,1117,2,5,Value for Money,2024-07-17,28
5374,4065,23718,25,5,Cleanliness,2023-08-14,4
5375,4662,6510,20,3,Value for Money,2023-11-15,1
5376,2144,18657,21,3,Cleanliness,2024-11-15,4
5377,2529,15525,16,5,Cleanliness,2023-11-26,18
5378,3576,9813,3,3,Ambience,2023-11-24,27
5379,1342,21410,2,4,Food Quality,2023-05-15,37
5380,1191,5465,20,5,Value for Money,2024-12-07,39
5381,1508,12448,7,4,Food Quality,2023-01-14,34
5382,2039,10290,23,5,Food Quality,2023-09-06,
5383,6762,17218,4,4,Value for Money,2023-11-26,10
5384,102,338,28,3,Value for Money,2023-10-05,20
5385,6083,13568,20,5,Value for Money,2024-11-17,12
5386,1102,10505,24,4,Ambience,2023-02-01,22
5387,1388,26133,25,4,Ambience,2023-11-08,24
5388,4484,12814,27,5,Value for Money,2024-03-24,7
5389,589,17877,13,3,Service,2023-08-06,40
5390,5295,15624,7,4,Delivery Time,2023-05-28,24
5391,2022,12860,16,5,Ambience,2024-08-05,19
5392,1590,29368,13,5,Value for Money,2024-04-24,39
5393,1949,28022,21,4,Food Quality,2024-05-04,35
5394,5252,26560,15,4,Service,2024-02-04,27
5395,6238,10169,19,3,Cleanliness,2024-04-24,4
5396,5669,28084,16,5,Food Quality,2023-02-27,25
5397,164,12209,7,4,Cleanliness,2023-02-08,25
5398,6096,23232,20,5,Delivery Time,2023-07-29,5
5399,5041,31291,20,4,Value for Money,2024-08-23,25
5400,6100,22680,2,1,Delivery Time,2024-01-17,36
5401,5550,25287,27,5,Value for Money,2024-09-16,19
5402,1489,25789,9,5,Food Quality,2023-02-18,20
5403,2640,19449,22,5,Ambience,2024-11-09,31
5404,2040,24167,24,5,Service,2023-07-23,12
5405,2370,30514,26,4,Value for Money,2024-05-07,13
5406,562,25019,27,3,Cleanliness,2024-12-23,11
5407,5039,10154,10,4,Service,2024-06-22,24
5408,419,19765,6,1,Value for Money,2023-10-25,26
5409,3302,25336,9,3,Food Quality,2024-02-17,22
5410,2996,1536,4,5,Delivery Time,2023-12-12,2
5411,2346,14480,23,5,Value for Money,2024-04-16,37
5412,6786,7830,18,4,Delivery Time,2023-10-15,37
5413,6537,2520,14,5,Food Quality,2024-02-21,15
5414,2024,2012,7,5,Ambience,2023-12-20,29
5415,5542,27229,11,5,Service,2023-05-11,27
5416,2623,24149,15,5,Ambience,2024-02-23,
5417,2474,24375,12,2,Delivery Time,2023-01-26,31
5418,424,23477,13,4,Delivery Time,2024-02-08,19
5419,2218,25683,19,2,Delivery Time,2024-08-14,35
5420,6557,12899,6,5,Delivery Time,2023-01-16,23
5421,2870,21301,2,5,Cleanliness,2023-04-06,39
5422,4039,9519,24,3,Food Quality,2023-04-27,34
5423,3854,19579,8,4,Value for Money,2024-02-21,28
5424,4904,16837,18,5,Service,2023-11-29,23
5425,13,9644,12,4,Ambience,2023-02-04,36
5426,4579,27332,15,3,Delivery Time,2023-05-25,10
5427,347,25916,6,3,Service,2024-08-17,40
5428,6171,17259,12,5,Food Quality,2024-10-27,14
5429,2107,1429,15,5,Service,2024-06-08,31
5430,6223,29625,22,5,Ambience,2024-03-19,33
5431,549,11547,23,5,Ambience,2024-02-22,24
5432,6523,26286,1,4,Food Quality,2023-03-26,19
5433,1821,5264,26,1,Service,2024-03-09,0
5434,2241,5904,25,2,Delivery Time,2024-01-26,
5435,1166,8214,20,2,Food Quality,2023-11-30,4
5436,5968,23184,24,3,Food Quality,2023-07-03,
5437,5239,21916,1,5,Ambience,2024-09-19,28
5438,4939,14049,11,5,Cleanliness,2024-12-04,33
5439,5348,11861,26,4,Cleanliness,2023-08-11,9
5440,1790,26967,19,4,Delivery Time,2024-05-05,27
5441,3350,26270,22,4,Service,2024-03-19,6
5442,5629,24965,11,5,Food Quality,2023-02-18,6
5443,2108,13514,2,4,Cleanliness,2023-08-21,5
5444,2952,11545,22,3,Delivery Time,2023-06-09,21
5445,5330,21612,9,2,Value for Money,2023-03-13,26
5446,515,25761,24,4,Delivery Time,2024-11-23,0
5447,650,4767,23,3,Delivery Time,2023-05-08,34
5448,1393,26320,18,4,Ambience,2024-08-31,37
5449,4154,3469,6,2,Service,2024-01-13,21
5450,4011,26652,19,4,Delivery Time,2023-09-01,32
5451,5373,7773,23,1,Delivery Time,2023-10-08,18
5452,3537,8527,19,5,Ambience,2023-10-11,39
5453,1947,24901,24,4,Cleanliness,2024-06-28,27
5454,4801,22225,3,4,Service,2024-04-06,0
5455,5673,21332,18,4,Delivery Time,2024-09-14,0
5456,266,12877,23,4,Service,2024-05-26,37
5457,1511,1413,21,2,Delivery Time,2024-10-14,0
5458,966,29376,16,4,Delivery Time,2023-09-13,20
5459,4726,22998,13,1,Cleanliness,2024-05-23,33
5460,2672,8896,1,5,Food Quality,2024-03-09,24
5461,4392,16006,21,5,Delivery Time,2023-07-21,22
5462,3594,9652,16,3,Delivery Time,2024-09-20,40
5463,1952,24769,15,3,Food Quality,2024-11-21,17
5464,4873,17638,8,4,Ambience,2023-12-02,31
5465,5909,6174,27,3,Food Quality,2023-12-18,16
5466,5509,6838,21,5,Service,2023-09-06,38
5467,3457,31933,6,4,Delivery Time,2024-11-22,13
5468,4062,2946,5,2,Value for Money,2024-04-27,6
5469,2399,16181,10,5,Ambience,2024-11-24,33
5470,1537,25309,6,2,Service,2024-11-19,31
5471,99999,999999,999,8,Ambience,2023-04-20,14
5472,3620,3952,23,4,Ambience,2024-05-21,11
5473,2821,6760,27,5,Delivery Time,2024-05-14,25
5474,1658,5610,22,4,Ambience,2024-10-21,40
5475,477,2879,3,2,Food Quality,2024-01-08,13
5476,4158,3957,9,5,Service,2024-04-01,29
5477,5387,6573,27,4,Food Quality,2024-05-31,8
5478,2371,28022,23,3,Value for Money,2023-05-31,19
5479,5725,30702,14,5,Ambience,2024-02-08,40
5480,4586,12598,14,4,Food Quality,2023-12-31,25
5481,576,256,15,1,Value for Money,2024-01-10,36
5482,1036,20430,24,4,Service,2023-04-17,6
5483,3945,2159,13,4,Service,2023-01-14,26
5484,5393,27370,16,1,Ambience,2024-05-13,34
5485,4785,31211,4,4,Value for Money,2024-01-14,13
5486,2814,25476,9,4,Value for Money,2024-11-16,11
5487,5464,29180,5,4,Delivery Time,2024-11-11,6
5488,995,7411,17,3,Delivery Time,2024-09-08,28
5489,1790,9959,20,5,Value for Money,2023-10-27,1
5490,4544,23533,16,5,Ambience,2023-11-12,32
5491,735,23202,4,5,Food Quality,2024-06-01,3
5492,422,19606,5,5,Food Quality,2023-05-13,5
5493,2396,3995,13,5,Service,2023-05-14,9
5494,6216,24102,28,3,Ambience,2023-10-19,7
5495,4800,31086,5,4,Delivery Time,2024-07-03,26
5496,4077,31292,24,4,Service,2023-02-04,15
5497,6013,17209,14,3,Delivery Time,2023-11-29,32
5498,6778,3270,3,3,Food Quality,2024-07-07,1
5499,4038,14926,16,4,Cleanliness,2023-07-14,13
5500,2900,16674,26,3,Food Quality,2023-03-24,40
5501,3520,11850,22,5,Service,2023-05-05,22
5502,6154,21610,15,4,Cleanliness,2023-03-10,33
5503,579,22202,14,4,Ambience,2024-02-20,27
5504,1358,21134,12,5,Delivery Time,2024-11-24,16
5505,1387,39,26,5,Value for Money,2023-06-03,5
5506,99999,999999,999,7,Delivery Time,2023-03-14,22
5507,3406,16255,7,3,Cleanliness,2023-12-22,39
5508,189,15063,1,5,Service,2023-05-30,40
5509,627,27400,23,4,Delivery Time,2024-11-16,35
5510,3563,19552,3,4,Food Quality,2024-01-06,7
5511,99999,999999,999,7,Ambience,2023-06-20,37
5512,4526,30182,24,4,Ambience,2023-02-07,32
5513,1303,24254,7,2,Value for Money,2023-12-20,14
5514,3924,1136,13,4,Food Quality,2023-09-17,22
5515,1445,26724,28,4,Delivery Time,2024-09-14,15
5516,3624,681,22,4,Service,2024-09-03,2
5517,5304,19505,19,4,Service,2024-10-10,13
5518,99999,999999,999,10,Cleanliness,2023-05-13,33
5519,1115,26968,15,5,Value for Money,2023-08-01,14
5520,3448,1187,7,2,Delivery Time,2023-01-23,15
5521,5348,29076,27,5,Value for Money,2023-12-21,
5522,1715,5316,8,4,Cleanliness,2024-01-02,9
5523,631,14264,10,4,Food Quality,2024-01-28,15
5524,6838,2048,26,5,Ambience,2024-12-16,40
5525,5762,25391,25,4,Value for Money,2023-03-02,20
5526,2510,2982,17,5,Delivery Time,2023-06-08,17
5527,1188,12304,6,4,Cleanliness,2023-06-06,10
5528,99999,999999,999,7,Ambience,2023-12-19,32
5529,3191,9491,26,5,Value for Money,2024-08-22,36
5530,6238,7425,5,4,Cleanliness,2024-02-13,17
5531,5030,23421,17,4,Value for Money,2024-06-28,23
5532,2778,31076,25,4,Service,2023-01-10,17
5533,1831,25169,8,5,Value for Money,2024-06-14,22
5534,5539,17250,26,5,Delivery Time,2023-06-05,31
5535,6074,2732,15,5,Cleanliness,2024-09-27,14
5536,6663,25855,10,5,Ambience,2023-12-16,3
5537,5537,29763,6,4,Food Quality,2023-06-15,15
5538,6511,13952,7,5,Delivery Time,2023-06-22,33
5539,4916,11286,16,3,Ambience,2023-11-16,14
5540,121,10142,19,5,Ambience,2024-02-21,33
5541,6405,1453,8,4,Cleanliness,2023-08-25,30
5542,5547,17091,26,3,Value for Money,2023-08-25,2
5543,6517,25511,15,4,Ambience,2024-08-26,37
5544,4402,21728,10,4,Delivery Time,2024-01-05,15
5545,6731,1776,9,4,Service,2023-01-01,18
5546,810,27244,1,4,Delivery Time,2024-08-09,39
5547,5674,16471,23,4,Delivery Time,2024-09-07,5
5548,4005,3607,22,1,Value for Money,2024-01-15,21
5549,4238,2181,11,4,Cleanliness,2024-09-21,31
5550,1227,17471,2,4,Ambience,2024-02-18,39
5551,216,10529,2,3,Food Quality,2023-10-01,39
5552,5774,22640,27,4,Cleanliness,2023-06-25,31
5553,506,9321,21,3,Cleanliness,2024-07-05,6
5554,3913,16771,27,2,Service,2023-05-14,25
5555,2577,26681,8,5,Service,2024-10-28,33
5556,4178,30539,26,4,Delivery Time,2023-12-02,11
5557,3570,7680,4,4,Service,2024-12-13,3
5558,6348,31791,7,3,Delivery Time,2023-07-10,16
5559,2315,15063,28,4,Cleanliness,2024-09-01,27
5560,3520,1344,7,5,Value for Money,2023-09-04,33
5561,4005,28535,9,3,Cleanliness,2024-11-28,28
5562,3099,30121,16,4,Ambience,2023-04-05,
5563,6338,9828,4,2,Food Quality,2024-06-20,16
5564,4187,2596,19,5,Delivery Time,2023-09-21,1
5565,6569,24976,17,4,Delivery Time,2023-10-08,11
5566,279,16707,16,5,Delivery Time,2024-10-14,14
5567,1322,17852,16,5,Value for Money,2024-06-11,16
5568,5594,4195,11,2,Value for Money,2023-08-12,0
5569,424,3023,20,5,Food Quality,2024-06-01,23
5570,438,22999,19,3,Cleanliness,2023-07-07,3
5571,4685,12949,21,4,Service,2024-10-27,22
5572,3306,17391,5,4,Ambience,2023-02-23,38
5573,6203,21721,8,4,Food Quality,2024-06-14,
5574,337,10482,2,5,Food Quality,2024-02-02,36
5575,4059,3020,4,3,Food Quality,2024-07-27,38
5576,4910,2082,4,4,Cleanliness,2024-04-07,13
5577,720,22906,25,4,Delivery Time,2023-01-29,37
5578,6914,27722,11,5,Cleanliness,2023-12-12,
5579,4965,6858,20,4,Food Quality,2023-01-31,2
5580,1011,10490,19,5,Ambience,2024-08-13,28
5581,3411,21241,22,5,Value for Money,2024-11-23,31
5582,4262,7480,2,5,Food Quality,2024-10-24,12
5583,6677,24183,2,5,Cleanliness,2023-05-21,25
5584,5481,29792,4,5,Ambience,2024-01-20,34
5585,4890,4636,17,4,Value for Money,2023-01-19,8
5586,6855,10364,15,1,Food Quality,2023-04-28,
5587,4428,5294,15,5,Value for Money,2023-04-11,7
5588,99999,999999,999,9,Service,2024-11-27,4
5589,323,21191,21,1,Value for Money,2023-01-16,9
5590,1176,12415,1,5,Cleanliness,2023-01-17,10
5591,1039,26785,3,5,Ambience,2024-06-17,15
5592,3476,28386,28,5,Delivery Time,2023-11-20,40
5593,3258,18637,1,3,Service,2023-07-17,3
5594,3782,10170,18,3,Delivery Time,2024-05-22,25
5595,4069,22987,21,4,Delivery Time,2023-01-17,29
5596,4793,3644,21,4,Cleanliness,2024-02-28,35
5597,3563,4528,23,4,Delivery Time,2023-02-26,25
5598,4735,8276,25,4,Ambience,2024-05-26,31
5599,915,4575,5,4,Ambience,2024-10-23,6
5600,3635,26021,23,5,Delivery Time,2023-09-05,19
5601,2929,4174,23,4,Ambience,2023-06-19,14
5602,313,26718,22,10,Food Quality,2024-08-22,25
5603,240,4967,24,4,Delivery Time,2024-11-26,20
5604,3444,754,24,5,Food Quality,2024-12-07,22
5605,3014,20108,18,5,Service,2024-11-21,28
5606,6914,10727,1,3,Value for Money,2023-09-29,23
5607,2552,13130,6,4,Value for Money,2023-09-17,19
5608,4624,15545,22,5,Cleanliness,2024-11-03,16
5609,3748,27297,4,2,Value for Money,2023-08-15,13
5610,5786,17236,14,4,Service,2024-06-26,34
5611,3595,3788,24,4,Value for Money,2023-03-26,4
5612,4241,6794,8,4,Ambience,2023-11-23,14
5613,5982,10271,6,1,Delivery Time,2023-07-05,19
5614,2436,12974,11,5,Ambience,2024-10-12,34
5615,5004,22941,13,5,Cleanliness,2024-02-27,3
5616,3891,5655,28,4,Ambience,2024-01-16,2
5617,1738,27716,3,3,Service,2023-01-05,37
5618,3456,17742,6,2,Delivery Time,2024-12-17,1
5619,509,10137,7,3,Delivery Time,2024-03-07,18
5620,4290,15099,18,3,Food Quality,2023-05-31,10
5621,3562,27383,9,4,Value for Money,2024-11-25,25
5622,6048,2791,7,4,Service,2023-06-13,16
5623,6396,11505,1,4,Value for Money,2023-08-10,3
5624,1012,3384,17,3,Cleanliness,2023-11-30,38
5625,3867,12657,6,4,Delivery Time,2023-07-23,1
5626,6329,15994,1,1,Cleanliness,2024-06-06,18
5627,1724,27222,11,3,Ambience,2023-08-06,15
5628,5477,31748,9,4,Cleanliness,2024-05-29,32
5629,5292,13138,11,4,Ambience,2023-05-24,32
5630,1879,28564,28,4,Service,2023-10-29,
5631,1185,28797,18,5,Value for Money,2023-10-26,14
5632,1844,10186,19,2,Service,2024-01-02,2
5633,6792,24578,21,5,Service,2023-03-18,
5634,1338,26064,14,2,Ambience,2023-11-11,26
5635,3028,10712,2,1,Ambience,2024-01-04,30
5636,3731,30908,16,1,Service,2023-09-10,11
5637,3529,17932,19,4,Value for Money,2023-11-03,18
5638,3174,21998,10,1,Value for Money,2023-05-02,24
5639,5948,24004,21,2,Food Quality,2024-01-15,24
5640,2148,9743,18,4,Value for Money,2023-01-08,37
5641,3325,4618,23,4,Ambience,2024-11-14,21
5642,2067,20669,2,5,Food Quality,2024-10-20,5
5643,5814,5434,12,4,Value for Money,2023-09-01,29
5644,614,1876,22,4,Cleanliness,2023-10-10,38
5645,3205,22852,6,1,Food Quality,2023-06-16,27
5646,3930,24715,15,4,Value for Money,2023-05-04,13
5647,2182,30224,20,4,Ambience,2024-12-28,35
5648,4779,2713,17,5,Ambience,2024-07-12,20
5649,3301,3930,1,3,Ambience,2023-06-27,24
5650,3851,26444,6,3,Value for Money,2024-07-07,29
5651,865,15989,14,4,Delivery Time,2024-08-28,20
5652,165,13761,2,5,Value for Money,2023-05-06,0
5653,560,3466,27,1,Ambience,2024-10-31,0
5654,5666,17964,9,4,Value for Money,2023-11-03,29
5655,2386,3344,5,2,Food Quality,2024-10-21,28
5656,5565,4759,1,3,Value for Money,2024-10-18,4
5657,4834,6989,17,4,Value for Money,2024-11-12,4
5658,504,8930,19,5,Cleanliness,2024-04-29,1
5659,1028,768,1,5,Service,2023-08-16,28
5660,3929,25859,3,4,Value for Money,2023-03-18,33
5661,4616,22309,11,3,Value for Money,2024-11-30,1
5662,3513,18613,13,2,Ambience,2024-11-15,38
5663,852,31613,14,5,Food Quality,2024-07-18,33
5664,436,15013,7,1,Delivery Time,2024-02-20,11
5665,4066,7978,20,5,Value for Money,2023-07-11,24
5666,1553,26239,26,3,Delivery Time,2024-04-12,19
5667,3247,10112,23,5,Food Quality,2024-03-05,5
5668,2305,28931,3,5,Service,2023-10-20,36
5669,282,17058,25,5,Food Quality,2023-09-13,12
5670,5917,1310,17,1,Cleanliness,2024-08-28,2
5671,6569,10479,2,5,Delivery Time,2023-03-18,3
5672,1553,15850,16,4,Cleanliness,2023-12-15,36
5673,4225,28119,3,3,Ambience,2023-03-12,32
5674,99999,999999,999,7,Service,2023-01-09,40
5675,5353,14436,3,2,Delivery Time,2023-04-30,25
5676,6439,13573,18,3,Cleanliness,2024-12-19,
5677,2231,8794,6,4,Ambience,2024-04-14,21
5678,1671,10332,25,5,Service,2024-05-24,25
5679,4040,9885,5,5,Service,2023-10-05,23
5680,1615,27296,9,4,Service,2023-02-09,24
5681,1206,5973,1,5,Delivery Time,2023-04-03,40
5682,5911,19504,19,5,Delivery Time,2024-02-11,4
5683,4415,6049,1,3,Service,2024-05-04,1
5684,644,7018,26,8,Delivery Time,2024-12-06,
5685,775,31902,22,4,Ambience,2024-09-13,3
5686,5468,16345,7,5,Delivery Time,2023-10-19,35
5687,5633,31469,13,4,Delivery Time,2023-03-23,14
5688,2126,13319,18,4,Value for Money,2024-12-12,9
5689,6192,1647,2,4,Service,2024-04-07,34
5690,6939,10273,3,4,Food Quality,2023-12-25,1
5691,920,21088,2,5,Service,2023-04-28,17
5692,981,20359,14,5,Value for Money,2023-03-28,4
5693,329,22423,17,4,Service,2023-01-29,32
5694,900,25157,12,4,Ambience,2023-10-03,8
5695,3332,11963,1,5,Value for Money,2023-09-05,36
5696,2711,9505,27,5,Delivery Time,2024-07-04,4
5697,227,31342,26,1,Value for Money,2024-11-21,21
5698,1796,19872,27,4,Cleanliness,2023-12-14,11
5699,2552,31879,25,5,Food Quality,2024-09-23,
5700,1512,8242,25,1,Delivery Time,2023-06-26,11
5701,4244,2835,28,1,Cleanliness,2024-12-20,34
5702,5229,30404,3,5,Delivery Time,2024-03-31,16
5703,4049,15897,21,1,Delivery Time,2024-02-01,31
5704,2517,15160,7,4,Service,2024-10-29,15
5705,4649,28674,4,5,Delivery Time,2024-08-24,3
5706,4353,31121,21,2,Food Quality,2024-09-03,5
5707,5602,10705,8,5,Cleanliness,2023-04-13,3
5708,1057,14771,10,4,Service,2024-08-10,30
5709,1881,24541,27,4,Value for Money,2024-04-01,39
5710,1723,10801,18,4,Service,2023-01-07,37
5711,5876,9081,13,4,Ambience,2024-03-29,15
5712,5688,11504,21,4,Cleanliness,2024-04-07,40
5713,4687,16063,20,3,Cleanliness,2024-03-14,35
5714,3316,31809,15,5,Delivery Time,2024-03-03,28
5715,3398,25624,16,5,Food Quality,2024-01-19,37
5716,5503,13070,19,2,Value for Money,2024-07-07,17
5717,5291,5080,14,2,Value for Money,2024-08-20,36
5718,2336,9630,14,5,Ambience,2023-08-10,5
5719,4302,5805,26,5,Ambience,2024-01-22,22
5720,1423,31595,11,5,Service,2024-11-02,10
5721,1449,28580,20,3,Ambience,2024-08-22,39
5722,6138,28174,22,5,Value for Money,2023-10-20,13
5723,590,30979,1,4,Food Quality,2023-04-16,24
5724,514,1402,12,5,Ambience,2023-09-11,10
5725,5137,14906,14,4,Food Quality,2023-04-29,35
5726,1539,14072,14,5,Delivery Time,2023-09-04,8
5727,5586,759,16,4,Service,2024-02-29,0
5728,4344,20890,13,4,Delivery Time,2024-04-25,21
5729,2655,16801,26,4,Service,2023-03-02,11
5730,4179,15798,12,5,Food Quality,2023-09-04,38
5731,5098,31230,26,3,Value for Money,2023-09-12,12
5732,3518,30198,3,5,Cleanliness,2023-01-14,12
5733,3957,4779,1,3,Ambience,2024-07-08,25
5734,3243,11511,9,1,Ambience,2024-11-27,32
5735,1956,15858,6,5,Service,2024-02-01,5
5736,1322,22898,10,4,Food Quality,2024-07-17,10
5737,959,18682,13,4,Value for Money,2023-08-21,13
5738,5734,15810,6,2,Cleanliness,2024-01-22,29
5739,4479,29437,11,4,Food Quality,2023-01-06,25
5740,4566,15053,22,5,Value for Money,2024-07-06,6
5741,4660,23764,27,3,Value for Money,2023-10-03,15
5742,609,3952,3,4,Ambience,2024-04-05,20
5743,666,5627,19,5,Cleanliness,2024-03-30,7
5744,894,8933,17,4,Delivery Time,2024-01-24,31
5745,1044,8500,12,2,Value for Money,2023-05-30,1
5746,2738,9013,9,4,Ambience,2024-10-10,5
5747,982,19972,24,5,Delivery Time,2024-05-30,35
5748,5888,3481,18,4,Ambience,2023-08-09,33
5749,4881,1810,21,3,Cleanliness,2023-10-31,0
5750,4877,841,13,5,Food Quality,2024-09-07,6
5751,4050,2206,27,3,Ambience,2023-08-04,29
5752,4335,13853,3,1,Delivery Time,2023-05-10,34
5753,1907,1140,3,3,Ambience,2023-06-29,12
5754,2609,16169,12,4,Value for Money,2023-11-17,10
5755,1152,18679,18,5,Service,2023-12-19,38
5756,1156,9506,28,4,Service,2023-12-06,20
5757,275,31147,21,2,Ambience,2024-02-08,40
5758,4131,4024,2,1,Food Quality,2024-03-08,
5759,3982,2520,12,3,Service,2024-11-06,11
5760,4569,29198,7,3,Ambience,2023-10-10,18
5761,6063,23549,6,5,Service,2024-04-06,24
5762,2167,18147,17,3,Food Quality,2023-09-23,
5763,2287,24222,12,5,Delivery Time,2023-04-06,21
5764,99999,999999,999,10,Food Quality,2023-10-23,32
5765,1472,31741,25,4,Ambience,2024-01-20,9
5766,817,1955,4,1,Ambience,2024-02-17,26
5767,3188,25015,17,3,Delivery Time,2023-04-20,23
5768,858,3895,9,5,Food Quality,2024-07-08,8
5769,2695,1818,10,4,Food Quality,2023-08-04,37
5770,6197,27294,12,5,Delivery Time,2024-01-14,13
5771,4956,6698,22,5,Food Quality,2023-01-26,34
5772,5483,19217,15,5,Service,2024-07-26,34
5773,5211,31695,13,5,Food Quality,2024-07-28,2
5774,2146,18340,8,4,Value for Money,2024-05-03,11
5775,1300,5814,18,5,Ambience,2024-07-14,
5776,4583,7453,23,5,Value for Money,2023-04-13,12
5777,826,14658,10,4,Cleanliness,2023-08-17,0
5778,130,23443,14,5,Delivery Time,2023-03-19,40
5779,2910,3092,23,2,Delivery Time,2023-07-25,33
5780,6264,19691,5,2,Food Quality,2023-07-11,8
5781,1505,31470,3,5,Cleanliness,2023-08-23,17
5782,1432,23115,26,5,Value for Money,2023-05-07,36
5783,1805,9909,25,3,Value for Money,2023-03-07,22
5784,2632,30419,25,5,Service,2023-02-03,40
5785,1215,29581,28,4,Delivery Time,2024-12-26,18
5786,5079,19077,16,3,Value for Money,2023-05-18,36
5787,1699,7946,9,4,Service,2023-11-06,39
5788,6040,12732,22,4,Delivery Time,2023-10-06,23
5789,6823,7954,6,3,Value for Money,2024-03-07,13
5790,1521,22697,18,5,Value for Money,2023-01-29,18
5791,1120,28156,21,5,Delivery Time,2024-02-20,26
5792,1089,15657,8,5,Service,2024-01-05,0
5793,2993,30958,20,1,Value for Money,2023-12-18,12
5794,3198,29393,22,3,Service,2024-02-20,5
5795,6869,13695,3,4,Food Quality,2023-01-07,30
5796,4675,5892,2,3,Value for Money,2024-03-03,7
5797,2767,18838,16,5,Ambience,2024-02-25,30
5798,3499,1576,6,3,Value for Money,2023-06-07,29
5799,4176,19812,14,2,Ambience,2023-08-01,5
5800,1482,22080,10,5,Food Quality,2024-04-24,15
5801,6876,28171,7,5,Food Quality,2023-03-28,19
5802,1989,24676,17,4,Food Quality,2024-04-21,10
5803,136,15128,16,4,Value for Money,2023-03-30,23
5804,2188,3516,13,3,Service,2024-07-04,0
5805,3851,28495,3,5,Delivery Time,2024-06-24,14
5806,6678,14292,6,5,Delivery Time,2024-02-20,21
5807,5023,6955,6,2,Value for Money,2023-05-13,22
5808,784,11823,16,4,Service,2023-09-29,17
5809,1934,30589,5,4,Cleanliness,2024-06-14,14
5810,1035,3417,5,5,Cleanliness,2023-06-11,22
5811,6945,17437,3,4,Food Quality,2024-12-29,3
5812,3444,3345,8,5,Value for Money,2024-05-26,25
5813,1625,26188,4,4,Service,2024-07-01,40
5814,2413,15406,21,8,Food Quality,2023-12-06,30
5815,3519,13290,24,4,Cleanliness,2023-08-27,15
5816,6661,3939,19,4,Service,2023-09-05,2
5817,4683,22365,5,4,Food Quality,2023-03-29,40
5818,1690,416,7,1,Service,2024-07-05,28
5819,2427,14222,27,3,Value for Money,2023-06-08,16
5820,4452,2494,2,5,Food Quality,2024-05-27,8
5821,1388,17273,25,5,Value for Money,2023-03-13,0
5822,4890,15990,10,4,Value for Money,2024-11-02,7
5823,2117,24628,1,4,Food Quality,2023-09-15,9
5824,3956,10269,5,4,Ambience,2023-07-07,32
5825,916,787,22,5,Ambience,2023-02-17,29
5826,5338,16535,1,4,Value for Money,2024-06-24,34
5827,3479,1684,13,4,Delivery Time,2023-11-23,26
5828,3864,31413,9,3,Value for Money,2023-10-19,9
5829,5338,19298,11,5,Ambience,2023-10-16,36
5830,3333,805,21,5,Service,2023-05-29,37
5831,3302,10660,13,5,Value for Money,2024-08-25,9
5832,2719,27075,15,4,Cleanliness,2023-09-06,38
5833,1765,13226,28,2,Value for Money,2024-03-27,1
5834,2492,5230,2,2,Ambience,2023-01-05,
5835,4993,18436,7,4,Value for Money,2024-11-18,31
5836,1371,7615,3,5,Service,2023-04-22,11
5837,6562,31240,12,2,Cleanliness,2023-05-13,24
5838,4892,10950,26,2,Ambience,2024-12-10,
5839,3598,3066,7,2,Food Quality,2023-01-15,
5840,1699,27954,8,5,Value for Money,2023-02-15,28
5841,5409,27103,2,5,Food Quality,2023-12-05,32
5842,2333,9918,28,4,Delivery Time,2024-02-22,39
5843,3417,2867,13,5,Ambience,2024-11-02,11
5844,1024,6899,11,4,Value for Money,2023-03-26,2
5845,2016,4227,14,5,Service,2024-01-13,0
5846,4201,28082,28,3,Ambience,2024-05-05,21
5847,3483,17878,15,5,Value for Money,2024-07-05,8
5848,2203,16915,27,3,Food Quality,2024-08-29,27
5849,835,5361,27,5,Cleanliness,2023-01-04,34
5850,3252,16125,20,5,Cleanliness,2024-05-21,28
5851,5080,18279,19,5,Service,2023-12-13,20
5852,2688,29453,27,3,Value for Money,2024-09-30,26
5853,1105,24738,9,1,Service,2024-01-05,19
5854,13,14025,20,4,Service,2023-07-05,21
5855,2378,24053,3,4,Value for Money,2024-06-13,15
5856,1559,11567,8,5,Cleanliness,2023-08-11,38
5857,3239,7575,2,5,Food Quality,2024-12-29,16
5858,1917,11745,21,5,Ambience,2023-04-12,30
5859,6340,10413,26,4,Ambience,2023-10-30,28
5860,6840,20276,7,4,Food Quality,2023-10-04,26
5861,3603,5187,24,5,Cleanliness,2023-09-21,8
5862,3681,4450,9,4,Cleanliness,2023-02-27,15
5863,3731,1353,25,5,Food Quality,2023-06-10,8
5864,4970,29638,24,5,Food Quality,2024-09-30,9
5865,5723,6669,14,3,Cleanliness,2023-02-07,23
5866,2605,9001,28,5,Cleanliness,2023-10-23,7
5867,1998,27649,17,1,Food Quality,2024-10-12,9
5868,566,10427,10,4,Value for Money,2024-10-20,31
5869,6440,7058,4,4,Delivery Time,2024-03-29,2
5870,1358,3384,3,1,Ambience,2024-06-29,23
5871,3902,10204,20,4,Food Quality,2024-02-04,13
5872,2107,16635,11,4,Service,2024-03-22,
5873,5717,9551,10,3,Cleanliness,2024-03-11,11
5874,2510,11415,27,1,Ambience,2023-12-02,27
5875,714,19052,19,3,Food Quality,2024-09-24,4
5876,6604,26015,13,3,Ambience,2023-02-13,11
5877,1678,7119,19,5,Ambience,2023-06-12,8
5878,612,21279,15,5,Cleanliness,2024-01-28,31
5879,1906,10232,13,2,Ambience,2024-07-19,27
5880,6525,11648,15,5,Value for Money,2023-08-28,23
5881,6693,15421,23,4,Food Quality,2023-09-15,28
5882,219,26377,4,5,Cleanliness,2023-07-01,32
5883,1622,12146,18,5,Value for Money,2023-03-02,16
5884,2884,7106,11,3,Delivery Time,2024-11-12,13
5885,332,26266,9,5,Ambience,2023-04-10,21
5886,4952,6414,18,4,Delivery Time,2024-12-21,18
5887,257,26846,23,3,Food Quality,2023-02-02,27
5888,6983,5233,9,2,Food Quality,2024-01-20,16
5889,3980,25357,12,3,Service,2023-11-02,5
5890,908,22838,15,3,Cleanliness,2024-09-21,40
5891,6355,29399,21,5,Food Quality,2023-01-23,17
5892,1788,21715,14,1,Service,2023-02-05,9
5893,1392,4086,9,5,Delivery Time,2023-09-05,34
5894,5083,8000,7,5,Delivery Time,2024-10-01,11
5895,29,4,22,4,Ambience,2023-06-17,15
5896,6245,28602,17,5,Service,2024-02-09,32
5897,6384,22381,27,3,Value for Money,2023-05-19,33
5898,1475,21836,16,4,Food Quality,2023-02-11,19
5899,2392,30401,13,5,Value for Money,2024-09-22,17
5900,5024,19735,22,5,Cleanliness,2024-07-07,27
5901,5692,24818,18,3,Ambience,2024-05-14,1
5902,814,25443,21,3,Service,2023-07-18,11
5903,523,8530,7,5,Ambience,2024-12-06,15
5904,2708,6945,8,5,Service,2024-11-12,20
5905,1954,29340,17,3,Food Quality,2023-05-10,20
5906,5478,13499,24,5,Value for Money,2024-04-28,29
5907,6516,19090,27,5,Food Quality,2024-05-14,36
5908,6071,6666,5,3,Food Quality,2023-11-22,33
5909,1395,16550,28,5,Cleanliness,2024-04-05,4
5910,2660,1243,1,4,Food Quality,2023-03-17,13
5911,77,6046,10,5,Cleanliness,2024-09-28,11
5912,5735,3984,14,5,Service,2023-06-05,34
5913,524,22650,19,3,Value for Money,2024-08-16,24
5914,2545,9727,25,5,Service,2023-02-21,23
5915,5359,6491,4,3,Service,2024-06-01,26
5916,3810,19243,1,1,Ambience,2024-02-17,40
5917,1106,13030,26,4,Cleanliness,2023-09-06,26
5918,6446,30200,19,2,Food Quality,2023-11-09,19
5919,628,21325,5,3,Value for Money,2024-09-28,37
5920,4671,6022,20,4,Value for Money,2024-02-01,0
5921,1027,29971,22,5,Cleanliness,2023-03-16,31
5922,2003,20781,6,5,Value for Money,2023-10-18,36
5923,4170,2307,25,5,Value for Money,2023-10-18,16
5924,3963,17201,14,3,Cleanliness,2024-04-24,29
5925,5514,5790,7,1,Delivery Time,2024-10-18,5
5926,1739,20417,18,3,Ambience,2023-07-20,2
5927,2724,25670,2,5,Ambience,2023-03-24,6
5928,4976,24774,28,5,Food Quality,2024-05-01,33
5929,5424,9484,18,4,Service,2024-02-18,24
5930,6471,28036,22,5,Cleanliness,2024-10-01,21
5931,2659,1410,1,3,Food Quality,2024-12-11,
5932,1545,17044,13,5,Value for Money,2024-10-27,26
5933,6944,29981,4,4,Value for Money,2024-02-21,36
5934,1062,20978,21,4,Service,2024-12-25,26
5935,4091,31236,9,4,Service,2023-12-03,40
5936,3123,30881,4,5,Delivery Time,2024-04-19,29
5937,3000,1506,7,5,Value for Money,2024-12-17,10
5938,929,12954,21,5,Cleanliness,2024-05-26,13
5939,3316,26981,20,4,Service,2024-09-20,0
5940,5943,31368,14,2,Ambience,2023-05-17,6
5941,6011,1445,4,5,Food Quality,2023-01-16,23
5942,1340,31999,15,5,Service,2023-06-30,20
5943,539,11190,1,5,Cleanliness,2024-10-28,22
5944,5969,6716,7,2,Value for Money,2023-04-29,27
5945,3519,20806,17,5,Service,2023-09-03,34
5946,3572,386,21,4,Food Quality,2024-05-02,24
5947,2414,20151,14,4,Ambience,2023-05-28,15
5948,2103,21134,9,5,Food Quality,2024-06-28,31
5949,6993,31311,20,5,Value for Money,2023-06-24,16
5950,3068,28723,5,5,Value for Money,2024-01-30,8
5951,1497,19006,3,5,Value for Money,2023-04-22,11
5952,5913,23039,20,5,Food Quality,2023-01-22,5
5953,2690,15771,7,3,Delivery Time,2023-11-26,33
5954,2593,10015,24,5,Ambience,2024-02-13,15
5955,5798,31441,22,4,Delivery Time,2024-10-26,19
5956,1832,27181,27,5,Ambience,2023-12-04,37
5957,951,27112,12,5,Cleanliness,2023-06-05,28
5958,3789,22660,19,4,Food Quality,2023-10-28,10
5959,5256,9766,25,3,Service,2023-12-14,15
5960,3974,16279,19,4,Value for Money,2024-11-06,33
5961,55,22983,26,4,Service,2023-07-18,
5962,4240,30099,27,4,Service,2023-01-03,40
5963,475,1764,22,4,Delivery Time,2024-09-22,20
5964,5747,22630,19,3,Delivery Time,2023-03-14,26
5965,3817,9932,27,4,Ambience,2023-07-15,33
5966,3890,16489,4,4,Delivery Time,2023-04-23,17
5967,6859,29437,1,5,Value for Money,2023-07-04,28
5968,287,26918,3,1,Service,2023-05-29,6
5969,6045,28989,11,3,Delivery Time,2023-03-25,8
5970,3554,26477,20,5,Ambience,2024-05-23,
5971,5097,3178,4,8,Service,2023-12-22,38
5972,5784,13125,1,5,Cleanliness,2024-05-15,19
5973,1764,23080,16,5,Value for Money,2024-08-13,14
5974,477,4924,18,4,Ambience,2023-11-11,9
5975,448,29281,25,2,Delivery Time,2024-04-24,
5976,2682,5973,14,2,Food Quality,2024-09-15,0
5977,4124,1653,28,5,Value for Money,2024-04-13,17
5978,3557,698,11,4,Ambience,2024-10-29,25
5979,4555,17171,4,3,Delivery Time,2024-11-20,39
5980,2636,4176,28,4,Cleanliness,2023-01-25,32
5981,4500,22372,13,4,Value for Money,2024-04-23,23
5982,5232,28391,7,4,Service,2023-09-18,27
5983,834,11700,14,5,Service,2023-09-29,36
5984,1279,21724,6,5,Service,2024-10-02,17
5985,4458,16486,9,4,Service,2023-04-01,24
5986,6909,27295,14,5,Food Quality,2024-11-09,11
5987,622,9633,6,1,Service,2023-12-05,21
5988,1467,8528,5,3,Food Quality,2024-12-11,20
5989,5856,16555,18,4,Delivery Time,2024-11-13,23
5990,3308,20192,6,5,Service,2023-10-26,
5991,3107,23449,3,5,Delivery Time,2023-02-06,16
5992,5614,5178,19,1,Service,2024-03-15,36
5993,6126,26342,1,1,Food Quality,2024-03-06,15
5994,5000,28801,2,3,Service,2024-04-15,1
5995,5660,17180,26,4,Food Quality,2024-09-10,30
5996,2601,20577,25,5,Service,2024-03-08,8
5997,1568,19728,15,4,Delivery Time,2024-05-16,36
5998,1118,1017,11,3,Service,2023-12-17,26
5999,1508,15265,3,2,Food Quality,2024-10-16,31
6000,3406,17986,19,3,Service,2024-05-06,15
6001,2385,16598,7,3,Delivery Time,2023-08-14,17
6002,239,15998,22,5,Delivery Time,2024-02-25,9
6003,2197,26144,22,4,Service,2024-07-28,1
6004,2893,14007,8,3,Value for Money,2023-06-15,40
6005,1991,9411,2,4,Value for Money,2023-01-03,11
6006,3014,26481,6,5,Food Quality,2024-10-15,25
6007,3002,20038,17,2,Service,2023-03-11,35
6008,364,30390,28,2,Food Quality,2024-12-18,21
6009,3294,10474,25,5,Cleanliness,2024-02-27,26
6010,4250,8522,16,2,Value for Money,2024-12-31,31
6011,3884,30085,16,4,Delivery Time,2023-11-20,17
6012,2982,506,8,4,Service,2024-05-14,16
6013,3777,25023,13,2,Cleanliness,2024-11-14,5
6014,4770,26504,3,5,Ambience,2024-05-30,29
6015,3797,12,22,2,Ambience,2023-09-28,38
6016,3047,8653,24,2,Ambience,2023-08-03,6
6017,4842,3169,28,4,Delivery Time,2023-06-09,13
6018,1196,10351,7,4,Cleanliness,2024-05-30,18
6019,4174,15421,15,2,Ambience,2024-07-31,21
6020,4240,10771,26,3,Delivery Time,2024-11-17,2
6021,623,7486,28,1,Food Quality,2024-10-14,2
6022,4466,24994,21,5,Food Quality,2024-12-28,8
6023,6937,5994,9,5,Food Quality,2023-07-24,13
6024,192,25715,17,5,Ambience,2023-03-01,15
6025,3438,22498,23,3,Delivery Time,2024-09-14,38
6026,867,5862,18,2,Ambience,2023-01-28,19
6027,1720,8788,3,5,Cleanliness,2023-02-06,9
6028,2203,4622,21,5,Service,2024-09-27,8
6029,6397,12272,24,5,Cleanliness,2024-05-12,27
6030,5094,6964,27,4,Ambience,2024-06-13,21
6031,99999,999999,999,8,Service,2023-12-27,20
6032,4850,6776,21,1,Value for Money,2023-01-07,5
6033,5025,25880,28,5,Ambience,2024-09-22,5
6034,3545,7386,10,4,Ambience,2023-10-05,29
6035,136,7761,21,4,Cleanliness,2023-07-18,40
6036,2804,5287,3,4,Cleanliness,2023-11-25,17
6037,22,15926,27,3,Ambience,2024-10-31,2
6038,4735,16196,3,2,Cleanliness,2023-10-07,36
6039,4084,15174,16,3,Cleanliness,2024-04-15,23
6040,6018,19467,18,1,Delivery Time,2024-12-31,30
6041,6170,13818,27,4,Food Quality,2023-11-13,5
6042,3462,31429,13,3,Cleanliness,2023-09-15,6
6043,2134,29696,7,5,Ambience,2023-12-23,40
6044,3845,1534,15,5,Service,2023-11-13,33
6045,1851,25118,28,4,Ambience,2023-07-26,22
6046,6364,11633,11,4,Service,2024-03-02,38
6047,6673,14566,19,4,Cleanliness,2024-12-06,19
6048,4929,21153,26,4,Service,2024-03-25,0
6049,2062,1236,26,5,Service,2023-08-06,15
6050,4535,20899,27,3,Service,2023-11-09,40
6051,3444,1376,2,4,Delivery Time,2023-01-29,6
6052,4166,13326,11,4,Value for Money,2023-08-14,9
6053,1463,19667,21,3,Ambience,2023-11-30,37
6054,3581,12674,24,4,Value for Money,2024-07-27,2
6055,2574,6139,19,2,Cleanliness,2024-02-09,0
6056,2635,15661,4,4,Cleanliness,2024-10-24,18
6057,1419,14535,8,5,Cleanliness,2024-07-24,10
6058,987,14309,16,2,Value for Money,2024-02-23,31
6059,2906,26012,24,4,Cleanliness,2023-04-11,4
6060,5807,16621,28,5,Value for Money,2024-09-04,34
6061,6407,386,3,5,Value for Money,2023-06-04,19
6062,5648,19633,6,5,Delivery Time,2023-05-26,27
6063,2577,19935,20,1,Food Quality,2024-07-20,9
6064,6566,29619,26,5,Food Quality,2023-01-20,9
6065,1497,9284,9,4,Delivery Time,2023-10-19,23
6066,2321,1737,14,5,Ambience,2024-01-25,25
6067,5931,11342,28,4,Service,2023-09-08,8
6068,6063,30989,6,3,Food Quality,2023-06-24,19
6069,4657,17064,18,4,Food Quality,2023-05-22,9
6070,1331,17857,21,3,Value for Money,2024-09-17,11
6071,5591,25689,10,5,Service,2024-07-13,12
6072,4491,10194,9,2,Ambience,2024-02-08,16
6073,2729,3523,11,5,Food Quality,2024-01-14,
6074,6526,22791,25,1,Value for Money,2023-08-24,38
6075,6182,25515,15,4,Delivery Time,2024-07-21,2
6076,725,15051,2,3,Cleanliness,2024-11-03,29
6077,700,8148,22,3,Cleanliness,2024-01-07,9
6078,5833,4710,8,4,Cleanliness,2023-11-02,4
6079,6826,8366,17,5,Food Quality,2023-08-02,8
6080,2681,15069,8,5,Food Quality,2023-08-19,35
6081,1527,7011,19,2,Service,2023-04-19,13
6082,2141,11974,5,1,Ambience,2024-11-27,38
6083,4647,3094,2,4,Cleanliness,2024-05-07,33
6084,3526,30544,4,5,Service,2023-03-26,27
6085,5210,4272,14,2,Ambience,2024-06-08,29
6086,6073,22197,14,4,Ambience,2023-08-17,29
6087,2876,17555,24,5,Food Quality,2023-08-26,22
6088,6113,22581,18,4,Food Quality,2023-02-15,1
6089,3431,16759,19,5,Service,2023-11-16,38
6090,5282,8443,26,1,Service,2023-12-21,20
6091,4704,3923,2,5,Service,2023-02-12,38
6092,1556,12221,10,4,Cleanliness,2024-06-10,14
6093,2628,24455,19,5,Ambience,2024-11-04,21
6094,4268,23427,12,1,Food Quality,2024-03-11,13
6095,2725,27682,21,4,Cleanliness,2023-08-05,13
6096,2611,19644,25,4,Food Quality,2023-02-12,33
6097,5235,528,3,5,Cleanliness,2023-09-13,17
6098,6025,12451,12,2,Delivery Time,2024-06-18,34
6099,5370,1513,6,5,Service,2023-08-04,23
6100,1335,25199,9,5,Service,2024-09-28,8
6101,6451,23608,13,5,Ambience,2024-04-24,33
6102,3622,25026,7,4,Ambience,2023-04-30,23
6103,5605,6260,4,4,Service,2024-03-20,16
6104,6143,27672,27,5,Ambience,2024-10-15,14
6105,6578,413,2,4,Food Quality,2023-06-28,27
6106,99999,999999,999,8,Value for Money,2024-08-01,33
6107,3253,22717,18,4,Ambience,2023-07-02,26
6108,244,8982,19,2,Ambience,2023-11-20,35
6109,516,15232,27,5,Delivery Time,2023-09-23,12
6110,4907,9520,3,4,Delivery Time,2023-07-25,12
6111,6476,16356,17,3,Service,2024-05-27,3
6112,2448,13762,14,5,Cleanliness,2023-08-07,15
6113,4921,30866,18,5,Delivery Time,2024-09-18,28
6114,2739,13855,15,5,Delivery Time,2024-11-12,22
6115,4723,2858,23,4,Service,2023-08-17,6
6116,1856,2179,5,4,Food Quality,2024-07-10,19
6117,4010,23501,21,5,Food Quality,2023-01-28,14
6118,4658,30422,28,3,Food Quality,2024-08-25,32
6119,473,26906,9,4,Service,2024-07-01,35
6120,6755,6026,20,1,Service,2024-12-21,22
6121,5000,29674,15,3,Food Quality,2024-01-27,12
6122,3855,16906,28,5,Service,2023-05-05,8
6123,1116,3360,28,4,Food Quality,2024-05-06,36
6124,5416,14047,1,4,Delivery Time,2024-06-18,36
6125,3388,18485,15,4,Ambience,2023-07-23,14
6126,2274,24577,3,9,Delivery Time,2023-03-24,3
6127,6856,2448,7,4,Ambience,2024-08-07,1
6128,695,18732,14,4,Value for Money,2024-05-26,33
6129,6682,3875,28,3,Ambience,2023-05-07,28
6130,5380,19318,4,5,Food Quality,2023-08-01,2
6131,6904,24853,5,1,Cleanliness,2024-12-25,17
6132,1258,28429,19,2,Ambience,2023-03-06,8
6133,3823,1508,9,4,Service,2023-05-16,17
6134,4308,4512,10,1,Food Quality,2023-12-02,31
6135,2239,25328,17,3,Ambience,2024-02-15,38
6136,347,27489,23,4,Delivery Time,2024-06-17,35
6137,99999,999999,999,7,Food Quality,2024-11-04,14
6138,3567,26371,5,3,Cleanliness,2024-10-22,29
6139,4124,26301,14,10,Cleanliness,2024-04-26,5
6140,2268,28331,5,3,Delivery Time,2024-11-01,10
6141,3778,7177,6,5,Ambience,2023-06-13,3
6142,5223,5040,22,5,Value for Money,2024-09-03,11
6143,1821,19597,14,5,Value for Money,2023-08-27,39
6144,6409,9456,28,3,Service,2024-05-29,33
6145,99999,999999,999,9,Delivery Time,2023-09-14,11
6146,1515,20181,20,5,Ambience,2024-04-19,3
6147,2520,20587,20,3,Cleanliness,2024-12-06,26
6148,839,27394,18,5,Service,2023-01-11,1
6149,2963,13066,23,3,Delivery Time,2024-04-27,16
6150,6826,17252,28,4,Food Quality,2024-12-02,3
6151,66,2539,24,4,Service,2024-01-22,17
6152,2697,13927,28,5,Cleanliness,2024-02-03,20
6153,4644,15575,26,5,Service,2024-10-19,3
6154,3070,26799,6,3,Delivery Time,2023-06-05,
6155,4786,8924,10,4,Cleanliness,2023-11-19,1
6156,2497,17326,22,5,Ambience,2023-09-13,
6157,2444,3059,6,4,Cleanliness,2024-02-10,3
6158,911,14333,9,1,Service,2024-10-02,36
6159,99999,999999,999,10,Food Quality,2023-09-19,36
6160,4325,22128,3,5,Food Quality,2023-09-04,15
6161,4544,7497,5,2,Service,2024-08-15,2
6162,5024,17803,13,5,Ambience,2024-02-28,20
6163,4893,20128,9,4,Service,2024-11-20,23
6164,3104,2474,15,4,Food Quality,2023-07-03,18
6165,2784,1078,26,4,Food Quality,2024-05-11,32
6166,1566,8007,7,4,Food Quality,2023-01-23,
6167,883,25377,21,4,Cleanliness,2024-07-07,5
6168,6299,21994,28,2,Service,2023-09-01,15
6169,947,20634,24,2,Cleanliness,2024-02-16,2
6170,4026,30827,28,5,Delivery Time,2024-03-28,5
6171,2275,27121,15,5,Food Quality,2023-03-25,6
6172,1952,20183,27,4,Cleanliness,2023-04-03,2
6173,214,8864,13,4,Cleanliness,2024-07-13,
6174,2939,24246,10,1,Delivery Time,2023-08-23,25
6175,137,10120,13,4,Cleanliness,2024-09-28,30
6176,4777,19614,27,4,Service,2024-03-07,35
6177,6955,10903,21,5,Delivery Time,2023-12-26,21
6178,5750,5530,27,7,Delivery Time,2023-12-22,18
6179,1183,28044,11,5,Ambience,2024-07-03,14
6180,6187,30716,26,5,Delivery Time,2023-02-18,19
6181,914,51,14,5,Service,2023-03-04,14
6182,4124,15245,3,5,Delivery Time,2024-12-23,14
6183,100,15233,8,5,Food Quality,2024-11-01,20
6184,3552,21716,13,5,Cleanliness,2023-08-23,14
6185,4968,20126,1,4,Ambience,2023-05-18,28
6186,6110,1956,9,4,Ambience,2023-10-27,2
6187,6274,21189,27,4,Value for Money,2023-10-16,16
6188,4008,7077,14,4,Ambience,2023-03-13,
6189,6459,23053,28,4,Food Quality,2023-06-03,15
6190,1707,20414,1,5,Food Quality,2024-10-10,40
6191,3283,13434,23,1,Ambience,2023-01-19,30
6192,6548,21420,19,3,Cleanliness,2023-09-21,13
6193,6369,14451,5,4,Delivery Time,2024-11-16,27
6194,5475,31495,13,4,Value for Money,2023-05-02,6
6195,5319,20762,3,9,Service,2023-06-20,21
6196,4308,21319,1,3,Food Quality,2023-07-11,21
6197,416,18101,25,4,Cleanliness,2024-07-12,13
6198,4477,26335,2,5,Ambience,2023-05-31,22
6199,5990,18183,24,4,Service,2024-06-16,23
6200,3240,5408,3,1,Cleanliness,2023-01-31,1
6201,1468,14366,23,4,Food Quality,2024-11-20,12
6202,1542,27901,1,2,Value for Money,2023-08-12,10
6203,5382,11499,2,1,Service,2024-07-17,12
6204,5907,23904,28,3,Food Quality,2024-04-06,4
6205,4786,14854,13,5,Food Quality,2023-06-17,38
6206,2497,1961,1,5,Service,2024-04-13,30
6207,5258,659,28,4,Delivery Time,2023-12-25,11
6208,3271,19806,4,4,Service,2024-04-08,34
6209,6981,6778,2,4,Value for Money,2023-05-16,12
6210,6900,21068,10,2,Food Quality,2023-04-14,23
6211,6109,21579,12,4,Value for Money,2023-06-05,30
6212,5377,7040,24,4,Cleanliness,2023-08-11,5
6213,5141,30817,28,4,Cleanliness,2023-11-06,16
6214,6174,10860,23,2,Food Quality,2023-01-10,0
6215,6409,29596,25,3,Food Quality,2023-11-21,18
6216,492,30542,5,4,Service,2023-02-14,29
6217,4340,20966,22,4,Value for Money,2023-01-29,23
6218,3199,11772,17,5,Cleanliness,2024-06-28,32
6219,3735,29591,14,5,Food Quality,2024-03-22,15
6220,3333,18390,26,2,Ambience,2024-09-20,12
6221,4922,27496,6,4,Delivery Time,2024-02-02,
6222,4329,7285,3,3,Food Quality,2024-07-25,35
6223,1867,6727,3,2,Service,2023-08-26,31
6224,3707,20976,10,5,Cleanliness,2023-08-08,39
6225,3947,8696,2,5,Service,2023-03-25,27
6226,6945,5717,16,3,Cleanliness,2023-05-01,0
6227,2587,22237,1,5,Food Quality,2024-02-19,20
6228,769,10312,22,2,Cleanliness,2024-09-01,2
6229,3738,10028,3,4,Delivery Time,2024-07-16,
6230,3310,17940,4,3,Food Quality,2023-02-03,29
6231,1483,7260,10,4,Ambience,2023-05-10,24
6232,6800,14184,22,4,Food Quality,2024-07-22,3
6233,1467,26950,23,4,Service,2024-02-06,11
6234,6794,4450,27,4,Food Quality,2023-04-01,38
6235,3064,1099,4,4,Delivery Time,2024-12-28,0
6236,35,15789,4,2,Cleanliness,2023-07-31,26
6237,1438,5055,21,5,Ambience,2023-05-07,26
6238,3338,2625,6,4,Service,2024-11-05,12
6239,475,13095,18,4,Food Quality,2023-03-07,33
6240,3593,31760,20,4,Service,2023-03-15,35
6241,6616,527,24,5,Delivery Time,2023-09-17,9
6242,4259,190,13,5,Value for Money,2023-04-08,10
6243,99999,999999,999,8,Value for Money,2023-11-24,17
6244,203,27184,6,5,Food Quality,2023-02-15,0
6245,3636,2936,26,3,Ambience,2023-05-28,5
6246,577,31036,2,5,Service,2024-06-28,33
6247,3724,28873,8,4,Value for Money,2023-04-03,33
6248,4635,16435,14,5,Service,2023-05-06,26
6249,6116,1033,9,2,Delivery Time,2024-06-21,17
6250,2429,2069,15,3,Cleanliness,2024-02-11,
6251,1363,29404,4,5,Service,2023-08-19,4
6252,4808,5131,18,8,Delivery Time,2023-09-14,31
6253,3466,17190,18,4,Delivery Time,2023-06-26,36
6254,5325,3306,20,4,Service,2024-02-17,
6255,1362,23372,20,4,Cleanliness,2023-06-20,
6256,1021,8198,24,3,Delivery Time,2023-04-22,9
6257,6659,3714,11,4,Delivery Time,2024-01-26,8
6258,2805,10581,26,5,Food Quality,2023-11-15,3
6259,3468,12386,24,3,Cleanliness,2023-12-07,3
6260,360,29567,13,2,Delivery Time,2024-07-09,23
6261,817,3336,3,5,Food Quality,2024-04-01,8
6262,4548,9285,22,1,Food Quality,2023-08-13,9
6263,2438,28922,18,4,Delivery Time,2024-06-27,17
6264,1736,3138,14,3,Food Quality,2023-10-19,15
6265,4186,20044,10,5,Ambience,2023-04-14,18
6266,5487,9306,8,5,Value for Money,2023-07-20,29
6267,897,20934,9,4,Ambience,2023-07-17,12
6268,5459,14154,4,5,Value for Money,2023-03-09,40
6269,248,6635,13,4,Cleanliness,2023-08-30,37
6270,99999,999999,999,9,Value for Money,2024-10-28,13
6271,2945,24550,1,4,Food Quality,2024-08-25,36
6272,1185,3675,9,5,Ambience,2024-03-19,17
6273,3273,18075,20,3,Delivery Time,2023-04-15,28
6274,931,5545,9,5,Cleanliness,2023-11-26,26
6275,6207,14549,27,4,Delivery Time,2024-05-12,19
6276,4732,6210,1,3,Service,2024-06-05,24
6277,2493,22703,17,5,Service,2024-08-30,2
6278,2267,19672,5,2,Delivery Time,2024-04-25,10
6279,5009,26568,21,5,Service,2024-08-25,32
6280,6518,12376,5,1,Service,2024-01-07,9
6281,5174,22757,23,1,Delivery Time,2023-05-21,21
6282,5478,30000,12,5,Service,2023-06-04,34
6283,1131,16926,10,5,Food Quality,2024-08-27,0
6284,3369,8551,14,3,Ambience,2024-06-02,39
6285,5246,23555,12,3,Food Quality,2023-09-09,40
6286,4966,8967,22,5,Ambience,2023-08-16,34
6287,2663,9929,6,5,Delivery Time,2024-02-03,32
6288,6283,16698,8,4,Service,2023-02-15,12
6289,6462,3632,21,1,Cleanliness,2023-05-18,34
6290,311,18459,3,4,Delivery Time,2023-06-30,15
6291,1965,8585,25,3,Food Quality,2024-07-26,36
6292,5576,1543,26,4,Delivery Time,2023-09-12,32
6293,4563,20406,5,4,Delivery Time,2023-04-14,29
6294,503,21888,3,3,Service,2024-09-08,27
6295,5631,20319,13,5,Service,2024-08-13,28
6296,521,4547,18,3,Value for Money,2024-04-21,37
6297,1084,11839,21,4,Value for Money,2024-08-09,
6298,107,1399,25,5,Cleanliness,2023-12-14,30
6299,664,12799,28,5,Value for Money,2024-04-25,35
6300,2216,13102,1,5,Delivery Time,2023-01-17,4
6301,3110,27248,19,1,Ambience,2023-08-21,10
6302,2445,24896,22,5,Food Quality,2023-12-30,22
6303,2169,19638,19,5,Cleanliness,2023-03-23,22
6304,3210,30079,6,3,Value for Money,2024-09-30,17
6305,2643,4738,16,5,Service,2023-11-14,21
6306,4908,21520,13,5,Service,2023-03-26,12
6307,6789,11884,5,4,Service,2024-10-01,17
6308,366,6409,24,3,Service,2023-10-30,34
6309,840,10996,2,4,Delivery Time,2023-12-05,0
6310,903,24483,21,5,Service,2024-10-26,40
6311,5868,26093,9,5,Cleanliness,2024-11-24,23
6312,2658,6159,21,5,Delivery Time,2023-03-08,20
6313,1677,6542,13,2,Service,2024-10-27,17
6314,4454,18403,5,5,Cleanliness,2023-09-02,0
6315,1593,29183,15,3,Service,2024-07-31,40
6316,3049,2988,18,1,Food Quality,2024-01-18,1
6317,2978,17392,14,4,Cleanliness,2024-10-24,1
6318,3662,27640,24,7,Food Quality,2023-08-28,8
6319,99999,999999,999,9,Value for Money,2023-07-16,28
6320,3519,20915,28,5,Delivery Time,2023-02-13,12
6321,2011,19580,15,5,Ambience,2024-05-25,19
6322,3515,25617,4,4,Food Quality,2023-12-02,10
6323,4251,8416,15,4,Ambience,2023-04-02,20
6324,4474,31849,21,3,Food Quality,2023-09-04,29
6325,6232,26144,1,5,Service,2024-11-22,26
6326,1183,31223,1,4,Ambience,2023-12-20,1
6327,4894,25432,1,5,Food Quality,2024-05-24,35
6328,729,2856,14,5,Food Quality,2023-05-30,3
6329,5244,26870,10,5,Delivery Time,2023-08-23,35
6330,2329,30765,4,1,Ambience,2024-12-05,27
6331,2257,8105,15,4,Value for Money,2023-09-03,31
6332,4631,25310,21,4,Value for Money,2023-03-02,24
6333,2399,8774,24,4,Food Quality,2024-02-23,14
6334,6378,26867,8,5,Food Quality,2024-04-15,24
6335,1034,7683,12,5,Value for Money,2023-04-05,4
6336,2048,7120,1,4,Ambience,2023-08-20,12
6337,99999,999999,999,7,Cleanliness,2023-12-17,19
6338,4261,17691,8,4,Delivery Time,2024-08-24,37
6339,840,15306,24,5,Service,2023-05-21,40
6340,4448,22906,17,5,Value for Money,2023-06-22,6
6341,4783,14694,3,3,Service,2023-05-03,9
6342,557,21483,2,4,Ambience,2024-06-19,0
6343,2833,3842,25,4,Ambience,2024-08-11,26
6344,6523,25228,14,1,Value for Money,2023-07-23,34
6345,2134,6587,5,4,Value for Money,2024-02-17,20
6346,3121,24294,12,3,Value for Money,2024-05-10,33
6347,2746,17007,14,4,Delivery Time,2024-11-29,8
6348,531,24626,4,3,Value for Money,2024-07-28,9
6349,4724,12161,9,5,Delivery Time,2024-01-03,30
6350,5623,12219,23,5,Delivery Time,2024-09-21,8
6351,4057,28183,4,5,Food Quality,2023-12-02,38
6352,4602,26093,17,2,Delivery Time,2024-11-29,0
6353,4401,1404,25,4,Service,2023-07-25,18
6354,2957,19097,2,4,Value for Money,2023-07-23,10
6355,183,8635,22,4,Service,2024-03-19,34
6356,585,18991,17,1,Food Quality,2024-07-23,20
6357,4189,11132,26,5,Value for Money,2023-03-08,14
6358,5105,5055,13,3,Cleanliness,2023-11-04,36
6359,4479,26412,15,4,Ambience,2023-12-05,0
6360,2560,16163,2,1,Service,2024-03-09,16
6361,1029,6130,6,4,Service,2024-01-22,17
6362,2856,1202,16,4,Service,2024-07-23,15
6363,6519,24363,16,5,Value for Money,2024-06-27,32
6364,2953,10948,3,5,Delivery Time,2023-01-12,24
6365,4758,24409,17,5,Cleanliness,2023-12-27,18
6366,1941,243,6,3,Service,2024-07-04,18
6367,99999,999999,999,8,Ambience,2023-12-24,
6368,2190,28875,20,4,Delivery Time,2023-11-12,40
6369,2402,7852,5,4,Value for Money,2023-10-21,3
6370,4751,2319,5,3,Ambience,2024-01-04,31
6371,5322,1709,3,5,Delivery Time,2024-06-11,2
6372,3648,26790,17,4,Cleanliness,2023-07-28,23
6373,686,21719,7,4,Delivery Time,2024-06-11,9
6374,3014,5070,10,5,Cleanliness,2023-05-06,9
6375,2077,24442,6,4,Cleanliness,2024-11-01,5
6376,3526,26183,12,4,Food Quality,2023-11-09,30
6377,2988,20844,15,5,Ambience,2023-10-20,39
6378,188,2058,15,4,Value for Money,2023-06-22,11
6379,5328,2185,24,4,Ambience,2024-12-09,14
6380,6813,25155,5,4,Service,2024-05-21,3
6381,6980,30615,5,1,Delivery Time,2023-07-02,10
6382,4349,22262,18,2,Ambience,2023-04-02,24
6383,5634,398,23,2,Cleanliness,2024-02-14,2
6384,125,25676,11,5,Food Quality,2023-07-29,0
6385,3460,9565,25,4,Value for Money,2024-01-27,19
6386,5976,18890,28,3,Food Quality,2024-11-06,25
6387,65,4647,28,5,Food Quality,2024-07-02,
6388,5781,30801,17,5,Delivery Time,2024-09-25,27
6389,3408,2544,5,3,Value for Money,2023-07-23,15
6390,837,9144,10,3,Cleanliness,2023-02-03,8
6391,3484,4910,4,5,Ambience,2023-08-04,3
6392,5164,2796,28,5,Cleanliness,2023-05-25,39
6393,6239,19390,25,4,Delivery Time,2024-04-19,24
6394,4791,1855,17,4,Cleanliness,2024-08-17,24
6395,1117,9193,3,5,Food Quality,2023-03-29,24
6396,4636,12207,8,3,Value for Money,2024-01-19,
6397,1924,24677,2,5,Ambience,2023-08-24,1
6398,729,20415,9,1,Value for Money,2023-06-22,39
6399,3212,7630,8,4,Cleanliness,2023-08-11,10
6400,99999,999999,999,7,Ambience,2023-04-12,32
6401,2054,4781,5,5,Value for Money,2023-10-22,0
6402,6128,2978,3,4,Cleanliness,2024-06-18,22
6403,6580,3310,10,5,Delivery Time,2023-10-04,10
6404,5606,25062,22,5,Food Quality,2024-02-15,
6405,5863,30508,24,1,Cleanliness,2023-10-05,9
6406,6206,20923,10,2,Ambience,2024-08-04,9
6407,4340,14483,26,3,Delivery Time,2023-07-12,12
6408,4078,11215,24,4,Delivery Time,2023-01-13,10
6409,2844,22506,13,5,Food Quality,2024-11-10,31
6410,4757,30848,20,4,Ambience,2024-11-01,19
6411,6531,12053,2,4,Cleanliness,2023-04-19,12
6412,4211,3375,21,3,Value for Money,2023-05-01,20
6413,3236,11245,13,5,Delivery Time,2024-10-16,28
6414,1176,31358,4,5,Ambience,2023-07-29,17
6415,3792,2427,27,4,Delivery Time,2023-10-02,39
6416,4334,3063,18,5,Ambience,2024-01-02,28
6417,5743,31868,7,4,Value for Money,2023-09-17,19
6418,5971,17359,19,2,Cleanliness,2024-05-06,19
6419,2986,28142,10,5,Ambience,2024-12-31,15
6420,4175,14342,14,3,Service,2024-02-14,32
6421,4027,16284,14,5,Service,2024-01-03,13
6422,6901,21475,26,4,Food Quality,2024-05-30,13
6423,5071,31150,15,4,Value for Money,2024-10-23,34
6424,2659,14842,8,5,Value for Money,2023-08-15,1
6425,2033,23611,14,5,Food Quality,2023-06-30,10
6426,5124,22666,9,4,Value for Money,2023-11-18,9
6427,2552,1504,4,2,Service,2024-11-02,15
6428,5448,8322,9,1,Ambience,2024-03-18,30
6429,1088,18921,10,4,Ambience,2023-07-14,9
6430,2476,2945,20,3,Service,2024-10-24,1
6431,5880,18757,11,2,Food Quality,2024-01-24,12
6432,3337,11331,27,3,Value for Money,2024-09-10,26
6433,6190,27407,12,4,Cleanliness,2024-09-20,27
6434,4225,4854,1,5,Ambience,2024-02-21,20
6435,4746,1535,2,9,Service,2023-11-29,11
6436,4334,22750,24,4,Ambience,2023-07-12,0
6437,4515,30613,10,5,Value for Money,2023-07-28,8
6438,4428,29802,20,3,Delivery Time,2024-06-15,28
6439,5845,6453,10,3,Value for Money,2024-04-28,12
6440,72,27150,7,5,Value for Money,2024-03-25,10
6441,3923,1782,5,5,Cleanliness,2023-03-12,22
6442,1442,27981,5,3,Food Quality,2024-10-19,34
6443,911,31053,18,4,Cleanliness,2023-03-11,18
6444,2214,1760,12,4,Value for Money,2024-03-19,22
6445,2795,17729,10,4,Food Quality,2023-09-20,19
6446,563,9070,9,5,Value for Money,2023-08-01,40
6447,3609,23625,8,4,Food Quality,2024-07-20,13
6448,2173,1088,21,3,Delivery Time,2024-07-03,6
6449,6499,8163,10,3,Ambience,2023-11-09,14
6450,2172,30186,25,5,Delivery Time,2023-11-10,30
6451,4693,4291,3,5,Service,2024-03-29,9
6452,273,19106,28,4,Ambience,2024-03-09,33
6453,2603,9487,28,5,Cleanliness,2024-05-07,8
6454,1140,27026,1,5,Food Quality,2024-04-02,2
6455,4162,25388,4,5,Cleanliness,2024-01-26,19
6456,6525,5615,26,4,Delivery Time,2023-01-16,10
6457,1069,26261,28,4,Service,2023-07-18,31
6458,6650,30862,13,3,Delivery Time,2023-05-08,30
6459,4856,10797,21,4,Ambience,2024-07-05,30
6460,1655,26701,27,4,Ambience,2024-02-22,11
6461,5776,13784,2,1,Delivery Time,2024-03-01,11
6462,6900,14756,18,2,Value for Money,2024-03-05,
6463,4926,19398,12,4,Food Quality,2024-10-29,30
6464,4574,21032,28,3,Delivery Time,2024-01-27,14
6465,5729,28691,21,5,Food Quality,2024-10-04,40
6466,4476,12407,14,4,Value for Money,2023-04-21,29
6467,934,21687,10,3,Delivery Time,2023-01-03,15
6468,6798,12020,20,1,Ambience,2023-11-06,40
6469,4157,17053,10,3,Service,2023-03-06,30
6470,99999,999999,999,8,Cleanliness,2024-10-07,30
6471,6619,3873,20,5,Food Quality,2024-05-28,33
6472,1000,21330,15,4,Ambience,2023-10-15,30
6473,1980,7135,10,4,Food Quality,2023-10-26,
6474,5992,17166,26,2,Service,2023-09-10,31
6475,5913,2938,9,5,Delivery Time,2023-01-11,23
6476,4370,20964,27,3,Delivery Time,2023-03-30,20
6477,2711,29434,10,4,Food Quality,2023-02-23,38
6478,4906,22396,18,4,Service,2024-07-22,10
6479,22,24617,2,5,Value for Money,2023-10-18,7
6480,6916,7862,28,1,Cleanliness,2024-09-26,27
6481,6522,9643,20,3,Value for Money,2024-07-22,21
6482,484,17440,1,1,Value for Money,2024-02-09,25
6483,3715,28214,9,5,Food Quality,2024-09-06,35
6484,6452,5938,18,4,Food Quality,2024-02-26,19
6485,3862,31901,15,4,Service,2023-09-12,37
6486,4979,1991,2,4,Value for Money,2023-04-10,5
6487,3067,27714,25,4,Cleanliness,2023-10-25,26
6488,6765,31314,14,5,Value for Money,2023-07-23,6
6489,535,7106,2,5,Service,2023-10-15,10
6490,354,17889,4,3,Ambience,2024-02-23,17
6491,4624,18259,9,5,Delivery Time,2024-07-18,35
6492,507,21191,7,4,Ambience,2023-12-28,14
6493,6781,10867,12,5,Value for Money,2023-07-01,28
6494,4651,22577,14,1,Cleanliness,2024-01-25,13
6495,5316,25607,21,4,Cleanliness,2023-08-11,26
6496,6781,9482,12,3,Service,2023-09-29,28
6497,5233,3838,7,3,Food Quality,2023-03-08,8
6498,2284,545,2,4,Food Quality,2023-06-03,30
6499,929,17869,3,5,Cleanliness,2023-05-24,33
6500,1955,3437,22,4,Delivery Time,2023-04-23,39
